USE gestion_hotelera;
SET FOREIGN_KEY_CHECKS = 0;
INSERT INTO users (user_id, email, password_hash, user_role, created_at) VALUES (1000, 'luis.rodriguez587@hotel.com', '03ac674216f3e15c761ee1a5e255f067953623c8b388b4459e13f978d7c846f4', 'spa', '2023-11-25');
INSERT INTO users (user_id, email, password_hash, user_role, created_at) VALUES (1001, 'jose.lopez44@outlook.com', '03ac674216f3e15c761ee1a5e255f067953623c8b388b4459e13f978d7c846f4', 'spa', '2023-11-25');
INSERT INTO users (user_id, email, password_hash, user_role, created_at) VALUES (1002, 'pedro.sanchez544@hotel.com', '03ac674216f3e15c761ee1a5e255f067953623c8b388b4459e13f978d7c846f4', 'cliente', '2023-12-11');
INSERT INTO users (user_id, email, password_hash, user_role, created_at) VALUES (1003, 'miguel.hernandez331@outlook.com', '03ac674216f3e15c761ee1a5e255f067953623c8b388b4459e13f978d7c846f4', 'recepcion', '2023-06-07');
INSERT INTO users (user_id, email, password_hash, user_role, created_at) VALUES (1004, 'fernando.martinez209@gmail.com', '03ac674216f3e15c761ee1a5e255f067953623c8b388b4459e13f978d7c846f4', 'recepcion', '2023-11-24');
INSERT INTO users (user_id, email, password_hash, user_role, created_at) VALUES (1005, 'isabel.lopez394@hotel.com', '03ac674216f3e15c761ee1a5e255f067953623c8b388b4459e13f978d7c846f4', 'admin', '2023-02-15');
INSERT INTO users (user_id, email, password_hash, user_role, created_at) VALUES (1006, 'sofia.rodriguez772@hotel.com', '03ac674216f3e15c761ee1a5e255f067953623c8b388b4459e13f978d7c846f4', 'limpieza', '2023-12-28');
INSERT INTO users (user_id, email, password_hash, user_role, created_at) VALUES (1007, 'laura.martinez868@hotel.com', '03ac674216f3e15c761ee1a5e255f067953623c8b388b4459e13f978d7c846f4', 'recepcion', '2023-11-07');
INSERT INTO users (user_id, email, password_hash, user_role, created_at) VALUES (1008, 'carlos.perez49@hotmail.com', '03ac674216f3e15c761ee1a5e255f067953623c8b388b4459e13f978d7c846f4', 'cliente', '2023-06-05');
INSERT INTO users (user_id, email, password_hash, user_role, created_at) VALUES (1009, 'marta.hernandez651@yahoo.com', '03ac674216f3e15c761ee1a5e255f067953623c8b388b4459e13f978d7c846f4', 'admin', '2023-02-07');
INSERT INTO users (user_id, email, password_hash, user_role, created_at) VALUES (1010, 'ana.hernandez505@hotel.com', '03ac674216f3e15c761ee1a5e255f067953623c8b388b4459e13f978d7c846f4', 'limpieza', '2023-02-26');
INSERT INTO users (user_id, email, password_hash, user_role, created_at) VALUES (1011, 'carmen.diaz751@hotel.com', '03ac674216f3e15c761ee1a5e255f067953623c8b388b4459e13f978d7c846f4', 'spa', '2023-01-14');
INSERT INTO users (user_id, email, password_hash, user_role, created_at) VALUES (1012, 'jose.reyes341@hotel.com', '03ac674216f3e15c761ee1a5e255f067953623c8b388b4459e13f978d7c846f4', 'cliente', '2023-11-09');
INSERT INTO users (user_id, email, password_hash, user_role, created_at) VALUES (1013, 'david.sanchez597@hotmail.com', '03ac674216f3e15c761ee1a5e255f067953623c8b388b4459e13f978d7c846f4', 'limpieza', '2023-04-17');
INSERT INTO users (user_id, email, password_hash, user_role, created_at) VALUES (1014, 'carlos.ramirez488@gmail.com', '03ac674216f3e15c761ee1a5e255f067953623c8b388b4459e13f978d7c846f4', 'admin', '2023-04-29');
INSERT INTO users (user_id, email, password_hash, user_role, created_at) VALUES (1015, 'carmen.martinez885@hotmail.com', '03ac674216f3e15c761ee1a5e255f067953623c8b388b4459e13f978d7c846f4', 'recepcion', '2023-01-05');
INSERT INTO users (user_id, email, password_hash, user_role, created_at) VALUES (1016, 'carmen.rivera366@yahoo.com', '03ac674216f3e15c761ee1a5e255f067953623c8b388b4459e13f978d7c846f4', 'cliente', '2023-06-21');
INSERT INTO users (user_id, email, password_hash, user_role, created_at) VALUES (1017, 'lucia.reyes318@gmail.com', '03ac674216f3e15c761ee1a5e255f067953623c8b388b4459e13f978d7c846f4', 'recepcion', '2023-11-09');
INSERT INTO users (user_id, email, password_hash, user_role, created_at) VALUES (1018, 'lucia.reyes504@outlook.com', '03ac674216f3e15c761ee1a5e255f067953623c8b388b4459e13f978d7c846f4', 'cliente', '2023-10-30');
INSERT INTO users (user_id, email, password_hash, user_role, created_at) VALUES (1019, 'ana.perez24@gmail.com', '03ac674216f3e15c761ee1a5e255f067953623c8b388b4459e13f978d7c846f4', 'cliente', '2023-04-04');
INSERT INTO users (user_id, email, password_hash, user_role, created_at) VALUES (1020, 'sofia.gonzalez130@hotel.com', '03ac674216f3e15c761ee1a5e255f067953623c8b388b4459e13f978d7c846f4', 'recepcion', '2023-04-02');
INSERT INTO users (user_id, email, password_hash, user_role, created_at) VALUES (1021, 'lucia.torres546@hotmail.com', '03ac674216f3e15c761ee1a5e255f067953623c8b388b4459e13f978d7c846f4', 'limpieza', '2023-07-20');
INSERT INTO users (user_id, email, password_hash, user_role, created_at) VALUES (1022, 'miguel.diaz105@gmail.com', '03ac674216f3e15c761ee1a5e255f067953623c8b388b4459e13f978d7c846f4', 'recepcion', '2023-02-13');
INSERT INTO users (user_id, email, password_hash, user_role, created_at) VALUES (1023, 'miguel.hernandez754@outlook.com', '03ac674216f3e15c761ee1a5e255f067953623c8b388b4459e13f978d7c846f4', 'cliente', '2023-03-30');
INSERT INTO users (user_id, email, password_hash, user_role, created_at) VALUES (1024, 'juan.ramirez968@outlook.com', '03ac674216f3e15c761ee1a5e255f067953623c8b388b4459e13f978d7c846f4', 'limpieza', '2023-05-26');
INSERT INTO users (user_id, email, password_hash, user_role, created_at) VALUES (1025, 'carmen.martinez624@outlook.com', '03ac674216f3e15c761ee1a5e255f067953623c8b388b4459e13f978d7c846f4', 'admin', '2023-08-06');
INSERT INTO users (user_id, email, password_hash, user_role, created_at) VALUES (1026, 'miguel.gonzalez88@yahoo.com', '03ac674216f3e15c761ee1a5e255f067953623c8b388b4459e13f978d7c846f4', 'cliente', '2023-08-20');
INSERT INTO users (user_id, email, password_hash, user_role, created_at) VALUES (1027, 'sofia.martinez558@hotel.com', '03ac674216f3e15c761ee1a5e255f067953623c8b388b4459e13f978d7c846f4', 'admin', '2023-05-11');
INSERT INTO users (user_id, email, password_hash, user_role, created_at) VALUES (1028, 'roberto.lopez6@yahoo.com', '03ac674216f3e15c761ee1a5e255f067953623c8b388b4459e13f978d7c846f4', 'recepcion', '2023-03-15');
INSERT INTO users (user_id, email, password_hash, user_role, created_at) VALUES (1029, 'laura.sanchez722@hotmail.com', '03ac674216f3e15c761ee1a5e255f067953623c8b388b4459e13f978d7c846f4', 'spa', '2023-08-08');
INSERT INTO users (user_id, email, password_hash, user_role, created_at) VALUES (1030, 'luis.sanchez415@hotel.com', '03ac674216f3e15c761ee1a5e255f067953623c8b388b4459e13f978d7c846f4', 'limpieza', '2023-03-25');
INSERT INTO users (user_id, email, password_hash, user_role, created_at) VALUES (1031, 'miguel.gonzalez721@gmail.com', '03ac674216f3e15c761ee1a5e255f067953623c8b388b4459e13f978d7c846f4', 'admin', '2023-05-31');
INSERT INTO users (user_id, email, password_hash, user_role, created_at) VALUES (1032, 'jose.diaz181@hotmail.com', '03ac674216f3e15c761ee1a5e255f067953623c8b388b4459e13f978d7c846f4', 'admin', '2023-03-17');
INSERT INTO users (user_id, email, password_hash, user_role, created_at) VALUES (1033, 'jose.perez604@hotel.com', '03ac674216f3e15c761ee1a5e255f067953623c8b388b4459e13f978d7c846f4', 'limpieza', '2023-08-10');
INSERT INTO users (user_id, email, password_hash, user_role, created_at) VALUES (1034, 'carlos.hernandez670@outlook.com', '03ac674216f3e15c761ee1a5e255f067953623c8b388b4459e13f978d7c846f4', 'cliente', '2023-10-12');
INSERT INTO users (user_id, email, password_hash, user_role, created_at) VALUES (1035, 'elena.torres524@gmail.com', '03ac674216f3e15c761ee1a5e255f067953623c8b388b4459e13f978d7c846f4', 'limpieza', '2023-05-26');
INSERT INTO users (user_id, email, password_hash, user_role, created_at) VALUES (1036, 'jorge.reyes492@yahoo.com', '03ac674216f3e15c761ee1a5e255f067953623c8b388b4459e13f978d7c846f4', 'recepcion', '2023-03-12');
INSERT INTO users (user_id, email, password_hash, user_role, created_at) VALUES (1037, 'fernando.hernandez72@gmail.com', '03ac674216f3e15c761ee1a5e255f067953623c8b388b4459e13f978d7c846f4', 'limpieza', '2023-04-04');
INSERT INTO users (user_id, email, password_hash, user_role, created_at) VALUES (1038, 'carmen.hernandez192@hotmail.com', '03ac674216f3e15c761ee1a5e255f067953623c8b388b4459e13f978d7c846f4', 'recepcion', '2023-09-27');
INSERT INTO users (user_id, email, password_hash, user_role, created_at) VALUES (1039, 'pedro.lopez47@gmail.com', '03ac674216f3e15c761ee1a5e255f067953623c8b388b4459e13f978d7c846f4', 'admin', '2023-11-05');
INSERT INTO users (user_id, email, password_hash, user_role, created_at) VALUES (1040, 'isabel.martinez95@hotel.com', '03ac674216f3e15c761ee1a5e255f067953623c8b388b4459e13f978d7c846f4', 'spa', '2023-02-03');
INSERT INTO users (user_id, email, password_hash, user_role, created_at) VALUES (1041, 'sofia.gomez923@outlook.com', '03ac674216f3e15c761ee1a5e255f067953623c8b388b4459e13f978d7c846f4', 'admin', '2023-03-28');
INSERT INTO users (user_id, email, password_hash, user_role, created_at) VALUES (1042, 'juan.gomez35@gmail.com', '03ac674216f3e15c761ee1a5e255f067953623c8b388b4459e13f978d7c846f4', 'cliente', '2023-03-09');
INSERT INTO users (user_id, email, password_hash, user_role, created_at) VALUES (1043, 'david.lopez419@outlook.com', '03ac674216f3e15c761ee1a5e255f067953623c8b388b4459e13f978d7c846f4', 'admin', '2023-03-09');
INSERT INTO users (user_id, email, password_hash, user_role, created_at) VALUES (1044, 'miguel.garcia614@outlook.com', '03ac674216f3e15c761ee1a5e255f067953623c8b388b4459e13f978d7c846f4', 'limpieza', '2023-06-26');
INSERT INTO users (user_id, email, password_hash, user_role, created_at) VALUES (1045, 'elena.flores693@gmail.com', '03ac674216f3e15c761ee1a5e255f067953623c8b388b4459e13f978d7c846f4', 'limpieza', '2023-10-20');
INSERT INTO users (user_id, email, password_hash, user_role, created_at) VALUES (1046, 'jorge.torres860@outlook.com', '03ac674216f3e15c761ee1a5e255f067953623c8b388b4459e13f978d7c846f4', 'admin', '2023-09-06');
INSERT INTO users (user_id, email, password_hash, user_role, created_at) VALUES (1047, 'juan.sanchez348@hotmail.com', '03ac674216f3e15c761ee1a5e255f067953623c8b388b4459e13f978d7c846f4', 'cliente', '2023-10-22');
INSERT INTO users (user_id, email, password_hash, user_role, created_at) VALUES (1048, 'elena.torres271@yahoo.com', '03ac674216f3e15c761ee1a5e255f067953623c8b388b4459e13f978d7c846f4', 'limpieza', '2023-11-30');
INSERT INTO users (user_id, email, password_hash, user_role, created_at) VALUES (1049, 'pedro.gonzalez224@hotmail.com', '03ac674216f3e15c761ee1a5e255f067953623c8b388b4459e13f978d7c846f4', 'spa', '2023-09-25');
INSERT INTO clients (client_id, user_id, full_name, email, phone, address, created_at) VALUES (1000, NULL, 'Maria Rodriguez', 'maria.rodriguez5126@yahoo.com', '5541506674', 'Calle 13, Col. Centro', '2023-04-25');
INSERT INTO clients (client_id, user_id, full_name, email, phone, address, created_at) VALUES (1001, NULL, 'Ana Perez', 'ana.perez8393@hotel.com', '5529338302', 'Calle 26, Col. Centro', '2023-04-21');
INSERT INTO clients (client_id, user_id, full_name, email, phone, address, created_at) VALUES (1002, 1002, 'Laura Rodriguez', 'pedro.sanchez544@hotel.com', '5506449269', 'Calle 86, Col. Centro', '2023-03-16');
INSERT INTO clients (client_id, user_id, full_name, email, phone, address, created_at) VALUES (1003, NULL, 'Isabel Martinez', 'isabel.martinez1244@gmail.com', '5564190326', 'Calle 26, Col. Centro', '2023-06-25');
INSERT INTO clients (client_id, user_id, full_name, email, phone, address, created_at) VALUES (1004, NULL, 'Luis Sanchez', 'luis.sanchez8712@outlook.com', '5572077124', 'Calle 68, Col. Centro', '2023-06-16');
INSERT INTO clients (client_id, user_id, full_name, email, phone, address, created_at) VALUES (1005, NULL, 'Miguel Rivera', 'miguel.rivera9606@hotmail.com', '5543067875', 'Calle 90, Col. Centro', '2023-08-17');
INSERT INTO clients (client_id, user_id, full_name, email, phone, address, created_at) VALUES (1006, NULL, 'Lucia Rodriguez', 'lucia.rodriguez3808@gmail.com', '5572333140', 'Calle 15, Col. Centro', '2023-09-14');
INSERT INTO clients (client_id, user_id, full_name, email, phone, address, created_at) VALUES (1007, NULL, 'Jose Gomez', 'jose.gomez9460@outlook.com', '5541083179', 'Calle 13, Col. Centro', '2023-01-03');
INSERT INTO clients (client_id, user_id, full_name, email, phone, address, created_at) VALUES (1008, 1008, 'Maria Flores', 'carlos.perez49@hotmail.com', '5561432353', 'Calle 29, Col. Centro', '2023-01-07');
INSERT INTO clients (client_id, user_id, full_name, email, phone, address, created_at) VALUES (1009, NULL, 'Juan Rodriguez', 'juan.rodriguez3535@hotmail.com', '5580464567', 'Calle 24, Col. Centro', '2023-02-20');
INSERT INTO clients (client_id, user_id, full_name, email, phone, address, created_at) VALUES (1010, NULL, 'David Rodriguez', 'david.rodriguez7916@hotel.com', '5586548620', 'Calle 46, Col. Centro', '2023-09-03');
INSERT INTO clients (client_id, user_id, full_name, email, phone, address, created_at) VALUES (1011, NULL, 'Jose Garcia', 'jose.garcia3447@outlook.com', '5508176290', 'Calle 24, Col. Centro', '2023-06-11');
INSERT INTO clients (client_id, user_id, full_name, email, phone, address, created_at) VALUES (1012, 1012, 'Pedro Gomez', 'jose.reyes341@hotel.com', '5565603797', 'Calle 43, Col. Centro', '2023-01-25');
INSERT INTO clients (client_id, user_id, full_name, email, phone, address, created_at) VALUES (1013, NULL, 'Maria Martinez', 'maria.martinez8836@hotmail.com', '5564164573', 'Calle 84, Col. Centro', '2023-08-19');
INSERT INTO clients (client_id, user_id, full_name, email, phone, address, created_at) VALUES (1014, NULL, 'Isabel Reyes', 'isabel.reyes9756@hotmail.com', '5564581403', 'Calle 34, Col. Centro', '2023-01-21');
INSERT INTO clients (client_id, user_id, full_name, email, phone, address, created_at) VALUES (1015, NULL, 'Jorge Gonzalez', 'jorge.gonzalez1124@hotmail.com', '5546028058', 'Calle 40, Col. Centro', '2023-09-21');
INSERT INTO clients (client_id, user_id, full_name, email, phone, address, created_at) VALUES (1016, 1016, 'Maria Sanchez', 'carmen.rivera366@yahoo.com', '5535771531', 'Calle 23, Col. Centro', '2023-01-31');
INSERT INTO clients (client_id, user_id, full_name, email, phone, address, created_at) VALUES (1017, NULL, 'Miguel Ramirez', 'miguel.ramirez3476@gmail.com', '5548897885', 'Calle 9, Col. Centro', '2023-11-25');
INSERT INTO clients (client_id, user_id, full_name, email, phone, address, created_at) VALUES (1018, 1018, 'Marta Diaz', 'lucia.reyes504@outlook.com', '5536619119', 'Calle 84, Col. Centro', '2023-08-09');
INSERT INTO clients (client_id, user_id, full_name, email, phone, address, created_at) VALUES (1019, 1019, 'Roberto Perez', 'ana.perez24@gmail.com', '5576354514', 'Calle 31, Col. Centro', '2023-01-17');
INSERT INTO clients (client_id, user_id, full_name, email, phone, address, created_at) VALUES (1020, NULL, 'Carmen Reyes', 'carmen.reyes8719@yahoo.com', '5533043800', 'Calle 40, Col. Centro', '2023-10-17');
INSERT INTO clients (client_id, user_id, full_name, email, phone, address, created_at) VALUES (1021, NULL, 'Paula Sanchez', 'paula.sanchez6826@yahoo.com', '5559552722', 'Calle 75, Col. Centro', '2023-02-02');
INSERT INTO clients (client_id, user_id, full_name, email, phone, address, created_at) VALUES (1022, NULL, 'Sofia Hernandez', 'sofia.hernandez9168@hotmail.com', '5553659491', 'Calle 45, Col. Centro', '2023-02-01');
INSERT INTO clients (client_id, user_id, full_name, email, phone, address, created_at) VALUES (1023, 1023, 'David Garcia', 'miguel.hernandez754@outlook.com', '5541480192', 'Calle 53, Col. Centro', '2023-06-03');
INSERT INTO clients (client_id, user_id, full_name, email, phone, address, created_at) VALUES (1024, NULL, 'Pedro Sanchez', 'pedro.sanchez1577@hotmail.com', '5506460077', 'Calle 19, Col. Centro', '2023-04-02');
INSERT INTO clients (client_id, user_id, full_name, email, phone, address, created_at) VALUES (1025, NULL, 'Maria Rodriguez', 'maria.rodriguez9029@outlook.com', '5557269591', 'Calle 87, Col. Centro', '2023-07-05');
INSERT INTO clients (client_id, user_id, full_name, email, phone, address, created_at) VALUES (1026, 1026, 'Sofia Rodriguez', 'miguel.gonzalez88@yahoo.com', '5549185918', 'Calle 88, Col. Centro', '2023-06-18');
INSERT INTO clients (client_id, user_id, full_name, email, phone, address, created_at) VALUES (1027, NULL, 'David Lopez', 'david.lopez1361@hotel.com', '5501185715', 'Calle 87, Col. Centro', '2023-09-07');
INSERT INTO clients (client_id, user_id, full_name, email, phone, address, created_at) VALUES (1028, NULL, 'Carmen Rodriguez', 'carmen.rodriguez5978@hotmail.com', '5591754554', 'Calle 92, Col. Centro', '2023-12-05');
INSERT INTO clients (client_id, user_id, full_name, email, phone, address, created_at) VALUES (1029, NULL, 'Elena Hernandez', 'elena.hernandez1358@outlook.com', '5526281890', 'Calle 14, Col. Centro', '2023-03-26');
INSERT INTO clients (client_id, user_id, full_name, email, phone, address, created_at) VALUES (1030, NULL, 'David Reyes', 'david.reyes5874@outlook.com', '5556320406', 'Calle 70, Col. Centro', '2023-03-17');
INSERT INTO clients (client_id, user_id, full_name, email, phone, address, created_at) VALUES (1031, NULL, 'David Sanchez', 'david.sanchez6155@yahoo.com', '5533324522', 'Calle 55, Col. Centro', '2023-12-06');
INSERT INTO clients (client_id, user_id, full_name, email, phone, address, created_at) VALUES (1032, NULL, 'Maria Sanchez', 'maria.sanchez5978@outlook.com', '5542742995', 'Calle 94, Col. Centro', '2023-04-20');
INSERT INTO clients (client_id, user_id, full_name, email, phone, address, created_at) VALUES (1033, NULL, 'Maria Garcia', 'maria.garcia8425@outlook.com', '5537665123', 'Calle 91, Col. Centro', '2023-08-05');
INSERT INTO clients (client_id, user_id, full_name, email, phone, address, created_at) VALUES (1034, 1034, 'Miguel Martinez', 'carlos.hernandez670@outlook.com', '5582888894', 'Calle 9, Col. Centro', '2023-07-18');
INSERT INTO clients (client_id, user_id, full_name, email, phone, address, created_at) VALUES (1035, NULL, 'Ana Rivera', 'ana.rivera4886@hotmail.com', '5574634638', 'Calle 9, Col. Centro', '2023-01-06');
INSERT INTO clients (client_id, user_id, full_name, email, phone, address, created_at) VALUES (1036, NULL, 'Marta Rodriguez', 'marta.rodriguez8707@gmail.com', '5590359360', 'Calle 76, Col. Centro', '2023-01-08');
INSERT INTO clients (client_id, user_id, full_name, email, phone, address, created_at) VALUES (1037, NULL, 'David Ramirez', 'david.ramirez8251@yahoo.com', '5544773287', 'Calle 3, Col. Centro', '2023-11-30');
INSERT INTO clients (client_id, user_id, full_name, email, phone, address, created_at) VALUES (1038, NULL, 'Maria Flores', 'maria.flores2879@yahoo.com', '5519665392', 'Calle 59, Col. Centro', '2023-07-05');
INSERT INTO clients (client_id, user_id, full_name, email, phone, address, created_at) VALUES (1039, NULL, 'David Gonzalez', 'david.gonzalez6512@outlook.com', '5501481148', 'Calle 83, Col. Centro', '2023-02-08');
INSERT INTO clients (client_id, user_id, full_name, email, phone, address, created_at) VALUES (1040, NULL, 'Jorge Ramirez', 'jorge.ramirez8642@yahoo.com', '5590154877', 'Calle 80, Col. Centro', '2023-10-19');
INSERT INTO clients (client_id, user_id, full_name, email, phone, address, created_at) VALUES (1041, NULL, 'Roberto Rodriguez', 'roberto.rodriguez5348@hotel.com', '5558253296', 'Calle 66, Col. Centro', '2023-06-06');
INSERT INTO clients (client_id, user_id, full_name, email, phone, address, created_at) VALUES (1042, 1042, 'Fernando Diaz', 'juan.gomez35@gmail.com', '5519949915', 'Calle 97, Col. Centro', '2023-09-18');
INSERT INTO clients (client_id, user_id, full_name, email, phone, address, created_at) VALUES (1043, NULL, 'Maria Martinez', 'maria.martinez8237@hotel.com', '5530583277', 'Calle 21, Col. Centro', '2023-06-20');
INSERT INTO clients (client_id, user_id, full_name, email, phone, address, created_at) VALUES (1044, NULL, 'Elena Hernandez', 'elena.hernandez3495@gmail.com', '5598221743', 'Calle 40, Col. Centro', '2023-07-10');
INSERT INTO clients (client_id, user_id, full_name, email, phone, address, created_at) VALUES (1045, NULL, 'Laura Sanchez', 'laura.sanchez4752@yahoo.com', '5521500846', 'Calle 51, Col. Centro', '2023-07-20');
INSERT INTO clients (client_id, user_id, full_name, email, phone, address, created_at) VALUES (1046, NULL, 'Miguel Garcia', 'miguel.garcia7471@hotel.com', '5566780965', 'Calle 24, Col. Centro', '2023-02-18');
INSERT INTO clients (client_id, user_id, full_name, email, phone, address, created_at) VALUES (1047, 1047, 'Lucia Perez', 'juan.sanchez348@hotmail.com', '5572227448', 'Calle 86, Col. Centro', '2023-11-17');
INSERT INTO clients (client_id, user_id, full_name, email, phone, address, created_at) VALUES (1048, NULL, 'Elena Hernandez', 'elena.hernandez2864@hotel.com', '5525571699', 'Calle 30, Col. Centro', '2023-12-01');
INSERT INTO clients (client_id, user_id, full_name, email, phone, address, created_at) VALUES (1049, NULL, 'Roberto Gonzalez', 'roberto.gonzalez9093@yahoo.com', '5595456003', 'Calle 3, Col. Centro', '2023-11-14');
INSERT INTO clients (client_id, user_id, full_name, email, phone, address, created_at) VALUES (1050, NULL, 'Laura Hernandez', 'laura.hernandez6444@hotmail.com', '5526267634', 'Calle 2, Col. Centro', '2023-02-10');
INSERT INTO clients (client_id, user_id, full_name, email, phone, address, created_at) VALUES (1051, NULL, 'Carmen Gomez', 'carmen.gomez7437@yahoo.com', '5528317048', 'Calle 31, Col. Centro', '2023-09-09');
INSERT INTO clients (client_id, user_id, full_name, email, phone, address, created_at) VALUES (1052, NULL, 'Fernando Lopez', 'fernando.lopez2188@outlook.com', '5531659880', 'Calle 90, Col. Centro', '2023-02-16');
INSERT INTO clients (client_id, user_id, full_name, email, phone, address, created_at) VALUES (1053, NULL, 'Juan Flores', 'juan.flores9408@hotmail.com', '5534198705', 'Calle 10, Col. Centro', '2023-01-30');
INSERT INTO clients (client_id, user_id, full_name, email, phone, address, created_at) VALUES (1054, NULL, 'Lucia Sanchez', 'lucia.sanchez7379@outlook.com', '5534365435', 'Calle 84, Col. Centro', '2023-06-19');
INSERT INTO clients (client_id, user_id, full_name, email, phone, address, created_at) VALUES (1055, NULL, 'Roberto Lopez', 'roberto.lopez4539@yahoo.com', '5566468770', 'Calle 9, Col. Centro', '2023-01-07');
INSERT INTO clients (client_id, user_id, full_name, email, phone, address, created_at) VALUES (1056, NULL, 'Carlos Torres', 'carlos.torres6698@hotel.com', '5585550186', 'Calle 25, Col. Centro', '2023-04-28');
INSERT INTO clients (client_id, user_id, full_name, email, phone, address, created_at) VALUES (1057, NULL, 'Jose Perez', 'jose.perez2701@hotel.com', '5552645595', 'Calle 92, Col. Centro', '2023-12-05');
INSERT INTO clients (client_id, user_id, full_name, email, phone, address, created_at) VALUES (1058, NULL, 'Elena Lopez', 'elena.lopez8198@yahoo.com', '5594945077', 'Calle 29, Col. Centro', '2023-06-10');
INSERT INTO clients (client_id, user_id, full_name, email, phone, address, created_at) VALUES (1059, NULL, 'Maria Reyes', 'maria.reyes2868@hotmail.com', '5577011435', 'Calle 73, Col. Centro', '2023-08-25');
INSERT INTO clients (client_id, user_id, full_name, email, phone, address, created_at) VALUES (1060, NULL, 'Miguel Torres', 'miguel.torres3743@hotmail.com', '5557600239', 'Calle 15, Col. Centro', '2023-08-22');
INSERT INTO clients (client_id, user_id, full_name, email, phone, address, created_at) VALUES (1061, NULL, 'Paula Rodriguez', 'paula.rodriguez5011@hotel.com', '5549082895', 'Calle 60, Col. Centro', '2023-02-24');
INSERT INTO clients (client_id, user_id, full_name, email, phone, address, created_at) VALUES (1062, NULL, 'Luis Hernandez', 'luis.hernandez3100@outlook.com', '5527391392', 'Calle 90, Col. Centro', '2023-04-14');
INSERT INTO clients (client_id, user_id, full_name, email, phone, address, created_at) VALUES (1063, NULL, 'David Reyes', 'david.reyes2620@hotel.com', '5538078226', 'Calle 69, Col. Centro', '2023-01-21');
INSERT INTO clients (client_id, user_id, full_name, email, phone, address, created_at) VALUES (1064, NULL, 'Laura Gonzalez', 'laura.gonzalez9005@outlook.com', '5539519424', 'Calle 57, Col. Centro', '2023-06-07');
INSERT INTO clients (client_id, user_id, full_name, email, phone, address, created_at) VALUES (1065, NULL, 'Jorge Perez', 'jorge.perez8385@outlook.com', '5532147126', 'Calle 57, Col. Centro', '2023-11-03');
INSERT INTO clients (client_id, user_id, full_name, email, phone, address, created_at) VALUES (1066, NULL, 'Lucia Reyes', 'lucia.reyes8438@hotel.com', '5585685565', 'Calle 20, Col. Centro', '2023-09-27');
INSERT INTO clients (client_id, user_id, full_name, email, phone, address, created_at) VALUES (1067, NULL, 'Paula Reyes', 'paula.reyes2356@yahoo.com', '5504956313', 'Calle 43, Col. Centro', '2023-12-12');
INSERT INTO clients (client_id, user_id, full_name, email, phone, address, created_at) VALUES (1068, NULL, 'Paula Rodriguez', 'paula.rodriguez2379@hotmail.com', '5542444014', 'Calle 26, Col. Centro', '2023-04-30');
INSERT INTO clients (client_id, user_id, full_name, email, phone, address, created_at) VALUES (1069, NULL, 'Ana Hernandez', 'ana.hernandez1491@gmail.com', '5515377253', 'Calle 43, Col. Centro', '2023-03-12');
INSERT INTO clients (client_id, user_id, full_name, email, phone, address, created_at) VALUES (1070, NULL, 'Lucia Reyes', 'lucia.reyes9355@hotel.com', '5557338828', 'Calle 95, Col. Centro', '2023-12-10');
INSERT INTO clients (client_id, user_id, full_name, email, phone, address, created_at) VALUES (1071, NULL, 'Luis Reyes', 'luis.reyes5944@hotmail.com', '5566988864', 'Calle 23, Col. Centro', '2023-01-06');
INSERT INTO clients (client_id, user_id, full_name, email, phone, address, created_at) VALUES (1072, NULL, 'Carlos Gomez', 'carlos.gomez7967@outlook.com', '5558273059', 'Calle 24, Col. Centro', '2023-06-26');
INSERT INTO clients (client_id, user_id, full_name, email, phone, address, created_at) VALUES (1073, NULL, 'Maria Gonzalez', 'maria.gonzalez2836@gmail.com', '5501981273', 'Calle 97, Col. Centro', '2023-08-09');
INSERT INTO clients (client_id, user_id, full_name, email, phone, address, created_at) VALUES (1074, NULL, 'Pedro Rivera', 'pedro.rivera4165@yahoo.com', '5514517910', 'Calle 53, Col. Centro', '2023-10-31');
INSERT INTO clients (client_id, user_id, full_name, email, phone, address, created_at) VALUES (1075, NULL, 'Ana Lopez', 'ana.lopez1903@outlook.com', '5565013959', 'Calle 64, Col. Centro', '2023-11-18');
INSERT INTO clients (client_id, user_id, full_name, email, phone, address, created_at) VALUES (1076, NULL, 'Maria Torres', 'maria.torres6521@hotel.com', '5568633609', 'Calle 65, Col. Centro', '2023-04-11');
INSERT INTO clients (client_id, user_id, full_name, email, phone, address, created_at) VALUES (1077, NULL, 'Carlos Sanchez', 'carlos.sanchez7023@gmail.com', '5542300045', 'Calle 23, Col. Centro', '2023-08-07');
INSERT INTO clients (client_id, user_id, full_name, email, phone, address, created_at) VALUES (1078, NULL, 'Paula Rivera', 'paula.rivera9759@gmail.com', '5550845529', 'Calle 98, Col. Centro', '2023-04-13');
INSERT INTO clients (client_id, user_id, full_name, email, phone, address, created_at) VALUES (1079, NULL, 'Roberto Torres', 'roberto.torres7006@outlook.com', '5563687237', 'Calle 29, Col. Centro', '2023-05-01');
INSERT INTO clients (client_id, user_id, full_name, email, phone, address, created_at) VALUES (1080, NULL, 'Lucia Hernandez', 'lucia.hernandez9843@yahoo.com', '5510269929', 'Calle 44, Col. Centro', '2023-02-26');
INSERT INTO clients (client_id, user_id, full_name, email, phone, address, created_at) VALUES (1081, NULL, 'Fernando Martinez', 'fernando.martinez1145@gmail.com', '5527581208', 'Calle 82, Col. Centro', '2023-11-07');
INSERT INTO clients (client_id, user_id, full_name, email, phone, address, created_at) VALUES (1082, NULL, 'Ana Torres', 'ana.torres7266@yahoo.com', '5530243238', 'Calle 29, Col. Centro', '2023-02-25');
INSERT INTO clients (client_id, user_id, full_name, email, phone, address, created_at) VALUES (1083, NULL, 'Carlos Rodriguez', 'carlos.rodriguez6617@gmail.com', '5586040394', 'Calle 56, Col. Centro', '2023-11-03');
INSERT INTO clients (client_id, user_id, full_name, email, phone, address, created_at) VALUES (1084, NULL, 'Juan Garcia', 'juan.garcia6947@gmail.com', '5525113356', 'Calle 82, Col. Centro', '2023-08-08');
INSERT INTO clients (client_id, user_id, full_name, email, phone, address, created_at) VALUES (1085, NULL, 'Lucia Rodriguez', 'lucia.rodriguez5755@outlook.com', '5555476757', 'Calle 9, Col. Centro', '2023-08-28');
INSERT INTO clients (client_id, user_id, full_name, email, phone, address, created_at) VALUES (1086, NULL, 'Paula Sanchez', 'paula.sanchez4895@hotel.com', '5534466570', 'Calle 39, Col. Centro', '2023-10-10');
INSERT INTO clients (client_id, user_id, full_name, email, phone, address, created_at) VALUES (1087, NULL, 'Sofia Rodriguez', 'sofia.rodriguez6829@outlook.com', '5589620297', 'Calle 95, Col. Centro', '2023-12-26');
INSERT INTO clients (client_id, user_id, full_name, email, phone, address, created_at) VALUES (1088, NULL, 'Carmen Flores', 'carmen.flores9112@hotmail.com', '5516939531', 'Calle 35, Col. Centro', '2023-12-12');
INSERT INTO clients (client_id, user_id, full_name, email, phone, address, created_at) VALUES (1089, NULL, 'Maria Hernandez', 'maria.hernandez7471@gmail.com', '5591196471', 'Calle 47, Col. Centro', '2023-11-22');
INSERT INTO clients (client_id, user_id, full_name, email, phone, address, created_at) VALUES (1090, NULL, 'Sofia Hernandez', 'sofia.hernandez2447@hotel.com', '5550858822', 'Calle 17, Col. Centro', '2023-08-12');
INSERT INTO clients (client_id, user_id, full_name, email, phone, address, created_at) VALUES (1091, NULL, 'Laura Gomez', 'laura.gomez8942@hotmail.com', '5584059987', 'Calle 48, Col. Centro', '2023-08-26');
INSERT INTO clients (client_id, user_id, full_name, email, phone, address, created_at) VALUES (1092, NULL, 'Maria Rivera', 'maria.rivera3321@hotmail.com', '5596217513', 'Calle 83, Col. Centro', '2023-07-02');
INSERT INTO clients (client_id, user_id, full_name, email, phone, address, created_at) VALUES (1093, NULL, 'Maria Garcia', 'maria.garcia3268@yahoo.com', '5589846762', 'Calle 17, Col. Centro', '2023-05-05');
INSERT INTO clients (client_id, user_id, full_name, email, phone, address, created_at) VALUES (1094, NULL, 'Jorge Gomez', 'jorge.gomez3465@gmail.com', '5596011613', 'Calle 94, Col. Centro', '2023-05-11');
INSERT INTO clients (client_id, user_id, full_name, email, phone, address, created_at) VALUES (1095, NULL, 'Pedro Gomez', 'pedro.gomez2761@hotmail.com', '5579867033', 'Calle 84, Col. Centro', '2023-03-21');
INSERT INTO clients (client_id, user_id, full_name, email, phone, address, created_at) VALUES (1096, NULL, 'Juan Martinez', 'juan.martinez4362@gmail.com', '5581256756', 'Calle 80, Col. Centro', '2023-12-16');
INSERT INTO clients (client_id, user_id, full_name, email, phone, address, created_at) VALUES (1097, NULL, 'Roberto Flores', 'roberto.flores6806@gmail.com', '5530455835', 'Calle 51, Col. Centro', '2023-05-09');
INSERT INTO clients (client_id, user_id, full_name, email, phone, address, created_at) VALUES (1098, NULL, 'Lucia Torres', 'lucia.torres4008@hotel.com', '5527112333', 'Calle 67, Col. Centro', '2023-12-14');
INSERT INTO clients (client_id, user_id, full_name, email, phone, address, created_at) VALUES (1099, NULL, 'Lucia Diaz', 'lucia.diaz7714@hotel.com', '5586625936', 'Calle 86, Col. Centro', '2023-08-13');
INSERT INTO clients (client_id, user_id, full_name, email, phone, address, created_at) VALUES (1100, NULL, 'Jose Hernandez', 'jose.hernandez5911@gmail.com', '5591804288', 'Calle 28, Col. Centro', '2023-03-20');
INSERT INTO clients (client_id, user_id, full_name, email, phone, address, created_at) VALUES (1101, NULL, 'Carlos Torres', 'carlos.torres2556@hotel.com', '5534164388', 'Calle 15, Col. Centro', '2023-09-23');
INSERT INTO clients (client_id, user_id, full_name, email, phone, address, created_at) VALUES (1102, NULL, 'Miguel Gomez', 'miguel.gomez1711@hotel.com', '5567283080', 'Calle 82, Col. Centro', '2023-07-08');
INSERT INTO clients (client_id, user_id, full_name, email, phone, address, created_at) VALUES (1103, NULL, 'Miguel Gonzalez', 'miguel.gonzalez1569@outlook.com', '5531658858', 'Calle 96, Col. Centro', '2023-08-03');
INSERT INTO clients (client_id, user_id, full_name, email, phone, address, created_at) VALUES (1104, NULL, 'Luis Perez', 'luis.perez1352@hotmail.com', '5536344281', 'Calle 31, Col. Centro', '2023-01-30');
INSERT INTO clients (client_id, user_id, full_name, email, phone, address, created_at) VALUES (1105, NULL, 'Ana Lopez', 'ana.lopez2487@outlook.com', '5559671426', 'Calle 22, Col. Centro', '2023-10-21');
INSERT INTO clients (client_id, user_id, full_name, email, phone, address, created_at) VALUES (1106, NULL, 'Marta Gonzalez', 'marta.gonzalez6241@yahoo.com', '5577384682', 'Calle 7, Col. Centro', '2023-02-08');
INSERT INTO clients (client_id, user_id, full_name, email, phone, address, created_at) VALUES (1107, NULL, 'Maria Gomez', 'maria.gomez7977@outlook.com', '5511711227', 'Calle 53, Col. Centro', '2023-09-18');
INSERT INTO clients (client_id, user_id, full_name, email, phone, address, created_at) VALUES (1108, NULL, 'Marta Martinez', 'marta.martinez8108@hotmail.com', '5558781139', 'Calle 9, Col. Centro', '2023-11-11');
INSERT INTO clients (client_id, user_id, full_name, email, phone, address, created_at) VALUES (1109, NULL, 'David Lopez', 'david.lopez7706@yahoo.com', '5527817451', 'Calle 73, Col. Centro', '2023-09-26');
INSERT INTO clients (client_id, user_id, full_name, email, phone, address, created_at) VALUES (1110, NULL, 'Carlos Flores', 'carlos.flores1723@hotel.com', '5599794603', 'Calle 19, Col. Centro', '2023-05-13');
INSERT INTO clients (client_id, user_id, full_name, email, phone, address, created_at) VALUES (1111, NULL, 'Pedro Sanchez', 'pedro.sanchez6500@gmail.com', '5555741414', 'Calle 84, Col. Centro', '2023-01-01');
INSERT INTO clients (client_id, user_id, full_name, email, phone, address, created_at) VALUES (1112, NULL, 'Maria Perez', 'maria.perez3002@hotmail.com', '5535783230', 'Calle 18, Col. Centro', '2023-02-11');
INSERT INTO clients (client_id, user_id, full_name, email, phone, address, created_at) VALUES (1113, NULL, 'Marta Ramirez', 'marta.ramirez5762@yahoo.com', '5566632566', 'Calle 29, Col. Centro', '2023-05-09');
INSERT INTO clients (client_id, user_id, full_name, email, phone, address, created_at) VALUES (1114, NULL, 'Carmen Diaz', 'carmen.diaz8999@hotel.com', '5568645244', 'Calle 14, Col. Centro', '2023-01-12');
INSERT INTO clients (client_id, user_id, full_name, email, phone, address, created_at) VALUES (1115, NULL, 'David Hernandez', 'david.hernandez6292@yahoo.com', '5541807732', 'Calle 12, Col. Centro', '2023-02-27');
INSERT INTO clients (client_id, user_id, full_name, email, phone, address, created_at) VALUES (1116, NULL, 'Roberto Reyes', 'roberto.reyes8599@hotmail.com', '5586336862', 'Calle 20, Col. Centro', '2023-09-29');
INSERT INTO clients (client_id, user_id, full_name, email, phone, address, created_at) VALUES (1117, NULL, 'Juan Perez', 'juan.perez7569@outlook.com', '5565480254', 'Calle 74, Col. Centro', '2023-10-09');
INSERT INTO clients (client_id, user_id, full_name, email, phone, address, created_at) VALUES (1118, NULL, 'Lucia Hernandez', 'lucia.hernandez1343@hotmail.com', '5507660883', 'Calle 61, Col. Centro', '2023-03-02');
INSERT INTO clients (client_id, user_id, full_name, email, phone, address, created_at) VALUES (1119, NULL, 'Lucia Hernandez', 'lucia.hernandez1432@gmail.com', '5588825413', 'Calle 16, Col. Centro', '2023-06-29');
INSERT INTO clients (client_id, user_id, full_name, email, phone, address, created_at) VALUES (1120, NULL, 'David Sanchez', 'david.sanchez9835@yahoo.com', '5527382404', 'Calle 73, Col. Centro', '2023-01-23');
INSERT INTO clients (client_id, user_id, full_name, email, phone, address, created_at) VALUES (1121, NULL, 'Elena Sanchez', 'elena.sanchez6290@yahoo.com', '5596383221', 'Calle 81, Col. Centro', '2023-05-18');
INSERT INTO clients (client_id, user_id, full_name, email, phone, address, created_at) VALUES (1122, NULL, 'Jose Ramirez', 'jose.ramirez3272@gmail.com', '5522781796', 'Calle 72, Col. Centro', '2023-12-05');
INSERT INTO clients (client_id, user_id, full_name, email, phone, address, created_at) VALUES (1123, NULL, 'Marta Flores', 'marta.flores5280@hotmail.com', '5514219209', 'Calle 28, Col. Centro', '2023-05-18');
INSERT INTO clients (client_id, user_id, full_name, email, phone, address, created_at) VALUES (1124, NULL, 'Fernando Lopez', 'fernando.lopez6559@outlook.com', '5595752891', 'Calle 92, Col. Centro', '2023-04-26');
INSERT INTO clients (client_id, user_id, full_name, email, phone, address, created_at) VALUES (1125, NULL, 'Fernando Torres', 'fernando.torres9376@yahoo.com', '5581014853', 'Calle 23, Col. Centro', '2023-06-09');
INSERT INTO clients (client_id, user_id, full_name, email, phone, address, created_at) VALUES (1126, NULL, 'Roberto Rodriguez', 'roberto.rodriguez5755@yahoo.com', '5592687365', 'Calle 21, Col. Centro', '2023-02-02');
INSERT INTO clients (client_id, user_id, full_name, email, phone, address, created_at) VALUES (1127, NULL, 'Pedro Ramirez', 'pedro.ramirez3576@hotel.com', '5535548492', 'Calle 78, Col. Centro', '2023-03-27');
INSERT INTO clients (client_id, user_id, full_name, email, phone, address, created_at) VALUES (1128, NULL, 'Elena Gonzalez', 'elena.gonzalez9466@hotel.com', '5506181976', 'Calle 84, Col. Centro', '2023-11-19');
INSERT INTO clients (client_id, user_id, full_name, email, phone, address, created_at) VALUES (1129, NULL, 'Pedro Ramirez', 'pedro.ramirez7258@gmail.com', '5547138080', 'Calle 11, Col. Centro', '2023-07-07');
INSERT INTO clients (client_id, user_id, full_name, email, phone, address, created_at) VALUES (1130, NULL, 'Miguel Flores', 'miguel.flores3810@hotmail.com', '5528344660', 'Calle 21, Col. Centro', '2023-07-18');
INSERT INTO clients (client_id, user_id, full_name, email, phone, address, created_at) VALUES (1131, NULL, 'Pedro Reyes', 'pedro.reyes1114@hotmail.com', '5569252886', 'Calle 67, Col. Centro', '2023-04-08');
INSERT INTO clients (client_id, user_id, full_name, email, phone, address, created_at) VALUES (1132, NULL, 'Roberto Perez', 'roberto.perez3153@gmail.com', '5549885917', 'Calle 39, Col. Centro', '2023-05-12');
INSERT INTO clients (client_id, user_id, full_name, email, phone, address, created_at) VALUES (1133, NULL, 'Juan Flores', 'juan.flores6586@hotel.com', '5524529558', 'Calle 49, Col. Centro', '2023-11-17');
INSERT INTO clients (client_id, user_id, full_name, email, phone, address, created_at) VALUES (1134, NULL, 'Isabel Martinez', 'isabel.martinez2046@outlook.com', '5502790026', 'Calle 1, Col. Centro', '2023-03-16');
INSERT INTO clients (client_id, user_id, full_name, email, phone, address, created_at) VALUES (1135, NULL, 'Pedro Gomez', 'pedro.gomez4465@gmail.com', '5561212091', 'Calle 52, Col. Centro', '2023-03-14');
INSERT INTO clients (client_id, user_id, full_name, email, phone, address, created_at) VALUES (1136, NULL, 'Marta Reyes', 'marta.reyes1880@hotmail.com', '5512485896', 'Calle 70, Col. Centro', '2023-01-09');
INSERT INTO clients (client_id, user_id, full_name, email, phone, address, created_at) VALUES (1137, NULL, 'Maria Flores', 'maria.flores7214@hotel.com', '5552649920', 'Calle 51, Col. Centro', '2023-06-17');
INSERT INTO clients (client_id, user_id, full_name, email, phone, address, created_at) VALUES (1138, NULL, 'Miguel Reyes', 'miguel.reyes1235@outlook.com', '5533323655', 'Calle 34, Col. Centro', '2023-11-07');
INSERT INTO clients (client_id, user_id, full_name, email, phone, address, created_at) VALUES (1139, NULL, 'Miguel Martinez', 'miguel.martinez9056@yahoo.com', '5504990303', 'Calle 66, Col. Centro', '2023-12-14');
INSERT INTO clients (client_id, user_id, full_name, email, phone, address, created_at) VALUES (1140, NULL, 'Marta Torres', 'marta.torres7710@outlook.com', '5578512725', 'Calle 28, Col. Centro', '2023-08-23');
INSERT INTO clients (client_id, user_id, full_name, email, phone, address, created_at) VALUES (1141, NULL, 'Ana Flores', 'ana.flores5032@outlook.com', '5576087186', 'Calle 10, Col. Centro', '2023-06-06');
INSERT INTO clients (client_id, user_id, full_name, email, phone, address, created_at) VALUES (1142, NULL, 'David Torres', 'david.torres2878@yahoo.com', '5560215317', 'Calle 23, Col. Centro', '2023-09-16');
INSERT INTO clients (client_id, user_id, full_name, email, phone, address, created_at) VALUES (1143, NULL, 'Roberto Ramirez', 'roberto.ramirez5669@yahoo.com', '5597707951', 'Calle 45, Col. Centro', '2023-06-15');
INSERT INTO clients (client_id, user_id, full_name, email, phone, address, created_at) VALUES (1144, NULL, 'Paula Garcia', 'paula.garcia6028@hotmail.com', '5518186676', 'Calle 79, Col. Centro', '2023-10-12');
INSERT INTO clients (client_id, user_id, full_name, email, phone, address, created_at) VALUES (1145, NULL, 'Carlos Lopez', 'carlos.lopez4054@yahoo.com', '5526837884', 'Calle 70, Col. Centro', '2023-10-29');
INSERT INTO clients (client_id, user_id, full_name, email, phone, address, created_at) VALUES (1146, NULL, 'Sofia Torres', 'sofia.torres8480@hotel.com', '5512624153', 'Calle 85, Col. Centro', '2023-12-07');
INSERT INTO clients (client_id, user_id, full_name, email, phone, address, created_at) VALUES (1147, NULL, 'Elena Perez', 'elena.perez4766@gmail.com', '5526967568', 'Calle 53, Col. Centro', '2023-09-03');
INSERT INTO clients (client_id, user_id, full_name, email, phone, address, created_at) VALUES (1148, NULL, 'Maria Diaz', 'maria.diaz7558@hotel.com', '5572424872', 'Calle 17, Col. Centro', '2023-07-17');
INSERT INTO clients (client_id, user_id, full_name, email, phone, address, created_at) VALUES (1149, NULL, 'Pedro Gonzalez', 'pedro.gonzalez1596@gmail.com', '5578566066', 'Calle 93, Col. Centro', '2023-05-19');
INSERT INTO clients (client_id, user_id, full_name, email, phone, address, created_at) VALUES (1150, NULL, 'Paula Diaz', 'paula.diaz8916@hotel.com', '5545903915', 'Calle 66, Col. Centro', '2023-07-12');
INSERT INTO clients (client_id, user_id, full_name, email, phone, address, created_at) VALUES (1151, NULL, 'Sofia Torres', 'sofia.torres9119@gmail.com', '5508574238', 'Calle 4, Col. Centro', '2023-02-26');
INSERT INTO clients (client_id, user_id, full_name, email, phone, address, created_at) VALUES (1152, NULL, 'Marta Rodriguez', 'marta.rodriguez5994@outlook.com', '5552725655', 'Calle 69, Col. Centro', '2023-08-05');
INSERT INTO clients (client_id, user_id, full_name, email, phone, address, created_at) VALUES (1153, NULL, 'Fernando Hernandez', 'fernando.hernandez3798@hotmail.com', '5588068804', 'Calle 19, Col. Centro', '2023-07-14');
INSERT INTO clients (client_id, user_id, full_name, email, phone, address, created_at) VALUES (1154, NULL, 'Maria Rodriguez', 'maria.rodriguez6764@yahoo.com', '5501068929', 'Calle 61, Col. Centro', '2023-02-25');
INSERT INTO clients (client_id, user_id, full_name, email, phone, address, created_at) VALUES (1155, NULL, 'Carlos Reyes', 'carlos.reyes8837@outlook.com', '5558390492', 'Calle 15, Col. Centro', '2023-09-25');
INSERT INTO clients (client_id, user_id, full_name, email, phone, address, created_at) VALUES (1156, NULL, 'Ana Garcia', 'ana.garcia4944@hotmail.com', '5574579326', 'Calle 42, Col. Centro', '2023-09-21');
INSERT INTO clients (client_id, user_id, full_name, email, phone, address, created_at) VALUES (1157, NULL, 'Isabel Perez', 'isabel.perez6330@hotmail.com', '5573015915', 'Calle 14, Col. Centro', '2023-04-15');
INSERT INTO clients (client_id, user_id, full_name, email, phone, address, created_at) VALUES (1158, NULL, 'Carlos Sanchez', 'carlos.sanchez8061@yahoo.com', '5514195691', 'Calle 69, Col. Centro', '2023-10-24');
INSERT INTO clients (client_id, user_id, full_name, email, phone, address, created_at) VALUES (1159, NULL, 'Maria Garcia', 'maria.garcia8277@gmail.com', '5514690056', 'Calle 49, Col. Centro', '2023-06-20');
INSERT INTO clients (client_id, user_id, full_name, email, phone, address, created_at) VALUES (1160, NULL, 'Isabel Sanchez', 'isabel.sanchez5681@hotel.com', '5535194004', 'Calle 65, Col. Centro', '2023-03-17');
INSERT INTO clients (client_id, user_id, full_name, email, phone, address, created_at) VALUES (1161, NULL, 'Carmen Flores', 'carmen.flores8781@hotel.com', '5512717146', 'Calle 81, Col. Centro', '2023-10-28');
INSERT INTO clients (client_id, user_id, full_name, email, phone, address, created_at) VALUES (1162, NULL, 'Roberto Rivera', 'roberto.rivera1638@gmail.com', '5585534326', 'Calle 42, Col. Centro', '2023-06-13');
INSERT INTO clients (client_id, user_id, full_name, email, phone, address, created_at) VALUES (1163, NULL, 'Luis Flores', 'luis.flores7000@gmail.com', '5549276143', 'Calle 37, Col. Centro', '2023-11-30');
INSERT INTO clients (client_id, user_id, full_name, email, phone, address, created_at) VALUES (1164, NULL, 'Paula Gonzalez', 'paula.gonzalez8496@hotmail.com', '5539156693', 'Calle 61, Col. Centro', '2023-07-17');
INSERT INTO clients (client_id, user_id, full_name, email, phone, address, created_at) VALUES (1165, NULL, 'Fernando Ramirez', 'fernando.ramirez1308@gmail.com', '5567055619', 'Calle 29, Col. Centro', '2023-05-17');
INSERT INTO clients (client_id, user_id, full_name, email, phone, address, created_at) VALUES (1166, NULL, 'Luis Garcia', 'luis.garcia1860@hotmail.com', '5553202426', 'Calle 41, Col. Centro', '2023-08-13');
INSERT INTO clients (client_id, user_id, full_name, email, phone, address, created_at) VALUES (1167, NULL, 'Luis Rivera', 'luis.rivera9883@yahoo.com', '5592782408', 'Calle 59, Col. Centro', '2023-10-18');
INSERT INTO clients (client_id, user_id, full_name, email, phone, address, created_at) VALUES (1168, NULL, 'Sofia Reyes', 'sofia.reyes1846@gmail.com', '5517654701', 'Calle 66, Col. Centro', '2023-06-16');
INSERT INTO clients (client_id, user_id, full_name, email, phone, address, created_at) VALUES (1169, NULL, 'Juan Gomez', 'juan.gomez7189@yahoo.com', '5532877729', 'Calle 22, Col. Centro', '2023-04-13');
INSERT INTO clients (client_id, user_id, full_name, email, phone, address, created_at) VALUES (1170, NULL, 'David Torres', 'david.torres8388@yahoo.com', '5586054200', 'Calle 35, Col. Centro', '2023-11-14');
INSERT INTO clients (client_id, user_id, full_name, email, phone, address, created_at) VALUES (1171, NULL, 'Luis Sanchez', 'luis.sanchez5173@yahoo.com', '5558567919', 'Calle 26, Col. Centro', '2023-02-10');
INSERT INTO clients (client_id, user_id, full_name, email, phone, address, created_at) VALUES (1172, NULL, 'Elena Lopez', 'elena.lopez6074@gmail.com', '5525378824', 'Calle 23, Col. Centro', '2023-04-04');
INSERT INTO clients (client_id, user_id, full_name, email, phone, address, created_at) VALUES (1173, NULL, 'Carlos Gomez', 'carlos.gomez8272@gmail.com', '5521695039', 'Calle 72, Col. Centro', '2023-04-08');
INSERT INTO clients (client_id, user_id, full_name, email, phone, address, created_at) VALUES (1174, NULL, 'Roberto Perez', 'roberto.perez1093@hotmail.com', '5580241960', 'Calle 32, Col. Centro', '2023-05-11');
INSERT INTO clients (client_id, user_id, full_name, email, phone, address, created_at) VALUES (1175, NULL, 'Miguel Garcia', 'miguel.garcia3864@hotmail.com', '5558791387', 'Calle 68, Col. Centro', '2023-11-23');
INSERT INTO clients (client_id, user_id, full_name, email, phone, address, created_at) VALUES (1176, NULL, 'Fernando Torres', 'fernando.torres4450@outlook.com', '5583638726', 'Calle 27, Col. Centro', '2023-06-23');
INSERT INTO clients (client_id, user_id, full_name, email, phone, address, created_at) VALUES (1177, NULL, 'Fernando Lopez', 'fernando.lopez8026@outlook.com', '5519940352', 'Calle 8, Col. Centro', '2023-01-24');
INSERT INTO clients (client_id, user_id, full_name, email, phone, address, created_at) VALUES (1178, NULL, 'Jose Gomez', 'jose.gomez1411@gmail.com', '5590761709', 'Calle 16, Col. Centro', '2023-03-28');
INSERT INTO clients (client_id, user_id, full_name, email, phone, address, created_at) VALUES (1179, NULL, 'Fernando Hernandez', 'fernando.hernandez7325@outlook.com', '5560599517', 'Calle 58, Col. Centro', '2023-05-06');
INSERT INTO clients (client_id, user_id, full_name, email, phone, address, created_at) VALUES (1180, NULL, 'Pedro Reyes', 'pedro.reyes7695@outlook.com', '5545866221', 'Calle 43, Col. Centro', '2023-03-18');
INSERT INTO clients (client_id, user_id, full_name, email, phone, address, created_at) VALUES (1181, NULL, 'Elena Rivera', 'elena.rivera2476@gmail.com', '5580386513', 'Calle 31, Col. Centro', '2023-01-20');
INSERT INTO clients (client_id, user_id, full_name, email, phone, address, created_at) VALUES (1182, NULL, 'Roberto Hernandez', 'roberto.hernandez9953@hotmail.com', '5528051176', 'Calle 33, Col. Centro', '2023-07-18');
INSERT INTO clients (client_id, user_id, full_name, email, phone, address, created_at) VALUES (1183, NULL, 'Elena Gonzalez', 'elena.gonzalez9149@gmail.com', '5527248051', 'Calle 95, Col. Centro', '2023-09-01');
INSERT INTO clients (client_id, user_id, full_name, email, phone, address, created_at) VALUES (1184, NULL, 'Sofia Flores', 'sofia.flores4156@hotmail.com', '5598084832', 'Calle 74, Col. Centro', '2023-03-15');
INSERT INTO clients (client_id, user_id, full_name, email, phone, address, created_at) VALUES (1185, NULL, 'Laura Gonzalez', 'laura.gonzalez5066@hotel.com', '5584281421', 'Calle 45, Col. Centro', '2023-10-22');
INSERT INTO clients (client_id, user_id, full_name, email, phone, address, created_at) VALUES (1186, NULL, 'Paula Rodriguez', 'paula.rodriguez7053@gmail.com', '5564141620', 'Calle 98, Col. Centro', '2023-08-21');
INSERT INTO clients (client_id, user_id, full_name, email, phone, address, created_at) VALUES (1187, NULL, 'David Ramirez', 'david.ramirez9015@gmail.com', '5543132424', 'Calle 96, Col. Centro', '2023-12-30');
INSERT INTO clients (client_id, user_id, full_name, email, phone, address, created_at) VALUES (1188, NULL, 'Elena Diaz', 'elena.diaz3033@yahoo.com', '5569460915', 'Calle 50, Col. Centro', '2023-07-01');
INSERT INTO clients (client_id, user_id, full_name, email, phone, address, created_at) VALUES (1189, NULL, 'Isabel Lopez', 'isabel.lopez2618@gmail.com', '5597755927', 'Calle 20, Col. Centro', '2023-02-22');
INSERT INTO clients (client_id, user_id, full_name, email, phone, address, created_at) VALUES (1190, NULL, 'Luis Garcia', 'luis.garcia8584@hotmail.com', '5537090012', 'Calle 37, Col. Centro', '2023-02-15');
INSERT INTO clients (client_id, user_id, full_name, email, phone, address, created_at) VALUES (1191, NULL, 'Jose Lopez', 'jose.lopez7262@yahoo.com', '5521083364', 'Calle 76, Col. Centro', '2023-05-02');
INSERT INTO clients (client_id, user_id, full_name, email, phone, address, created_at) VALUES (1192, NULL, 'Isabel Hernandez', 'isabel.hernandez1377@yahoo.com', '5539670669', 'Calle 62, Col. Centro', '2023-09-06');
INSERT INTO clients (client_id, user_id, full_name, email, phone, address, created_at) VALUES (1193, NULL, 'Jorge Martinez', 'jorge.martinez1967@hotmail.com', '5575530018', 'Calle 91, Col. Centro', '2023-06-18');
INSERT INTO clients (client_id, user_id, full_name, email, phone, address, created_at) VALUES (1194, NULL, 'Roberto Hernandez', 'roberto.hernandez3860@gmail.com', '5584416675', 'Calle 72, Col. Centro', '2023-07-16');
INSERT INTO clients (client_id, user_id, full_name, email, phone, address, created_at) VALUES (1195, NULL, 'Maria Martinez', 'maria.martinez9198@hotmail.com', '5595643438', 'Calle 62, Col. Centro', '2023-06-18');
INSERT INTO clients (client_id, user_id, full_name, email, phone, address, created_at) VALUES (1196, NULL, 'Marta Ramirez', 'marta.ramirez7427@yahoo.com', '5583283260', 'Calle 61, Col. Centro', '2023-02-22');
INSERT INTO clients (client_id, user_id, full_name, email, phone, address, created_at) VALUES (1197, NULL, 'Carmen Gonzalez', 'carmen.gonzalez1671@yahoo.com', '5571720457', 'Calle 56, Col. Centro', '2023-04-27');
INSERT INTO clients (client_id, user_id, full_name, email, phone, address, created_at) VALUES (1198, NULL, 'Marta Rodriguez', 'marta.rodriguez3488@outlook.com', '5517252214', 'Calle 23, Col. Centro', '2023-03-03');
INSERT INTO clients (client_id, user_id, full_name, email, phone, address, created_at) VALUES (1199, NULL, 'Isabel Ramirez', 'isabel.ramirez9999@hotel.com', '5547118443', 'Calle 69, Col. Centro', '2023-11-05');
INSERT INTO rooms (room_id, room_num, room_type, capacity, price, status, created_at) VALUES (1000, 101, 'suite', 6, 4500, 'disponible', NOW());
INSERT INTO rooms (room_id, room_num, room_type, capacity, price, status, created_at) VALUES (1001, 102, 'suite', 6, 4500, 'disponible', NOW());
INSERT INTO rooms (room_id, room_num, room_type, capacity, price, status, created_at) VALUES (1002, 103, 'doble', 4, 2200, 'disponible', NOW());
INSERT INTO rooms (room_id, room_num, room_type, capacity, price, status, created_at) VALUES (1003, 104, 'doble', 4, 2200, 'disponible', NOW());
INSERT INTO rooms (room_id, room_num, room_type, capacity, price, status, created_at) VALUES (1004, 105, 'doble', 4, 2200, 'ocupada', NOW());
INSERT INTO rooms (room_id, room_num, room_type, capacity, price, status, created_at) VALUES (1005, 106, 'sencilla', 2, 1200, 'mantenimiento', NOW());
INSERT INTO rooms (room_id, room_num, room_type, capacity, price, status, created_at) VALUES (1006, 107, 'sencilla', 2, 1200, 'disponible', NOW());
INSERT INTO rooms (room_id, room_num, room_type, capacity, price, status, created_at) VALUES (1007, 108, 'doble', 4, 2200, 'mantenimiento', NOW());
INSERT INTO rooms (room_id, room_num, room_type, capacity, price, status, created_at) VALUES (1008, 109, 'sencilla', 2, 1200, 'ocupada', NOW());
INSERT INTO rooms (room_id, room_num, room_type, capacity, price, status, created_at) VALUES (1009, 110, 'sencilla', 2, 1200, 'disponible', NOW());
INSERT INTO rooms (room_id, room_num, room_type, capacity, price, status, created_at) VALUES (1010, 201, 'sencilla', 2, 1200, 'disponible', NOW());
INSERT INTO rooms (room_id, room_num, room_type, capacity, price, status, created_at) VALUES (1011, 202, 'sencilla', 2, 1200, 'mantenimiento', NOW());
INSERT INTO rooms (room_id, room_num, room_type, capacity, price, status, created_at) VALUES (1012, 203, 'sencilla', 2, 1200, 'disponible', NOW());
INSERT INTO rooms (room_id, room_num, room_type, capacity, price, status, created_at) VALUES (1013, 204, 'doble', 4, 2200, 'disponible', NOW());
INSERT INTO rooms (room_id, room_num, room_type, capacity, price, status, created_at) VALUES (1014, 205, 'doble', 4, 2200, 'ocupada', NOW());
INSERT INTO rooms (room_id, room_num, room_type, capacity, price, status, created_at) VALUES (1015, 206, 'suite', 6, 4500, 'disponible', NOW());
INSERT INTO rooms (room_id, room_num, room_type, capacity, price, status, created_at) VALUES (1016, 207, 'doble', 4, 2200, 'disponible', NOW());
INSERT INTO rooms (room_id, room_num, room_type, capacity, price, status, created_at) VALUES (1017, 208, 'suite', 6, 4500, 'mantenimiento', NOW());
INSERT INTO rooms (room_id, room_num, room_type, capacity, price, status, created_at) VALUES (1018, 209, 'doble', 4, 2200, 'disponible', NOW());
INSERT INTO rooms (room_id, room_num, room_type, capacity, price, status, created_at) VALUES (1019, 210, 'doble', 4, 2200, 'ocupada', NOW());
INSERT INTO rooms (room_id, room_num, room_type, capacity, price, status, created_at) VALUES (1020, 301, 'suite', 6, 4500, 'mantenimiento', NOW());
INSERT INTO rooms (room_id, room_num, room_type, capacity, price, status, created_at) VALUES (1021, 302, 'suite', 6, 4500, 'disponible', NOW());
INSERT INTO rooms (room_id, room_num, room_type, capacity, price, status, created_at) VALUES (1022, 303, 'doble', 4, 2200, 'disponible', NOW());
INSERT INTO rooms (room_id, room_num, room_type, capacity, price, status, created_at) VALUES (1023, 304, 'suite', 6, 4500, 'ocupada', NOW());
INSERT INTO rooms (room_id, room_num, room_type, capacity, price, status, created_at) VALUES (1024, 305, 'doble', 4, 2200, 'ocupada', NOW());
INSERT INTO rooms (room_id, room_num, room_type, capacity, price, status, created_at) VALUES (1025, 306, 'sencilla', 2, 1200, 'disponible', NOW());
INSERT INTO rooms (room_id, room_num, room_type, capacity, price, status, created_at) VALUES (1026, 307, 'doble', 4, 2200, 'mantenimiento', NOW());
INSERT INTO rooms (room_id, room_num, room_type, capacity, price, status, created_at) VALUES (1027, 308, 'sencilla', 2, 1200, 'ocupada', NOW());
INSERT INTO rooms (room_id, room_num, room_type, capacity, price, status, created_at) VALUES (1028, 309, 'sencilla', 2, 1200, 'disponible', NOW());
INSERT INTO rooms (room_id, room_num, room_type, capacity, price, status, created_at) VALUES (1029, 310, 'doble', 4, 2200, 'disponible', NOW());
INSERT INTO rooms (room_id, room_num, room_type, capacity, price, status, created_at) VALUES (1030, 401, 'suite', 6, 4500, 'ocupada', NOW());
INSERT INTO rooms (room_id, room_num, room_type, capacity, price, status, created_at) VALUES (1031, 402, 'suite', 6, 4500, 'ocupada', NOW());
INSERT INTO rooms (room_id, room_num, room_type, capacity, price, status, created_at) VALUES (1032, 403, 'suite', 6, 4500, 'disponible', NOW());
INSERT INTO rooms (room_id, room_num, room_type, capacity, price, status, created_at) VALUES (1033, 404, 'suite', 6, 4500, 'disponible', NOW());
INSERT INTO rooms (room_id, room_num, room_type, capacity, price, status, created_at) VALUES (1034, 405, 'doble', 4, 2200, 'ocupada', NOW());
INSERT INTO rooms (room_id, room_num, room_type, capacity, price, status, created_at) VALUES (1035, 406, 'sencilla', 2, 1200, 'disponible', NOW());
INSERT INTO rooms (room_id, room_num, room_type, capacity, price, status, created_at) VALUES (1036, 407, 'suite', 6, 4500, 'disponible', NOW());
INSERT INTO rooms (room_id, room_num, room_type, capacity, price, status, created_at) VALUES (1037, 408, 'doble', 4, 2200, 'disponible', NOW());
INSERT INTO rooms (room_id, room_num, room_type, capacity, price, status, created_at) VALUES (1038, 409, 'suite', 6, 4500, 'disponible', NOW());
INSERT INTO rooms (room_id, room_num, room_type, capacity, price, status, created_at) VALUES (1039, 410, 'sencilla', 2, 1200, 'disponible', NOW());
INSERT INTO rooms (room_id, room_num, room_type, capacity, price, status, created_at) VALUES (1040, 501, 'sencilla', 2, 1200, 'disponible', NOW());
INSERT INTO rooms (room_id, room_num, room_type, capacity, price, status, created_at) VALUES (1041, 502, 'doble', 4, 2200, 'disponible', NOW());
INSERT INTO rooms (room_id, room_num, room_type, capacity, price, status, created_at) VALUES (1042, 503, 'suite', 6, 4500, 'disponible', NOW());
INSERT INTO rooms (room_id, room_num, room_type, capacity, price, status, created_at) VALUES (1043, 504, 'suite', 6, 4500, 'disponible', NOW());
INSERT INTO rooms (room_id, room_num, room_type, capacity, price, status, created_at) VALUES (1044, 505, 'sencilla', 2, 1200, 'mantenimiento', NOW());
INSERT INTO rooms (room_id, room_num, room_type, capacity, price, status, created_at) VALUES (1045, 506, 'suite', 6, 4500, 'disponible', NOW());
INSERT INTO rooms (room_id, room_num, room_type, capacity, price, status, created_at) VALUES (1046, 507, 'doble', 4, 2200, 'disponible', NOW());
INSERT INTO rooms (room_id, room_num, room_type, capacity, price, status, created_at) VALUES (1047, 508, 'doble', 4, 2200, 'mantenimiento', NOW());
INSERT INTO rooms (room_id, room_num, room_type, capacity, price, status, created_at) VALUES (1048, 509, 'sencilla', 2, 1200, 'disponible', NOW());
INSERT INTO rooms (room_id, room_num, room_type, capacity, price, status, created_at) VALUES (1049, 510, 'suite', 6, 4500, 'disponible', NOW());
INSERT INTO staff (staff_id, full_name, staff_role, area, hire_date, active, created_at) VALUES (1000, 'David Ramirez', 'mantenimiento', 'Facilities', '2022-06-04', 1, NOW());
INSERT INTO staff (staff_id, full_name, staff_role, area, hire_date, active, created_at) VALUES (1001, 'Roberto Garcia', 'mantenimiento', 'Facilities', '2023-01-07', 0, NOW());
INSERT INTO staff (staff_id, full_name, staff_role, area, hire_date, active, created_at) VALUES (1002, 'Jose Gomez', 'mantenimiento', 'Facilities', '2021-01-05', 0, NOW());
INSERT INTO staff (staff_id, full_name, staff_role, area, hire_date, active, created_at) VALUES (1003, 'Carmen Ramirez', 'spa', 'Wellness', '2023-07-07', 0, NOW());
INSERT INTO staff (staff_id, full_name, staff_role, area, hire_date, active, created_at) VALUES (1004, 'Fernando Flores', 'spa', 'Wellness', '2022-11-19', 1, NOW());
INSERT INTO staff (staff_id, full_name, staff_role, area, hire_date, active, created_at) VALUES (1005, 'David Gonzalez', 'recepcion', 'Front Desk', '2022-04-27', 1, NOW());
INSERT INTO staff (staff_id, full_name, staff_role, area, hire_date, active, created_at) VALUES (1006, 'Pedro Garcia', 'gerente', 'General', '2021-02-10', 1, NOW());
INSERT INTO staff (staff_id, full_name, staff_role, area, hire_date, active, created_at) VALUES (1007, 'Roberto Rodriguez', 'gerente', 'General', '2021-01-15', 0, NOW());
INSERT INTO staff (staff_id, full_name, staff_role, area, hire_date, active, created_at) VALUES (1008, 'Sofia Rivera', 'mantenimiento', 'Facilities', '2021-06-25', 1, NOW());
INSERT INTO staff (staff_id, full_name, staff_role, area, hire_date, active, created_at) VALUES (1009, 'Fernando Lopez', 'recepcion', 'Front Desk', '2021-08-14', 1, NOW());
INSERT INTO staff (staff_id, full_name, staff_role, area, hire_date, active, created_at) VALUES (1010, 'Jorge Hernandez', 'spa', 'Wellness', '2022-12-24', 1, NOW());
INSERT INTO staff (staff_id, full_name, staff_role, area, hire_date, active, created_at) VALUES (1011, 'Jorge Lopez', 'mantenimiento', 'Facilities', '2020-07-29', 1, NOW());
INSERT INTO staff (staff_id, full_name, staff_role, area, hire_date, active, created_at) VALUES (1012, 'Juan Gonzalez', 'recepcion', 'Front Desk', '2020-08-02', 1, NOW());
INSERT INTO staff (staff_id, full_name, staff_role, area, hire_date, active, created_at) VALUES (1013, 'Roberto Torres', 'supervisor', 'General', '2020-08-18', 1, NOW());
INSERT INTO staff (staff_id, full_name, staff_role, area, hire_date, active, created_at) VALUES (1014, 'Juan Rodriguez', 'mantenimiento', 'Facilities', '2021-08-14', 1, NOW());
INSERT INTO staff (staff_id, full_name, staff_role, area, hire_date, active, created_at) VALUES (1015, 'Miguel Rivera', 'recepcion', 'Front Desk', '2020-11-27', 1, NOW());
INSERT INTO staff (staff_id, full_name, staff_role, area, hire_date, active, created_at) VALUES (1016, 'Paula Sanchez', 'camarista', 'General', '2020-01-06', 1, NOW());
INSERT INTO staff (staff_id, full_name, staff_role, area, hire_date, active, created_at) VALUES (1017, 'Carlos Gomez', 'supervisor', 'General', '2021-10-20', 1, NOW());
INSERT INTO staff (staff_id, full_name, staff_role, area, hire_date, active, created_at) VALUES (1018, 'Laura Lopez', 'supervisor', 'General', '2021-12-03', 1, NOW());
INSERT INTO staff (staff_id, full_name, staff_role, area, hire_date, active, created_at) VALUES (1019, 'Pedro Sanchez', 'supervisor', 'General', '2023-01-06', 1, NOW());
INSERT INTO services (service_id, service_code, name, description, price, status, created_at) VALUES (1000, 'SPA01', 'Masaje Relajante', 'Masaje de 60 min', 800, 'activo', NOW());
INSERT INTO services (service_id, service_code, name, description, price, status, created_at) VALUES (1001, 'SPA02', 'Facial', 'Limpieza facial profunda', 600, 'activo', NOW());
INSERT INTO services (service_id, service_code, name, description, price, status, created_at) VALUES (1002, 'ROOM01', 'Desayuno Americano', 'Huevos, tocino, cafe', 250, 'activo', NOW());
INSERT INTO services (service_id, service_code, name, description, price, status, created_at) VALUES (1003, 'ROOM02', 'Cena Romantica', 'Cena para 2 en habitacion', 1500, 'activo', NOW());
INSERT INTO services (service_id, service_code, name, description, price, status, created_at) VALUES (1004, 'TOUR01', 'Tour Ciudad', 'Recorrido turistico', 400, 'activo', NOW());
INSERT INTO services (service_id, service_code, name, description, price, status, created_at) VALUES (1005, 'BAR01', 'Botella Vino', 'Vino tinto de la casa', 500, 'activo', NOW());
INSERT INTO services (service_id, service_code, name, description, price, status, created_at) VALUES (1006, 'LAV01', 'Lavanderia', 'Servicio de lavanderia por bolsa', 150, 'activo', NOW());
INSERT INTO reservations (reservation_id, reservation_code, client_id, room_id, guest_name, guest_email, guest_phone, checkin_date, checkout_date, total, status, created_at) VALUES (1000, 'R-EA7C0311', 1166, 1002, 'Luis Garcia', 'luis.garcia1860@hotmail.com', '5585545274', '2024-07-21', '2024-07-24', 6600, 'facturada', NOW());
INSERT INTO reservation_services (reservation_id, service_id, quantity, unit_price, added_at, service_date) VALUES (1000, 1005, 1, 500, '2024-07-23 10:00:00', '2024-07-23');
INSERT INTO reservation_services (reservation_id, service_id, quantity, unit_price, added_at, service_date) VALUES (1000, 1000, 3, 800, '2024-07-21 10:00:00', '2024-07-21');
INSERT INTO invoices (invoice_code, reservation_id, total, method, invoice_date, created_at) VALUES ('I-18EBE656', 1000, 9500, 'transferencia', '2024-07-24', NOW());
INSERT INTO reservations (reservation_id, reservation_code, client_id, room_id, guest_name, guest_email, guest_phone, checkin_date, checkout_date, total, status, created_at) VALUES (1001, 'R-601BCF8C', 1014, 1048, 'Isabel Reyes', 'isabel.reyes9756@hotmail.com', '5540274098', '2024-09-29', '2024-10-01', 2400, 'checkout', NOW());
INSERT INTO reservation_services (reservation_id, service_id, quantity, unit_price, added_at, service_date) VALUES (1001, 1002, 1, 250, '2024-09-30 10:00:00', '2024-09-30');
INSERT INTO reservation_services (reservation_id, service_id, quantity, unit_price, added_at, service_date) VALUES (1001, 1000, 1, 800, '2024-09-30 10:00:00', '2024-09-30');
INSERT INTO reservation_services (reservation_id, service_id, quantity, unit_price, added_at, service_date) VALUES (1001, 1001, 1, 600, '2024-09-29 10:00:00', '2024-09-29');
INSERT INTO reservation_services (reservation_id, service_id, quantity, unit_price, added_at, service_date) VALUES (1001, 1005, 2, 500, '2024-09-29 10:00:00', '2024-09-29');
INSERT INTO reservations (reservation_id, reservation_code, client_id, room_id, guest_name, guest_email, guest_phone, checkin_date, checkout_date, total, status, created_at) VALUES (1002, 'R-4029045E', 1087, 1014, 'Sofia Rodriguez', 'sofia.rodriguez6829@outlook.com', '5576588666', '2025-05-30', '2025-06-02', 6600, 'checkout', NOW());
INSERT INTO reservation_services (reservation_id, service_id, quantity, unit_price, added_at, service_date) VALUES (1002, 1002, 2, 250, '2025-06-01 10:00:00', '2025-06-01');
INSERT INTO reservation_services (reservation_id, service_id, quantity, unit_price, added_at, service_date) VALUES (1002, 1005, 2, 500, '2025-06-01 10:00:00', '2025-06-01');
INSERT INTO reservation_services (reservation_id, service_id, quantity, unit_price, added_at, service_date) VALUES (1002, 1001, 1, 600, '2025-05-30 10:00:00', '2025-05-30');
INSERT INTO reservation_services (reservation_id, service_id, quantity, unit_price, added_at, service_date) VALUES (1002, 1005, 2, 500, '2025-05-31 10:00:00', '2025-05-31');
INSERT INTO reservation_services (reservation_id, service_id, quantity, unit_price, added_at, service_date) VALUES (1002, 1000, 1, 800, '2025-06-01 10:00:00', '2025-06-01');
INSERT INTO reservations (reservation_id, reservation_code, client_id, room_id, guest_name, guest_email, guest_phone, checkin_date, checkout_date, total, status, created_at) VALUES (1003, 'R-49B0D87D', 1006, 1049, 'Lucia Rodriguez', 'lucia.rodriguez3808@gmail.com', '5591684242', '2024-07-04', '2024-07-08', 18000, 'facturada', NOW());
INSERT INTO reservation_services (reservation_id, service_id, quantity, unit_price, added_at, service_date) VALUES (1003, 1004, 2, 400, '2024-07-07 10:00:00', '2024-07-07');
INSERT INTO reservation_services (reservation_id, service_id, quantity, unit_price, added_at, service_date) VALUES (1003, 1003, 3, 1500, '2024-07-05 10:00:00', '2024-07-05');
INSERT INTO invoices (invoice_code, reservation_id, total, method, invoice_date, created_at) VALUES ('I-6F194F4E', 1003, 23300, 'efectivo', '2024-07-08', NOW());
INSERT INTO reservations (reservation_id, reservation_code, client_id, room_id, guest_name, guest_email, guest_phone, checkin_date, checkout_date, total, status, created_at) VALUES (1004, 'R-72295770', 1184, 1021, 'Sofia Flores', 'sofia.flores4156@hotmail.com', '5597309428', '2024-04-10', '2024-04-12', 9000, 'checkout', NOW());
INSERT INTO reservation_services (reservation_id, service_id, quantity, unit_price, added_at, service_date) VALUES (1004, 1004, 2, 400, '2024-04-11 10:00:00', '2024-04-11');
INSERT INTO reservations (reservation_id, reservation_code, client_id, room_id, guest_name, guest_email, guest_phone, checkin_date, checkout_date, total, status, created_at) VALUES (1005, 'R-B42F70A4', 1188, 1010, 'Elena Diaz', 'elena.diaz3033@yahoo.com', '5585507487', '2025-01-06', '2025-01-12', 7200, 'facturada', NOW());
INSERT INTO reservation_services (reservation_id, service_id, quantity, unit_price, added_at, service_date) VALUES (1005, 1001, 1, 600, '2025-01-09 10:00:00', '2025-01-09');
INSERT INTO reservation_services (reservation_id, service_id, quantity, unit_price, added_at, service_date) VALUES (1005, 1001, 2, 600, '2025-01-10 10:00:00', '2025-01-10');
INSERT INTO reservation_services (reservation_id, service_id, quantity, unit_price, added_at, service_date) VALUES (1005, 1002, 2, 250, '2025-01-11 10:00:00', '2025-01-11');
INSERT INTO invoices (invoice_code, reservation_id, total, method, invoice_date, created_at) VALUES ('I-6BC067D1', 1005, 9500, 'efectivo', '2025-01-12', NOW());
INSERT INTO reservations (reservation_id, reservation_code, client_id, room_id, guest_name, guest_email, guest_phone, checkin_date, checkout_date, total, status, created_at) VALUES (1006, 'R-12D561B0', 1084, 1012, 'Juan Garcia', 'juan.garcia6947@gmail.com', '5525952657', '2024-06-10', '2024-06-14', 4800, 'facturada', NOW());
INSERT INTO reservation_services (reservation_id, service_id, quantity, unit_price, added_at, service_date) VALUES (1006, 1006, 1, 150, '2024-06-11 10:00:00', '2024-06-11');
INSERT INTO reservation_services (reservation_id, service_id, quantity, unit_price, added_at, service_date) VALUES (1006, 1006, 1, 150, '2024-06-13 10:00:00', '2024-06-13');
INSERT INTO reservation_services (reservation_id, service_id, quantity, unit_price, added_at, service_date) VALUES (1006, 1004, 3, 400, '2024-06-10 10:00:00', '2024-06-10');
INSERT INTO invoices (invoice_code, reservation_id, total, method, invoice_date, created_at) VALUES ('I-A149E13B', 1006, 6300, 'tarjeta', '2024-06-14', NOW());
INSERT INTO reservations (reservation_id, reservation_code, client_id, room_id, guest_name, guest_email, guest_phone, checkin_date, checkout_date, total, status, created_at) VALUES (1007, 'R-AF70F0AD', 1123, 1033, 'Marta Flores', 'marta.flores5280@hotmail.com', '5517412554', '2024-03-29', '2024-04-05', 31500, 'cancelada', NOW());
INSERT INTO reservations (reservation_id, reservation_code, client_id, room_id, guest_name, guest_email, guest_phone, checkin_date, checkout_date, total, status, created_at) VALUES (1008, 'R-9D6A12BF', 1154, 1041, 'Maria Rodriguez', 'maria.rodriguez6764@yahoo.com', '5599947129', '2025-04-22', '2025-04-23', 2200, 'checkout', NOW());
INSERT INTO reservation_services (reservation_id, service_id, quantity, unit_price, added_at, service_date) VALUES (1008, 1001, 3, 600, '2025-04-22 10:00:00', '2025-04-22');
INSERT INTO reservation_services (reservation_id, service_id, quantity, unit_price, added_at, service_date) VALUES (1008, 1004, 2, 400, '2025-04-22 10:00:00', '2025-04-22');
INSERT INTO reservations (reservation_id, reservation_code, client_id, room_id, guest_name, guest_email, guest_phone, checkin_date, checkout_date, total, status, created_at) VALUES (1009, 'R-6036C8B2', 1048, 1004, 'Elena Hernandez', 'elena.hernandez2864@hotel.com', '5572406028', '2024-12-24', '2024-12-29', 11000, 'facturada', NOW());
INSERT INTO reservation_services (reservation_id, service_id, quantity, unit_price, added_at, service_date) VALUES (1009, 1005, 1, 500, '2024-12-28 10:00:00', '2024-12-28');
INSERT INTO invoices (invoice_code, reservation_id, total, method, invoice_date, created_at) VALUES ('I-5DA4640D', 1009, 11500, 'efectivo', '2024-12-29', NOW());
INSERT INTO reservations (reservation_id, reservation_code, client_id, room_id, guest_name, guest_email, guest_phone, checkin_date, checkout_date, total, status, created_at) VALUES (1010, 'R-8AF1313E', 1097, 1005, 'Roberto Flores', 'roberto.flores6806@gmail.com', '5556113514', '2024-03-10', '2024-03-14', 4800, 'facturada', NOW());
INSERT INTO invoices (invoice_code, reservation_id, total, method, invoice_date, created_at) VALUES ('I-121F63BC', 1010, 4800, 'efectivo', '2024-03-14', NOW());
INSERT INTO reservations (reservation_id, reservation_code, client_id, room_id, guest_name, guest_email, guest_phone, checkin_date, checkout_date, total, status, created_at) VALUES (1011, 'R-8FB27F04', 1091, 1001, 'Laura Gomez', 'laura.gomez8942@hotmail.com', '5517972974', '2024-02-25', '2024-02-28', 13500, 'facturada', NOW());
INSERT INTO reservation_services (reservation_id, service_id, quantity, unit_price, added_at, service_date) VALUES (1011, 1001, 1, 600, '2024-02-26 10:00:00', '2024-02-26');
INSERT INTO reservation_services (reservation_id, service_id, quantity, unit_price, added_at, service_date) VALUES (1011, 1005, 2, 500, '2024-02-26 10:00:00', '2024-02-26');
INSERT INTO reservation_services (reservation_id, service_id, quantity, unit_price, added_at, service_date) VALUES (1011, 1002, 1, 250, '2024-02-25 10:00:00', '2024-02-25');
INSERT INTO reservation_services (reservation_id, service_id, quantity, unit_price, added_at, service_date) VALUES (1011, 1003, 2, 1500, '2024-02-26 10:00:00', '2024-02-26');
INSERT INTO reservation_services (reservation_id, service_id, quantity, unit_price, added_at, service_date) VALUES (1011, 1004, 1, 400, '2024-02-26 10:00:00', '2024-02-26');
INSERT INTO invoices (invoice_code, reservation_id, total, method, invoice_date, created_at) VALUES ('I-E669FB17', 1011, 18750, 'efectivo', '2024-02-28', NOW());
INSERT INTO reservations (reservation_id, reservation_code, client_id, room_id, guest_name, guest_email, guest_phone, checkin_date, checkout_date, total, status, created_at) VALUES (1012, 'R-A4AEA471', 1088, 1001, 'Carmen Flores', 'carmen.flores9112@hotmail.com', '5512871577', '2024-04-15', '2024-04-21', 27000, 'checkout', NOW());
INSERT INTO reservation_services (reservation_id, service_id, quantity, unit_price, added_at, service_date) VALUES (1012, 1006, 2, 150, '2024-04-16 10:00:00', '2024-04-16');
INSERT INTO reservation_services (reservation_id, service_id, quantity, unit_price, added_at, service_date) VALUES (1012, 1001, 3, 600, '2024-04-15 10:00:00', '2024-04-15');
INSERT INTO reservations (reservation_id, reservation_code, client_id, room_id, guest_name, guest_email, guest_phone, checkin_date, checkout_date, total, status, created_at) VALUES (1013, 'R-ECB9BDFD', 1081, 1014, 'Fernando Martinez', 'fernando.martinez1145@gmail.com', '5516052765', '2025-05-08', '2025-05-14', 13200, 'facturada', NOW());
INSERT INTO reservation_services (reservation_id, service_id, quantity, unit_price, added_at, service_date) VALUES (1013, 1006, 2, 150, '2025-05-09 10:00:00', '2025-05-09');
INSERT INTO reservation_services (reservation_id, service_id, quantity, unit_price, added_at, service_date) VALUES (1013, 1005, 3, 500, '2025-05-13 10:00:00', '2025-05-13');
INSERT INTO reservation_services (reservation_id, service_id, quantity, unit_price, added_at, service_date) VALUES (1013, 1006, 3, 150, '2025-05-08 10:00:00', '2025-05-08');
INSERT INTO reservation_services (reservation_id, service_id, quantity, unit_price, added_at, service_date) VALUES (1013, 1000, 2, 800, '2025-05-08 10:00:00', '2025-05-08');
INSERT INTO reservation_services (reservation_id, service_id, quantity, unit_price, added_at, service_date) VALUES (1013, 1005, 3, 500, '2025-05-12 10:00:00', '2025-05-12');
INSERT INTO invoices (invoice_code, reservation_id, total, method, invoice_date, created_at) VALUES ('I-B7F892A2', 1013, 18550, 'tarjeta', '2025-05-14', NOW());
INSERT INTO reservations (reservation_id, reservation_code, client_id, room_id, guest_name, guest_email, guest_phone, checkin_date, checkout_date, total, status, created_at) VALUES (1014, 'R-F35B28FD', 1139, 1024, 'Miguel Martinez', 'miguel.martinez9056@yahoo.com', '5556190373', '2024-12-24', '2024-12-30', 13200, 'facturada', NOW());
INSERT INTO reservation_services (reservation_id, service_id, quantity, unit_price, added_at, service_date) VALUES (1014, 1003, 2, 1500, '2024-12-26 10:00:00', '2024-12-26');
INSERT INTO invoices (invoice_code, reservation_id, total, method, invoice_date, created_at) VALUES ('I-4E9FEB19', 1014, 16200, 'tarjeta', '2024-12-30', NOW());
INSERT INTO reservations (reservation_id, reservation_code, client_id, room_id, guest_name, guest_email, guest_phone, checkin_date, checkout_date, total, status, created_at) VALUES (1015, 'R-8A83AE02', 1122, 1028, 'Jose Ramirez', 'jose.ramirez3272@gmail.com', '5534209760', '2025-01-05', '2025-01-06', 1200, 'facturada', NOW());
INSERT INTO reservation_services (reservation_id, service_id, quantity, unit_price, added_at, service_date) VALUES (1015, 1002, 3, 250, '2025-01-05 10:00:00', '2025-01-05');
INSERT INTO reservation_services (reservation_id, service_id, quantity, unit_price, added_at, service_date) VALUES (1015, 1002, 1, 250, '2025-01-05 10:00:00', '2025-01-05');
INSERT INTO invoices (invoice_code, reservation_id, total, method, invoice_date, created_at) VALUES ('I-EE269667', 1015, 2200, 'tarjeta', '2025-01-06', NOW());
INSERT INTO reservations (reservation_id, reservation_code, client_id, room_id, guest_name, guest_email, guest_phone, checkin_date, checkout_date, total, status, created_at) VALUES (1016, 'R-80909A2E', 1143, 1038, 'Roberto Ramirez', 'roberto.ramirez5669@yahoo.com', '5592709619', '2024-06-04', '2024-06-11', 31500, 'facturada', NOW());
INSERT INTO reservation_services (reservation_id, service_id, quantity, unit_price, added_at, service_date) VALUES (1016, 1003, 2, 1500, '2024-06-07 10:00:00', '2024-06-07');
INSERT INTO reservation_services (reservation_id, service_id, quantity, unit_price, added_at, service_date) VALUES (1016, 1005, 1, 500, '2024-06-08 10:00:00', '2024-06-08');
INSERT INTO reservation_services (reservation_id, service_id, quantity, unit_price, added_at, service_date) VALUES (1016, 1005, 1, 500, '2024-06-08 10:00:00', '2024-06-08');
INSERT INTO reservation_services (reservation_id, service_id, quantity, unit_price, added_at, service_date) VALUES (1016, 1000, 1, 800, '2024-06-10 10:00:00', '2024-06-10');
INSERT INTO reservation_services (reservation_id, service_id, quantity, unit_price, added_at, service_date) VALUES (1016, 1005, 3, 500, '2024-06-04 10:00:00', '2024-06-04');
INSERT INTO invoices (invoice_code, reservation_id, total, method, invoice_date, created_at) VALUES ('I-EEF80E23', 1016, 37800, 'efectivo', '2024-06-11', NOW());
INSERT INTO reservations (reservation_id, reservation_code, client_id, room_id, guest_name, guest_email, guest_phone, checkin_date, checkout_date, total, status, created_at) VALUES (1017, 'R-4DF3F697', 1086, 1004, 'Paula Sanchez', 'paula.sanchez4895@hotel.com', '5545370227', '2025-02-18', '2025-02-23', 11000, 'facturada', NOW());
INSERT INTO reservation_services (reservation_id, service_id, quantity, unit_price, added_at, service_date) VALUES (1017, 1003, 3, 1500, '2025-02-18 10:00:00', '2025-02-18');
INSERT INTO reservation_services (reservation_id, service_id, quantity, unit_price, added_at, service_date) VALUES (1017, 1005, 2, 500, '2025-02-22 10:00:00', '2025-02-22');
INSERT INTO reservation_services (reservation_id, service_id, quantity, unit_price, added_at, service_date) VALUES (1017, 1003, 3, 1500, '2025-02-21 10:00:00', '2025-02-21');
INSERT INTO invoices (invoice_code, reservation_id, total, method, invoice_date, created_at) VALUES ('I-EB10FA5D', 1017, 21000, 'tarjeta', '2025-02-23', NOW());
INSERT INTO reservations (reservation_id, reservation_code, client_id, room_id, guest_name, guest_email, guest_phone, checkin_date, checkout_date, total, status, created_at) VALUES (1018, 'R-BD19F4CA', 1099, 1013, 'Lucia Diaz', 'lucia.diaz7714@hotel.com', '5530177629', '2024-01-14', '2024-01-21', 15400, 'facturada', NOW());
INSERT INTO reservation_services (reservation_id, service_id, quantity, unit_price, added_at, service_date) VALUES (1018, 1000, 3, 800, '2024-01-20 10:00:00', '2024-01-20');
INSERT INTO reservation_services (reservation_id, service_id, quantity, unit_price, added_at, service_date) VALUES (1018, 1000, 2, 800, '2024-01-19 10:00:00', '2024-01-19');
INSERT INTO reservation_services (reservation_id, service_id, quantity, unit_price, added_at, service_date) VALUES (1018, 1003, 3, 1500, '2024-01-19 10:00:00', '2024-01-19');
INSERT INTO invoices (invoice_code, reservation_id, total, method, invoice_date, created_at) VALUES ('I-B5151DAD', 1018, 23900, 'efectivo', '2024-01-21', NOW());
INSERT INTO reservations (reservation_id, reservation_code, client_id, room_id, guest_name, guest_email, guest_phone, checkin_date, checkout_date, total, status, created_at) VALUES (1019, 'R-C048D215', 1089, 1003, 'Maria Hernandez', 'maria.hernandez7471@gmail.com', '5532402083', '2025-02-07', '2025-02-09', 4400, 'facturada', NOW());
INSERT INTO reservation_services (reservation_id, service_id, quantity, unit_price, added_at, service_date) VALUES (1019, 1004, 3, 400, '2025-02-08 10:00:00', '2025-02-08');
INSERT INTO invoices (invoice_code, reservation_id, total, method, invoice_date, created_at) VALUES ('I-72A803BA', 1019, 5600, 'efectivo', '2025-02-09', NOW());
INSERT INTO reservations (reservation_id, reservation_code, client_id, room_id, guest_name, guest_email, guest_phone, checkin_date, checkout_date, total, status, created_at) VALUES (1020, 'R-C6AC8B35', 1147, 1019, 'Elena Perez', 'elena.perez4766@gmail.com', '5512856656', '2024-01-04', '2024-01-09', 11000, 'checkout', NOW());
INSERT INTO reservation_services (reservation_id, service_id, quantity, unit_price, added_at, service_date) VALUES (1020, 1001, 3, 600, '2024-01-07 10:00:00', '2024-01-07');
INSERT INTO reservation_services (reservation_id, service_id, quantity, unit_price, added_at, service_date) VALUES (1020, 1002, 2, 250, '2024-01-04 10:00:00', '2024-01-04');
INSERT INTO reservations (reservation_id, reservation_code, client_id, room_id, guest_name, guest_email, guest_phone, checkin_date, checkout_date, total, status, created_at) VALUES (1021, 'R-DEB46EFC', 1193, 1018, 'Jorge Martinez', 'jorge.martinez1967@hotmail.com', '5572339324', '2025-04-14', '2025-04-20', 13200, 'facturada', NOW());
INSERT INTO reservation_services (reservation_id, service_id, quantity, unit_price, added_at, service_date) VALUES (1021, 1006, 2, 150, '2025-04-18 10:00:00', '2025-04-18');
INSERT INTO invoices (invoice_code, reservation_id, total, method, invoice_date, created_at) VALUES ('I-4B3716DA', 1021, 13500, 'transferencia', '2025-04-20', NOW());
INSERT INTO reservations (reservation_id, reservation_code, client_id, room_id, guest_name, guest_email, guest_phone, checkin_date, checkout_date, total, status, created_at) VALUES (1022, 'R-09730677', 1105, 1020, 'Ana Lopez', 'ana.lopez2487@outlook.com', '5563257649', '2024-02-02', '2024-02-07', 22500, 'facturada', NOW());
INSERT INTO reservation_services (reservation_id, service_id, quantity, unit_price, added_at, service_date) VALUES (1022, 1000, 3, 800, '2024-02-05 10:00:00', '2024-02-05');
INSERT INTO reservation_services (reservation_id, service_id, quantity, unit_price, added_at, service_date) VALUES (1022, 1003, 1, 1500, '2024-02-04 10:00:00', '2024-02-04');
INSERT INTO reservation_services (reservation_id, service_id, quantity, unit_price, added_at, service_date) VALUES (1022, 1005, 3, 500, '2024-02-04 10:00:00', '2024-02-04');
INSERT INTO invoices (invoice_code, reservation_id, total, method, invoice_date, created_at) VALUES ('I-984BE4D7', 1022, 27900, 'transferencia', '2024-02-07', NOW());
INSERT INTO reservations (reservation_id, reservation_code, client_id, room_id, guest_name, guest_email, guest_phone, checkin_date, checkout_date, total, status, created_at) VALUES (1023, 'R-3C3FE1AE', 1000, 1031, 'Maria Rodriguez', 'maria.rodriguez5126@yahoo.com', '5544485585', '2025-02-19', '2025-02-24', 22500, 'facturada', NOW());
INSERT INTO invoices (invoice_code, reservation_id, total, method, invoice_date, created_at) VALUES ('I-B57B81EF', 1023, 22500, 'transferencia', '2025-02-24', NOW());
INSERT INTO reservations (reservation_id, reservation_code, client_id, room_id, guest_name, guest_email, guest_phone, checkin_date, checkout_date, total, status, created_at) VALUES (1024, 'R-00D6013F', 1009, 1023, 'Juan Rodriguez', 'juan.rodriguez3535@hotmail.com', '5535282528', '2024-04-30', '2024-05-04', 18000, 'cancelada', NOW());
INSERT INTO reservations (reservation_id, reservation_code, client_id, room_id, guest_name, guest_email, guest_phone, checkin_date, checkout_date, total, status, created_at) VALUES (1025, 'R-C4308D0B', 1031, 1010, 'David Sanchez', 'david.sanchez6155@yahoo.com', '5577973006', '2024-06-18', '2024-06-20', 2400, 'facturada', NOW());
INSERT INTO reservation_services (reservation_id, service_id, quantity, unit_price, added_at, service_date) VALUES (1025, 1005, 1, 500, '2024-06-19 10:00:00', '2024-06-19');
INSERT INTO reservation_services (reservation_id, service_id, quantity, unit_price, added_at, service_date) VALUES (1025, 1000, 2, 800, '2024-06-18 10:00:00', '2024-06-18');
INSERT INTO reservation_services (reservation_id, service_id, quantity, unit_price, added_at, service_date) VALUES (1025, 1004, 1, 400, '2024-06-19 10:00:00', '2024-06-19');
INSERT INTO reservation_services (reservation_id, service_id, quantity, unit_price, added_at, service_date) VALUES (1025, 1006, 3, 150, '2024-06-19 10:00:00', '2024-06-19');
INSERT INTO reservation_services (reservation_id, service_id, quantity, unit_price, added_at, service_date) VALUES (1025, 1001, 2, 600, '2024-06-19 10:00:00', '2024-06-19');
INSERT INTO invoices (invoice_code, reservation_id, total, method, invoice_date, created_at) VALUES ('I-72CAC737', 1025, 6550, 'tarjeta', '2024-06-20', NOW());
INSERT INTO reservations (reservation_id, reservation_code, client_id, room_id, guest_name, guest_email, guest_phone, checkin_date, checkout_date, total, status, created_at) VALUES (1026, 'R-DAB5E5A9', 1149, 1008, 'Pedro Gonzalez', 'pedro.gonzalez1596@gmail.com', '5588795533', '2024-03-24', '2024-03-27', 3600, 'facturada', NOW());
INSERT INTO reservation_services (reservation_id, service_id, quantity, unit_price, added_at, service_date) VALUES (1026, 1005, 3, 500, '2024-03-24 10:00:00', '2024-03-24');
INSERT INTO reservation_services (reservation_id, service_id, quantity, unit_price, added_at, service_date) VALUES (1026, 1006, 1, 150, '2024-03-25 10:00:00', '2024-03-25');
INSERT INTO reservation_services (reservation_id, service_id, quantity, unit_price, added_at, service_date) VALUES (1026, 1001, 3, 600, '2024-03-25 10:00:00', '2024-03-25');
INSERT INTO invoices (invoice_code, reservation_id, total, method, invoice_date, created_at) VALUES ('I-444369BE', 1026, 7050, 'efectivo', '2024-03-27', NOW());
INSERT INTO reservations (reservation_id, reservation_code, client_id, room_id, guest_name, guest_email, guest_phone, checkin_date, checkout_date, total, status, created_at) VALUES (1027, 'R-6E54B77F', 1038, 1045, 'Maria Flores', 'maria.flores2879@yahoo.com', '5560543305', '2024-11-24', '2024-12-01', 31500, 'facturada', NOW());
INSERT INTO reservation_services (reservation_id, service_id, quantity, unit_price, added_at, service_date) VALUES (1027, 1000, 3, 800, '2024-11-28 10:00:00', '2024-11-28');
INSERT INTO reservation_services (reservation_id, service_id, quantity, unit_price, added_at, service_date) VALUES (1027, 1003, 2, 1500, '2024-11-24 10:00:00', '2024-11-24');
INSERT INTO invoices (invoice_code, reservation_id, total, method, invoice_date, created_at) VALUES ('I-B3CA2AA2', 1027, 36900, 'tarjeta', '2024-12-01', NOW());
INSERT INTO reservations (reservation_id, reservation_code, client_id, room_id, guest_name, guest_email, guest_phone, checkin_date, checkout_date, total, status, created_at) VALUES (1028, 'R-00FB5E73', 1060, 1010, 'Miguel Torres', 'miguel.torres3743@hotmail.com', '5549695781', '2024-04-22', '2024-04-23', 1200, 'cancelada', NOW());
INSERT INTO reservations (reservation_id, reservation_code, client_id, room_id, guest_name, guest_email, guest_phone, checkin_date, checkout_date, total, status, created_at) VALUES (1029, 'R-86C93965', 1149, 1038, 'Pedro Gonzalez', 'pedro.gonzalez1596@gmail.com', '5559537695', '2025-02-10', '2025-02-17', 31500, 'facturada', NOW());
INSERT INTO reservation_services (reservation_id, service_id, quantity, unit_price, added_at, service_date) VALUES (1029, 1003, 2, 1500, '2025-02-10 10:00:00', '2025-02-10');
INSERT INTO reservation_services (reservation_id, service_id, quantity, unit_price, added_at, service_date) VALUES (1029, 1001, 1, 600, '2025-02-12 10:00:00', '2025-02-12');
INSERT INTO invoices (invoice_code, reservation_id, total, method, invoice_date, created_at) VALUES ('I-A0B5377C', 1029, 35100, 'tarjeta', '2025-02-17', NOW());
INSERT INTO reservations (reservation_id, reservation_code, client_id, room_id, guest_name, guest_email, guest_phone, checkin_date, checkout_date, total, status, created_at) VALUES (1030, 'R-EAC61181', 1001, 1003, 'Ana Perez', 'ana.perez8393@hotel.com', '5511579192', '2024-08-09', '2024-08-11', 4400, 'checkout', NOW());
INSERT INTO reservation_services (reservation_id, service_id, quantity, unit_price, added_at, service_date) VALUES (1030, 1002, 1, 250, '2024-08-09 10:00:00', '2024-08-09');
INSERT INTO reservation_services (reservation_id, service_id, quantity, unit_price, added_at, service_date) VALUES (1030, 1003, 3, 1500, '2024-08-09 10:00:00', '2024-08-09');
INSERT INTO reservations (reservation_id, reservation_code, client_id, room_id, guest_name, guest_email, guest_phone, checkin_date, checkout_date, total, status, created_at) VALUES (1031, 'R-D11F4924', 1054, 1003, 'Lucia Sanchez', 'lucia.sanchez7379@outlook.com', '5567534438', '2024-10-03', '2024-10-08', 11000, 'facturada', NOW());
INSERT INTO reservation_services (reservation_id, service_id, quantity, unit_price, added_at, service_date) VALUES (1031, 1005, 2, 500, '2024-10-06 10:00:00', '2024-10-06');
INSERT INTO reservation_services (reservation_id, service_id, quantity, unit_price, added_at, service_date) VALUES (1031, 1001, 1, 600, '2024-10-05 10:00:00', '2024-10-05');
INSERT INTO invoices (invoice_code, reservation_id, total, method, invoice_date, created_at) VALUES ('I-C3768CD0', 1031, 12600, 'efectivo', '2024-10-08', NOW());
INSERT INTO reservations (reservation_id, reservation_code, client_id, room_id, guest_name, guest_email, guest_phone, checkin_date, checkout_date, total, status, created_at) VALUES (1032, 'R-4742BE71', 1123, 1007, 'Marta Flores', 'marta.flores5280@hotmail.com', '5512202320', '2024-11-28', '2024-11-29', 2200, 'checkout', NOW());
INSERT INTO reservation_services (reservation_id, service_id, quantity, unit_price, added_at, service_date) VALUES (1032, 1002, 2, 250, '2024-11-28 10:00:00', '2024-11-28');
INSERT INTO reservations (reservation_id, reservation_code, client_id, room_id, guest_name, guest_email, guest_phone, checkin_date, checkout_date, total, status, created_at) VALUES (1033, 'R-15CED921', 1151, 1012, 'Sofia Torres', 'sofia.torres9119@gmail.com', '5558219204', '2024-07-11', '2024-07-17', 7200, 'checkout', NOW());
INSERT INTO reservation_services (reservation_id, service_id, quantity, unit_price, added_at, service_date) VALUES (1033, 1005, 1, 500, '2024-07-15 10:00:00', '2024-07-15');
INSERT INTO reservation_services (reservation_id, service_id, quantity, unit_price, added_at, service_date) VALUES (1033, 1002, 3, 250, '2024-07-16 10:00:00', '2024-07-16');
INSERT INTO reservation_services (reservation_id, service_id, quantity, unit_price, added_at, service_date) VALUES (1033, 1003, 2, 1500, '2024-07-12 10:00:00', '2024-07-12');
INSERT INTO reservations (reservation_id, reservation_code, client_id, room_id, guest_name, guest_email, guest_phone, checkin_date, checkout_date, total, status, created_at) VALUES (1034, 'R-9B8A261C', 1065, 1001, 'Jorge Perez', 'jorge.perez8385@outlook.com', '5537338638', '2024-09-19', '2024-09-22', 13500, 'facturada', NOW());
INSERT INTO reservation_services (reservation_id, service_id, quantity, unit_price, added_at, service_date) VALUES (1034, 1000, 3, 800, '2024-09-20 10:00:00', '2024-09-20');
INSERT INTO reservation_services (reservation_id, service_id, quantity, unit_price, added_at, service_date) VALUES (1034, 1001, 2, 600, '2024-09-20 10:00:00', '2024-09-20');
INSERT INTO invoices (invoice_code, reservation_id, total, method, invoice_date, created_at) VALUES ('I-7D75DCE9', 1034, 17100, 'efectivo', '2024-09-22', NOW());
INSERT INTO reservations (reservation_id, reservation_code, client_id, room_id, guest_name, guest_email, guest_phone, checkin_date, checkout_date, total, status, created_at) VALUES (1035, 'R-21411ABB', 1082, 1001, 'Ana Torres', 'ana.torres7266@yahoo.com', '5556281747', '2025-04-01', '2025-04-08', 31500, 'checkout', NOW());
INSERT INTO reservation_services (reservation_id, service_id, quantity, unit_price, added_at, service_date) VALUES (1035, 1002, 2, 250, '2025-04-03 10:00:00', '2025-04-03');
INSERT INTO reservation_services (reservation_id, service_id, quantity, unit_price, added_at, service_date) VALUES (1035, 1003, 2, 1500, '2025-04-07 10:00:00', '2025-04-07');
INSERT INTO reservation_services (reservation_id, service_id, quantity, unit_price, added_at, service_date) VALUES (1035, 1000, 1, 800, '2025-04-07 10:00:00', '2025-04-07');
INSERT INTO reservation_services (reservation_id, service_id, quantity, unit_price, added_at, service_date) VALUES (1035, 1004, 3, 400, '2025-04-06 10:00:00', '2025-04-06');
INSERT INTO reservations (reservation_id, reservation_code, client_id, room_id, guest_name, guest_email, guest_phone, checkin_date, checkout_date, total, status, created_at) VALUES (1036, 'R-3883DD5B', 1103, 1018, 'Miguel Gonzalez', 'miguel.gonzalez1569@outlook.com', '5548069871', '2024-02-01', '2024-02-03', 4400, 'facturada', NOW());
INSERT INTO invoices (invoice_code, reservation_id, total, method, invoice_date, created_at) VALUES ('I-2503CE4D', 1036, 4400, 'transferencia', '2024-02-03', NOW());
INSERT INTO reservations (reservation_id, reservation_code, client_id, room_id, guest_name, guest_email, guest_phone, checkin_date, checkout_date, total, status, created_at) VALUES (1037, 'R-55CE8AA5', 1037, 1000, 'David Ramirez', 'david.ramirez8251@yahoo.com', '5537333837', '2024-06-23', '2024-06-26', 13500, 'facturada', NOW());
INSERT INTO reservation_services (reservation_id, service_id, quantity, unit_price, added_at, service_date) VALUES (1037, 1006, 3, 150, '2024-06-24 10:00:00', '2024-06-24');
INSERT INTO reservation_services (reservation_id, service_id, quantity, unit_price, added_at, service_date) VALUES (1037, 1000, 2, 800, '2024-06-24 10:00:00', '2024-06-24');
INSERT INTO reservation_services (reservation_id, service_id, quantity, unit_price, added_at, service_date) VALUES (1037, 1005, 3, 500, '2024-06-25 10:00:00', '2024-06-25');
INSERT INTO reservation_services (reservation_id, service_id, quantity, unit_price, added_at, service_date) VALUES (1037, 1002, 3, 250, '2024-06-24 10:00:00', '2024-06-24');
INSERT INTO reservation_services (reservation_id, service_id, quantity, unit_price, added_at, service_date) VALUES (1037, 1000, 1, 800, '2024-06-24 10:00:00', '2024-06-24');
INSERT INTO invoices (invoice_code, reservation_id, total, method, invoice_date, created_at) VALUES ('I-5C3565E0', 1037, 18600, 'efectivo', '2024-06-26', NOW());
INSERT INTO reservations (reservation_id, reservation_code, client_id, room_id, guest_name, guest_email, guest_phone, checkin_date, checkout_date, total, status, created_at) VALUES (1038, 'R-D550D118', 1074, 1012, 'Pedro Rivera', 'pedro.rivera4165@yahoo.com', '5579125713', '2025-03-21', '2025-03-23', 2400, 'checkout', NOW());
INSERT INTO reservation_services (reservation_id, service_id, quantity, unit_price, added_at, service_date) VALUES (1038, 1006, 3, 150, '2025-03-21 10:00:00', '2025-03-21');
INSERT INTO reservation_services (reservation_id, service_id, quantity, unit_price, added_at, service_date) VALUES (1038, 1000, 3, 800, '2025-03-22 10:00:00', '2025-03-22');
INSERT INTO reservation_services (reservation_id, service_id, quantity, unit_price, added_at, service_date) VALUES (1038, 1005, 1, 500, '2025-03-21 10:00:00', '2025-03-21');
INSERT INTO reservation_services (reservation_id, service_id, quantity, unit_price, added_at, service_date) VALUES (1038, 1006, 2, 150, '2025-03-21 10:00:00', '2025-03-21');
INSERT INTO reservation_services (reservation_id, service_id, quantity, unit_price, added_at, service_date) VALUES (1038, 1000, 3, 800, '2025-03-21 10:00:00', '2025-03-21');
INSERT INTO reservations (reservation_id, reservation_code, client_id, room_id, guest_name, guest_email, guest_phone, checkin_date, checkout_date, total, status, created_at) VALUES (1039, 'R-F49CAB0D', 1184, 1048, 'Sofia Flores', 'sofia.flores4156@hotmail.com', '5557632409', '2024-10-05', '2024-10-10', 6000, 'facturada', NOW());
INSERT INTO reservation_services (reservation_id, service_id, quantity, unit_price, added_at, service_date) VALUES (1039, 1000, 3, 800, '2024-10-05 10:00:00', '2024-10-05');
INSERT INTO invoices (invoice_code, reservation_id, total, method, invoice_date, created_at) VALUES ('I-D31AFB3A', 1039, 8400, 'efectivo', '2024-10-10', NOW());
INSERT INTO reservations (reservation_id, reservation_code, client_id, room_id, guest_name, guest_email, guest_phone, checkin_date, checkout_date, total, status, created_at) VALUES (1040, 'R-063882C7', 1050, 1006, 'Laura Hernandez', 'laura.hernandez6444@hotmail.com', '5586532926', '2024-01-14', '2024-01-18', 4800, 'checkout', NOW());
INSERT INTO reservations (reservation_id, reservation_code, client_id, room_id, guest_name, guest_email, guest_phone, checkin_date, checkout_date, total, status, created_at) VALUES (1041, 'R-1F849AAF', 1129, 1046, 'Pedro Ramirez', 'pedro.ramirez7258@gmail.com', '5524810287', '2024-01-03', '2024-01-04', 2200, 'facturada', NOW());
INSERT INTO reservation_services (reservation_id, service_id, quantity, unit_price, added_at, service_date) VALUES (1041, 1001, 1, 600, '2024-01-03 10:00:00', '2024-01-03');
INSERT INTO invoices (invoice_code, reservation_id, total, method, invoice_date, created_at) VALUES ('I-272106AA', 1041, 2800, 'transferencia', '2024-01-04', NOW());
INSERT INTO reservations (reservation_id, reservation_code, client_id, room_id, guest_name, guest_email, guest_phone, checkin_date, checkout_date, total, status, created_at) VALUES (1042, 'R-D1514C44', 1118, 1008, 'Lucia Hernandez', 'lucia.hernandez1343@hotmail.com', '5564134092', '2024-09-01', '2024-09-06', 6000, 'facturada', NOW());
INSERT INTO invoices (invoice_code, reservation_id, total, method, invoice_date, created_at) VALUES ('I-1ABCBC05', 1042, 6000, 'transferencia', '2024-09-06', NOW());
INSERT INTO reservations (reservation_id, reservation_code, client_id, room_id, guest_name, guest_email, guest_phone, checkin_date, checkout_date, total, status, created_at) VALUES (1043, 'R-C9D4104C', 1138, 1012, 'Miguel Reyes', 'miguel.reyes1235@outlook.com', '5518932176', '2024-02-13', '2024-02-17', 4800, 'facturada', NOW());
INSERT INTO invoices (invoice_code, reservation_id, total, method, invoice_date, created_at) VALUES ('I-F92899AE', 1043, 4800, 'tarjeta', '2024-02-17', NOW());
INSERT INTO reservations (reservation_id, reservation_code, client_id, room_id, guest_name, guest_email, guest_phone, checkin_date, checkout_date, total, status, created_at) VALUES (1044, 'R-BD5D5B1A', 1133, 1049, 'Juan Flores', 'juan.flores6586@hotel.com', '5529295273', '2024-02-14', '2024-02-15', 4500, 'facturada', NOW());
INSERT INTO reservation_services (reservation_id, service_id, quantity, unit_price, added_at, service_date) VALUES (1044, 1006, 2, 150, '2024-02-14 10:00:00', '2024-02-14');
INSERT INTO reservation_services (reservation_id, service_id, quantity, unit_price, added_at, service_date) VALUES (1044, 1003, 3, 1500, '2024-02-14 10:00:00', '2024-02-14');
INSERT INTO reservation_services (reservation_id, service_id, quantity, unit_price, added_at, service_date) VALUES (1044, 1004, 3, 400, '2024-02-14 10:00:00', '2024-02-14');
INSERT INTO reservation_services (reservation_id, service_id, quantity, unit_price, added_at, service_date) VALUES (1044, 1005, 2, 500, '2024-02-14 10:00:00', '2024-02-14');
INSERT INTO reservation_services (reservation_id, service_id, quantity, unit_price, added_at, service_date) VALUES (1044, 1000, 2, 800, '2024-02-14 10:00:00', '2024-02-14');
INSERT INTO invoices (invoice_code, reservation_id, total, method, invoice_date, created_at) VALUES ('I-518836C5', 1044, 13100, 'tarjeta', '2024-02-15', NOW());
INSERT INTO reservations (reservation_id, reservation_code, client_id, room_id, guest_name, guest_email, guest_phone, checkin_date, checkout_date, total, status, created_at) VALUES (1045, 'R-F3AD3DFC', 1001, 1015, 'Ana Perez', 'ana.perez8393@hotel.com', '5578499042', '2025-03-23', '2025-03-27', 18000, 'facturada', NOW());
INSERT INTO reservation_services (reservation_id, service_id, quantity, unit_price, added_at, service_date) VALUES (1045, 1005, 3, 500, '2025-03-26 10:00:00', '2025-03-26');
INSERT INTO reservation_services (reservation_id, service_id, quantity, unit_price, added_at, service_date) VALUES (1045, 1003, 3, 1500, '2025-03-24 10:00:00', '2025-03-24');
INSERT INTO reservation_services (reservation_id, service_id, quantity, unit_price, added_at, service_date) VALUES (1045, 1000, 3, 800, '2025-03-26 10:00:00', '2025-03-26');
INSERT INTO reservation_services (reservation_id, service_id, quantity, unit_price, added_at, service_date) VALUES (1045, 1000, 3, 800, '2025-03-23 10:00:00', '2025-03-23');
INSERT INTO invoices (invoice_code, reservation_id, total, method, invoice_date, created_at) VALUES ('I-455C742E', 1045, 28800, 'transferencia', '2025-03-27', NOW());
INSERT INTO reservations (reservation_id, reservation_code, client_id, room_id, guest_name, guest_email, guest_phone, checkin_date, checkout_date, total, status, created_at) VALUES (1046, 'R-32A8F29B', 1028, 1034, 'Carmen Rodriguez', 'carmen.rodriguez5978@hotmail.com', '5545172438', '2025-05-25', '2025-06-01', 15400, 'facturada', NOW());
INSERT INTO reservation_services (reservation_id, service_id, quantity, unit_price, added_at, service_date) VALUES (1046, 1004, 3, 400, '2025-05-29 10:00:00', '2025-05-29');
INSERT INTO invoices (invoice_code, reservation_id, total, method, invoice_date, created_at) VALUES ('I-C091854E', 1046, 16600, 'transferencia', '2025-06-01', NOW());
INSERT INTO reservations (reservation_id, reservation_code, client_id, room_id, guest_name, guest_email, guest_phone, checkin_date, checkout_date, total, status, created_at) VALUES (1047, 'R-899D976B', 1007, 1047, 'Jose Gomez', 'jose.gomez9460@outlook.com', '5523932270', '2025-03-05', '2025-03-07', 4400, 'facturada', NOW());
INSERT INTO reservation_services (reservation_id, service_id, quantity, unit_price, added_at, service_date) VALUES (1047, 1001, 2, 600, '2025-03-06 10:00:00', '2025-03-06');
INSERT INTO invoices (invoice_code, reservation_id, total, method, invoice_date, created_at) VALUES ('I-9406891D', 1047, 5600, 'efectivo', '2025-03-07', NOW());
INSERT INTO reservations (reservation_id, reservation_code, client_id, room_id, guest_name, guest_email, guest_phone, checkin_date, checkout_date, total, status, created_at) VALUES (1048, 'R-45CCD836', 1186, 1015, 'Paula Rodriguez', 'paula.rodriguez7053@gmail.com', '5563032706', '2025-02-20', '2025-02-21', 4500, 'facturada', NOW());
INSERT INTO reservation_services (reservation_id, service_id, quantity, unit_price, added_at, service_date) VALUES (1048, 1000, 3, 800, '2025-02-20 10:00:00', '2025-02-20');
INSERT INTO reservation_services (reservation_id, service_id, quantity, unit_price, added_at, service_date) VALUES (1048, 1004, 1, 400, '2025-02-20 10:00:00', '2025-02-20');
INSERT INTO reservation_services (reservation_id, service_id, quantity, unit_price, added_at, service_date) VALUES (1048, 1006, 1, 150, '2025-02-20 10:00:00', '2025-02-20');
INSERT INTO invoices (invoice_code, reservation_id, total, method, invoice_date, created_at) VALUES ('I-9B0D4EE2', 1048, 7450, 'efectivo', '2025-02-21', NOW());
INSERT INTO reservations (reservation_id, reservation_code, client_id, room_id, guest_name, guest_email, guest_phone, checkin_date, checkout_date, total, status, created_at) VALUES (1049, 'R-EF021C09', 1021, 1023, 'Paula Sanchez', 'paula.sanchez6826@yahoo.com', '5520714902', '2024-10-10', '2024-10-12', 9000, 'checkout', NOW());
INSERT INTO reservations (reservation_id, reservation_code, client_id, room_id, guest_name, guest_email, guest_phone, checkin_date, checkout_date, total, status, created_at) VALUES (1050, 'R-1BD1EF0A', 1180, 1019, 'Pedro Reyes', 'pedro.reyes7695@outlook.com', '5511845047', '2025-05-28', '2025-06-03', 13200, 'facturada', NOW());
INSERT INTO reservation_services (reservation_id, service_id, quantity, unit_price, added_at, service_date) VALUES (1050, 1002, 2, 250, '2025-05-28 10:00:00', '2025-05-28');
INSERT INTO reservation_services (reservation_id, service_id, quantity, unit_price, added_at, service_date) VALUES (1050, 1005, 3, 500, '2025-05-28 10:00:00', '2025-05-28');
INSERT INTO reservation_services (reservation_id, service_id, quantity, unit_price, added_at, service_date) VALUES (1050, 1001, 1, 600, '2025-06-01 10:00:00', '2025-06-01');
INSERT INTO reservation_services (reservation_id, service_id, quantity, unit_price, added_at, service_date) VALUES (1050, 1001, 2, 600, '2025-05-30 10:00:00', '2025-05-30');
INSERT INTO reservation_services (reservation_id, service_id, quantity, unit_price, added_at, service_date) VALUES (1050, 1006, 3, 150, '2025-06-02 10:00:00', '2025-06-02');
INSERT INTO invoices (invoice_code, reservation_id, total, method, invoice_date, created_at) VALUES ('I-00C596F1', 1050, 17450, 'efectivo', '2025-06-03', NOW());
INSERT INTO reservations (reservation_id, reservation_code, client_id, room_id, guest_name, guest_email, guest_phone, checkin_date, checkout_date, total, status, created_at) VALUES (1051, 'R-0105BE6E', 1071, 1018, 'Luis Reyes', 'luis.reyes5944@hotmail.com', '5523604197', '2024-03-15', '2024-03-17', 4400, 'facturada', NOW());
INSERT INTO invoices (invoice_code, reservation_id, total, method, invoice_date, created_at) VALUES ('I-7EF65608', 1051, 4400, 'transferencia', '2024-03-17', NOW());
INSERT INTO reservations (reservation_id, reservation_code, client_id, room_id, guest_name, guest_email, guest_phone, checkin_date, checkout_date, total, status, created_at) VALUES (1052, 'R-9335DF96', 1186, 1042, 'Paula Rodriguez', 'paula.rodriguez7053@gmail.com', '5563528697', '2024-10-27', '2024-10-31', 18000, 'facturada', NOW());
INSERT INTO reservation_services (reservation_id, service_id, quantity, unit_price, added_at, service_date) VALUES (1052, 1004, 3, 400, '2024-10-28 10:00:00', '2024-10-28');
INSERT INTO reservation_services (reservation_id, service_id, quantity, unit_price, added_at, service_date) VALUES (1052, 1002, 3, 250, '2024-10-28 10:00:00', '2024-10-28');
INSERT INTO invoices (invoice_code, reservation_id, total, method, invoice_date, created_at) VALUES ('I-C1575B37', 1052, 19950, 'efectivo', '2024-10-31', NOW());
INSERT INTO reservations (reservation_id, reservation_code, client_id, room_id, guest_name, guest_email, guest_phone, checkin_date, checkout_date, total, status, created_at) VALUES (1053, 'R-AC076E9C', 1090, 1017, 'Sofia Hernandez', 'sofia.hernandez2447@hotel.com', '5575735928', '2025-04-29', '2025-05-04', 22500, 'facturada', NOW());
INSERT INTO reservation_services (reservation_id, service_id, quantity, unit_price, added_at, service_date) VALUES (1053, 1000, 2, 800, '2025-04-30 10:00:00', '2025-04-30');
INSERT INTO reservation_services (reservation_id, service_id, quantity, unit_price, added_at, service_date) VALUES (1053, 1003, 2, 1500, '2025-05-02 10:00:00', '2025-05-02');
INSERT INTO invoices (invoice_code, reservation_id, total, method, invoice_date, created_at) VALUES ('I-26AF2D56', 1053, 27100, 'tarjeta', '2025-05-04', NOW());
INSERT INTO reservations (reservation_id, reservation_code, client_id, room_id, guest_name, guest_email, guest_phone, checkin_date, checkout_date, total, status, created_at) VALUES (1054, 'R-6BF3E439', 1130, 1003, 'Miguel Flores', 'miguel.flores3810@hotmail.com', '5525981329', '2024-06-17', '2024-06-22', 11000, 'checkout', NOW());
INSERT INTO reservation_services (reservation_id, service_id, quantity, unit_price, added_at, service_date) VALUES (1054, 1003, 1, 1500, '2024-06-19 10:00:00', '2024-06-19');
INSERT INTO reservation_services (reservation_id, service_id, quantity, unit_price, added_at, service_date) VALUES (1054, 1003, 1, 1500, '2024-06-20 10:00:00', '2024-06-20');
INSERT INTO reservation_services (reservation_id, service_id, quantity, unit_price, added_at, service_date) VALUES (1054, 1005, 2, 500, '2024-06-21 10:00:00', '2024-06-21');
INSERT INTO reservation_services (reservation_id, service_id, quantity, unit_price, added_at, service_date) VALUES (1054, 1000, 2, 800, '2024-06-19 10:00:00', '2024-06-19');
INSERT INTO reservation_services (reservation_id, service_id, quantity, unit_price, added_at, service_date) VALUES (1054, 1002, 1, 250, '2024-06-20 10:00:00', '2024-06-20');
INSERT INTO reservations (reservation_id, reservation_code, client_id, room_id, guest_name, guest_email, guest_phone, checkin_date, checkout_date, total, status, created_at) VALUES (1055, 'R-1C800483', 1110, 1018, 'Carlos Flores', 'carlos.flores1723@hotel.com', '5526724811', '2025-04-22', '2025-04-25', 6600, 'checkout', NOW());
INSERT INTO reservation_services (reservation_id, service_id, quantity, unit_price, added_at, service_date) VALUES (1055, 1001, 1, 600, '2025-04-22 10:00:00', '2025-04-22');
INSERT INTO reservation_services (reservation_id, service_id, quantity, unit_price, added_at, service_date) VALUES (1055, 1006, 1, 150, '2025-04-24 10:00:00', '2025-04-24');
INSERT INTO reservation_services (reservation_id, service_id, quantity, unit_price, added_at, service_date) VALUES (1055, 1001, 3, 600, '2025-04-22 10:00:00', '2025-04-22');
INSERT INTO reservations (reservation_id, reservation_code, client_id, room_id, guest_name, guest_email, guest_phone, checkin_date, checkout_date, total, status, created_at) VALUES (1056, 'R-482385BF', 1053, 1022, 'Juan Flores', 'juan.flores9408@hotmail.com', '5541504542', '2024-03-31', '2024-04-01', 2200, 'facturada', NOW());
INSERT INTO reservation_services (reservation_id, service_id, quantity, unit_price, added_at, service_date) VALUES (1056, 1006, 1, 150, '2024-03-31 10:00:00', '2024-03-31');
INSERT INTO reservation_services (reservation_id, service_id, quantity, unit_price, added_at, service_date) VALUES (1056, 1005, 1, 500, '2024-03-31 10:00:00', '2024-03-31');
INSERT INTO reservation_services (reservation_id, service_id, quantity, unit_price, added_at, service_date) VALUES (1056, 1001, 2, 600, '2024-03-31 10:00:00', '2024-03-31');
INSERT INTO reservation_services (reservation_id, service_id, quantity, unit_price, added_at, service_date) VALUES (1056, 1002, 2, 250, '2024-03-31 10:00:00', '2024-03-31');
INSERT INTO reservation_services (reservation_id, service_id, quantity, unit_price, added_at, service_date) VALUES (1056, 1001, 3, 600, '2024-03-31 10:00:00', '2024-03-31');
INSERT INTO invoices (invoice_code, reservation_id, total, method, invoice_date, created_at) VALUES ('I-D3E8D61A', 1056, 6350, 'efectivo', '2024-04-01', NOW());
INSERT INTO reservations (reservation_id, reservation_code, client_id, room_id, guest_name, guest_email, guest_phone, checkin_date, checkout_date, total, status, created_at) VALUES (1057, 'R-90FF5A85', 1089, 1023, 'Maria Hernandez', 'maria.hernandez7471@gmail.com', '5553696495', '2024-02-13', '2024-02-16', 13500, 'facturada', NOW());
INSERT INTO reservation_services (reservation_id, service_id, quantity, unit_price, added_at, service_date) VALUES (1057, 1005, 3, 500, '2024-02-14 10:00:00', '2024-02-14');
INSERT INTO reservation_services (reservation_id, service_id, quantity, unit_price, added_at, service_date) VALUES (1057, 1005, 2, 500, '2024-02-13 10:00:00', '2024-02-13');
INSERT INTO invoices (invoice_code, reservation_id, total, method, invoice_date, created_at) VALUES ('I-5412E3AD', 1057, 16000, 'transferencia', '2024-02-16', NOW());
INSERT INTO reservations (reservation_id, reservation_code, client_id, room_id, guest_name, guest_email, guest_phone, checkin_date, checkout_date, total, status, created_at) VALUES (1058, 'R-5395AB9A', 1130, 1037, 'Miguel Flores', 'miguel.flores3810@hotmail.com', '5558614254', '2024-03-11', '2024-03-12', 2200, 'facturada', NOW());
INSERT INTO reservation_services (reservation_id, service_id, quantity, unit_price, added_at, service_date) VALUES (1058, 1006, 2, 150, '2024-03-11 10:00:00', '2024-03-11');
INSERT INTO reservation_services (reservation_id, service_id, quantity, unit_price, added_at, service_date) VALUES (1058, 1000, 3, 800, '2024-03-11 10:00:00', '2024-03-11');
INSERT INTO reservation_services (reservation_id, service_id, quantity, unit_price, added_at, service_date) VALUES (1058, 1002, 1, 250, '2024-03-11 10:00:00', '2024-03-11');
INSERT INTO reservation_services (reservation_id, service_id, quantity, unit_price, added_at, service_date) VALUES (1058, 1001, 1, 600, '2024-03-11 10:00:00', '2024-03-11');
INSERT INTO invoices (invoice_code, reservation_id, total, method, invoice_date, created_at) VALUES ('I-AE12C5B4', 1058, 5750, 'efectivo', '2024-03-12', NOW());
INSERT INTO reservations (reservation_id, reservation_code, client_id, room_id, guest_name, guest_email, guest_phone, checkin_date, checkout_date, total, status, created_at) VALUES (1059, 'R-FED2D3C7', 1054, 1041, 'Lucia Sanchez', 'lucia.sanchez7379@outlook.com', '5544241134', '2024-05-06', '2024-05-11', 11000, 'facturada', NOW());
INSERT INTO reservation_services (reservation_id, service_id, quantity, unit_price, added_at, service_date) VALUES (1059, 1006, 2, 150, '2024-05-08 10:00:00', '2024-05-08');
INSERT INTO reservation_services (reservation_id, service_id, quantity, unit_price, added_at, service_date) VALUES (1059, 1001, 1, 600, '2024-05-09 10:00:00', '2024-05-09');
INSERT INTO invoices (invoice_code, reservation_id, total, method, invoice_date, created_at) VALUES ('I-D86AE745', 1059, 11900, 'efectivo', '2024-05-11', NOW());
INSERT INTO reservations (reservation_id, reservation_code, client_id, room_id, guest_name, guest_email, guest_phone, checkin_date, checkout_date, total, status, created_at) VALUES (1060, 'R-237A4482', 1131, 1004, 'Pedro Reyes', 'pedro.reyes1114@hotmail.com', '5571217337', '2024-02-29', '2024-03-05', 11000, 'checkout', NOW());
INSERT INTO reservation_services (reservation_id, service_id, quantity, unit_price, added_at, service_date) VALUES (1060, 1004, 1, 400, '2024-03-02 10:00:00', '2024-03-02');
INSERT INTO reservation_services (reservation_id, service_id, quantity, unit_price, added_at, service_date) VALUES (1060, 1001, 1, 600, '2024-03-03 10:00:00', '2024-03-03');
INSERT INTO reservations (reservation_id, reservation_code, client_id, room_id, guest_name, guest_email, guest_phone, checkin_date, checkout_date, total, status, created_at) VALUES (1061, 'R-1B3B3D24', 1043, 1005, 'Maria Martinez', 'maria.martinez8237@hotel.com', '5555793569', '2025-01-21', '2025-01-25', 4800, 'facturada', NOW());
INSERT INTO reservation_services (reservation_id, service_id, quantity, unit_price, added_at, service_date) VALUES (1061, 1004, 2, 400, '2025-01-23 10:00:00', '2025-01-23');
INSERT INTO reservation_services (reservation_id, service_id, quantity, unit_price, added_at, service_date) VALUES (1061, 1002, 2, 250, '2025-01-23 10:00:00', '2025-01-23');
INSERT INTO invoices (invoice_code, reservation_id, total, method, invoice_date, created_at) VALUES ('I-A11A2A12', 1061, 6100, 'transferencia', '2025-01-25', NOW());
INSERT INTO reservations (reservation_id, reservation_code, client_id, room_id, guest_name, guest_email, guest_phone, checkin_date, checkout_date, total, status, created_at) VALUES (1062, 'R-86FE0D15', 1057, 1016, 'Jose Perez', 'jose.perez2701@hotel.com', '5568042251', '2024-12-18', '2024-12-25', 15400, 'facturada', NOW());
INSERT INTO reservation_services (reservation_id, service_id, quantity, unit_price, added_at, service_date) VALUES (1062, 1001, 2, 600, '2024-12-24 10:00:00', '2024-12-24');
INSERT INTO reservation_services (reservation_id, service_id, quantity, unit_price, added_at, service_date) VALUES (1062, 1004, 3, 400, '2024-12-19 10:00:00', '2024-12-19');
INSERT INTO reservation_services (reservation_id, service_id, quantity, unit_price, added_at, service_date) VALUES (1062, 1004, 3, 400, '2024-12-24 10:00:00', '2024-12-24');
INSERT INTO reservation_services (reservation_id, service_id, quantity, unit_price, added_at, service_date) VALUES (1062, 1001, 3, 600, '2024-12-23 10:00:00', '2024-12-23');
INSERT INTO reservation_services (reservation_id, service_id, quantity, unit_price, added_at, service_date) VALUES (1062, 1004, 1, 400, '2024-12-22 10:00:00', '2024-12-22');
INSERT INTO invoices (invoice_code, reservation_id, total, method, invoice_date, created_at) VALUES ('I-006F34D6', 1062, 21200, 'tarjeta', '2024-12-25', NOW());
INSERT INTO reservations (reservation_id, reservation_code, client_id, room_id, guest_name, guest_email, guest_phone, checkin_date, checkout_date, total, status, created_at) VALUES (1063, 'R-CFFED1F6', 1117, 1040, 'Juan Perez', 'juan.perez7569@outlook.com', '5542871820', '2024-07-29', '2024-08-02', 4800, 'facturada', NOW());
INSERT INTO reservation_services (reservation_id, service_id, quantity, unit_price, added_at, service_date) VALUES (1063, 1001, 1, 600, '2024-08-01 10:00:00', '2024-08-01');
INSERT INTO invoices (invoice_code, reservation_id, total, method, invoice_date, created_at) VALUES ('I-BBBE2759', 1063, 5400, 'tarjeta', '2024-08-02', NOW());
INSERT INTO reservations (reservation_id, reservation_code, client_id, room_id, guest_name, guest_email, guest_phone, checkin_date, checkout_date, total, status, created_at) VALUES (1064, 'R-81596FA2', 1193, 1032, 'Jorge Martinez', 'jorge.martinez1967@hotmail.com', '5573860164', '2024-02-01', '2024-02-04', 13500, 'facturada', NOW());
INSERT INTO reservation_services (reservation_id, service_id, quantity, unit_price, added_at, service_date) VALUES (1064, 1002, 3, 250, '2024-02-03 10:00:00', '2024-02-03');
INSERT INTO reservation_services (reservation_id, service_id, quantity, unit_price, added_at, service_date) VALUES (1064, 1003, 3, 1500, '2024-02-01 10:00:00', '2024-02-01');
INSERT INTO reservation_services (reservation_id, service_id, quantity, unit_price, added_at, service_date) VALUES (1064, 1001, 1, 600, '2024-02-01 10:00:00', '2024-02-01');
INSERT INTO reservation_services (reservation_id, service_id, quantity, unit_price, added_at, service_date) VALUES (1064, 1003, 3, 1500, '2024-02-02 10:00:00', '2024-02-02');
INSERT INTO reservation_services (reservation_id, service_id, quantity, unit_price, added_at, service_date) VALUES (1064, 1006, 1, 150, '2024-02-01 10:00:00', '2024-02-01');
INSERT INTO invoices (invoice_code, reservation_id, total, method, invoice_date, created_at) VALUES ('I-4B9A08F7', 1064, 24000, 'tarjeta', '2024-02-04', NOW());
INSERT INTO reservations (reservation_id, reservation_code, client_id, room_id, guest_name, guest_email, guest_phone, checkin_date, checkout_date, total, status, created_at) VALUES (1065, 'R-A100F52D', 1109, 1005, 'David Lopez', 'david.lopez7706@yahoo.com', '5552488388', '2024-01-07', '2024-01-13', 7200, 'facturada', NOW());
INSERT INTO reservation_services (reservation_id, service_id, quantity, unit_price, added_at, service_date) VALUES (1065, 1001, 2, 600, '2024-01-07 10:00:00', '2024-01-07');
INSERT INTO reservation_services (reservation_id, service_id, quantity, unit_price, added_at, service_date) VALUES (1065, 1003, 2, 1500, '2024-01-12 10:00:00', '2024-01-12');
INSERT INTO reservation_services (reservation_id, service_id, quantity, unit_price, added_at, service_date) VALUES (1065, 1002, 3, 250, '2024-01-08 10:00:00', '2024-01-08');
INSERT INTO reservation_services (reservation_id, service_id, quantity, unit_price, added_at, service_date) VALUES (1065, 1002, 1, 250, '2024-01-07 10:00:00', '2024-01-07');
INSERT INTO reservation_services (reservation_id, service_id, quantity, unit_price, added_at, service_date) VALUES (1065, 1005, 3, 500, '2024-01-09 10:00:00', '2024-01-09');
INSERT INTO invoices (invoice_code, reservation_id, total, method, invoice_date, created_at) VALUES ('I-A0CDE869', 1065, 13900, 'efectivo', '2024-01-13', NOW());
INSERT INTO reservations (reservation_id, reservation_code, client_id, room_id, guest_name, guest_email, guest_phone, checkin_date, checkout_date, total, status, created_at) VALUES (1066, 'R-9D009516', 1195, 1010, 'Maria Martinez', 'maria.martinez9198@hotmail.com', '5522764541', '2024-12-28', '2025-01-03', 7200, 'facturada', NOW());
INSERT INTO invoices (invoice_code, reservation_id, total, method, invoice_date, created_at) VALUES ('I-04607945', 1066, 7200, 'tarjeta', '2025-01-03', NOW());
INSERT INTO reservations (reservation_id, reservation_code, client_id, room_id, guest_name, guest_email, guest_phone, checkin_date, checkout_date, total, status, created_at) VALUES (1067, 'R-87286765', 1043, 1030, 'Maria Martinez', 'maria.martinez8237@hotel.com', '5598979647', '2024-04-29', '2024-05-04', 22500, 'facturada', NOW());
INSERT INTO reservation_services (reservation_id, service_id, quantity, unit_price, added_at, service_date) VALUES (1067, 1002, 2, 250, '2024-05-02 10:00:00', '2024-05-02');
INSERT INTO invoices (invoice_code, reservation_id, total, method, invoice_date, created_at) VALUES ('I-AD845DF1', 1067, 23000, 'tarjeta', '2024-05-04', NOW());
INSERT INTO reservations (reservation_id, reservation_code, client_id, room_id, guest_name, guest_email, guest_phone, checkin_date, checkout_date, total, status, created_at) VALUES (1068, 'R-98E1681E', 1072, 1001, 'Carlos Gomez', 'carlos.gomez7967@outlook.com', '5596868277', '2025-05-16', '2025-05-23', 31500, 'facturada', NOW());
INSERT INTO invoices (invoice_code, reservation_id, total, method, invoice_date, created_at) VALUES ('I-0BA185C7', 1068, 31500, 'efectivo', '2025-05-23', NOW());
INSERT INTO reservations (reservation_id, reservation_code, client_id, room_id, guest_name, guest_email, guest_phone, checkin_date, checkout_date, total, status, created_at) VALUES (1069, 'R-06733551', 1121, 1001, 'Elena Sanchez', 'elena.sanchez6290@yahoo.com', '5589067187', '2024-10-17', '2024-10-21', 18000, 'facturada', NOW());
INSERT INTO reservation_services (reservation_id, service_id, quantity, unit_price, added_at, service_date) VALUES (1069, 1000, 2, 800, '2024-10-18 10:00:00', '2024-10-18');
INSERT INTO invoices (invoice_code, reservation_id, total, method, invoice_date, created_at) VALUES ('I-7015BF4F', 1069, 19600, 'transferencia', '2024-10-21', NOW());
INSERT INTO reservations (reservation_id, reservation_code, client_id, room_id, guest_name, guest_email, guest_phone, checkin_date, checkout_date, total, status, created_at) VALUES (1070, 'R-1BCB10D8', 1179, 1044, 'Fernando Hernandez', 'fernando.hernandez7325@outlook.com', '5545984127', '2024-11-26', '2024-12-03', 8400, 'facturada', NOW());
INSERT INTO invoices (invoice_code, reservation_id, total, method, invoice_date, created_at) VALUES ('I-BE417241', 1070, 8400, 'tarjeta', '2024-12-03', NOW());
INSERT INTO reservations (reservation_id, reservation_code, client_id, room_id, guest_name, guest_email, guest_phone, checkin_date, checkout_date, total, status, created_at) VALUES (1071, 'R-1DE9540F', 1135, 1046, 'Pedro Gomez', 'pedro.gomez4465@gmail.com', '5536627875', '2025-02-13', '2025-02-16', 6600, 'facturada', NOW());
INSERT INTO reservation_services (reservation_id, service_id, quantity, unit_price, added_at, service_date) VALUES (1071, 1003, 3, 1500, '2025-02-15 10:00:00', '2025-02-15');
INSERT INTO reservation_services (reservation_id, service_id, quantity, unit_price, added_at, service_date) VALUES (1071, 1004, 1, 400, '2025-02-14 10:00:00', '2025-02-14');
INSERT INTO reservation_services (reservation_id, service_id, quantity, unit_price, added_at, service_date) VALUES (1071, 1000, 2, 800, '2025-02-13 10:00:00', '2025-02-13');
INSERT INTO reservation_services (reservation_id, service_id, quantity, unit_price, added_at, service_date) VALUES (1071, 1001, 1, 600, '2025-02-14 10:00:00', '2025-02-14');
INSERT INTO invoices (invoice_code, reservation_id, total, method, invoice_date, created_at) VALUES ('I-C140F159', 1071, 13700, 'efectivo', '2025-02-16', NOW());
INSERT INTO reservations (reservation_id, reservation_code, client_id, room_id, guest_name, guest_email, guest_phone, checkin_date, checkout_date, total, status, created_at) VALUES (1072, 'R-DDFA76C5', 1161, 1046, 'Carmen Flores', 'carmen.flores8781@hotel.com', '5525192025', '2024-08-28', '2024-09-03', 13200, 'facturada', NOW());
INSERT INTO invoices (invoice_code, reservation_id, total, method, invoice_date, created_at) VALUES ('I-ECF43318', 1072, 13200, 'transferencia', '2024-09-03', NOW());
INSERT INTO reservations (reservation_id, reservation_code, client_id, room_id, guest_name, guest_email, guest_phone, checkin_date, checkout_date, total, status, created_at) VALUES (1073, 'R-5EFE9B59', 1171, 1046, 'Luis Sanchez', 'luis.sanchez5173@yahoo.com', '5512161681', '2025-03-12', '2025-03-18', 13200, 'facturada', NOW());
INSERT INTO reservation_services (reservation_id, service_id, quantity, unit_price, added_at, service_date) VALUES (1073, 1001, 3, 600, '2025-03-14 10:00:00', '2025-03-14');
INSERT INTO invoices (invoice_code, reservation_id, total, method, invoice_date, created_at) VALUES ('I-AA506811', 1073, 15000, 'tarjeta', '2025-03-18', NOW());
INSERT INTO reservations (reservation_id, reservation_code, client_id, room_id, guest_name, guest_email, guest_phone, checkin_date, checkout_date, total, status, created_at) VALUES (1074, 'R-FBF1E1AB', 1113, 1002, 'Marta Ramirez', 'marta.ramirez5762@yahoo.com', '5536534619', '2024-12-07', '2024-12-09', 4400, 'facturada', NOW());
INSERT INTO reservation_services (reservation_id, service_id, quantity, unit_price, added_at, service_date) VALUES (1074, 1004, 3, 400, '2024-12-08 10:00:00', '2024-12-08');
INSERT INTO reservation_services (reservation_id, service_id, quantity, unit_price, added_at, service_date) VALUES (1074, 1004, 3, 400, '2024-12-07 10:00:00', '2024-12-07');
INSERT INTO reservation_services (reservation_id, service_id, quantity, unit_price, added_at, service_date) VALUES (1074, 1004, 2, 400, '2024-12-07 10:00:00', '2024-12-07');
INSERT INTO invoices (invoice_code, reservation_id, total, method, invoice_date, created_at) VALUES ('I-79B1701B', 1074, 7600, 'transferencia', '2024-12-09', NOW());
INSERT INTO reservations (reservation_id, reservation_code, client_id, room_id, guest_name, guest_email, guest_phone, checkin_date, checkout_date, total, status, created_at) VALUES (1075, 'R-4C92FE36', 1153, 1048, 'Fernando Hernandez', 'fernando.hernandez3798@hotmail.com', '5529232753', '2024-08-14', '2024-08-15', 1200, 'facturada', NOW());
INSERT INTO reservation_services (reservation_id, service_id, quantity, unit_price, added_at, service_date) VALUES (1075, 1006, 1, 150, '2024-08-14 10:00:00', '2024-08-14');
INSERT INTO reservation_services (reservation_id, service_id, quantity, unit_price, added_at, service_date) VALUES (1075, 1000, 3, 800, '2024-08-14 10:00:00', '2024-08-14');
INSERT INTO reservation_services (reservation_id, service_id, quantity, unit_price, added_at, service_date) VALUES (1075, 1000, 1, 800, '2024-08-14 10:00:00', '2024-08-14');
INSERT INTO reservation_services (reservation_id, service_id, quantity, unit_price, added_at, service_date) VALUES (1075, 1002, 2, 250, '2024-08-14 10:00:00', '2024-08-14');
INSERT INTO invoices (invoice_code, reservation_id, total, method, invoice_date, created_at) VALUES ('I-CC1C945B', 1075, 5050, 'efectivo', '2024-08-15', NOW());
INSERT INTO reservations (reservation_id, reservation_code, client_id, room_id, guest_name, guest_email, guest_phone, checkin_date, checkout_date, total, status, created_at) VALUES (1076, 'R-EF594FF3', 1046, 1012, 'Miguel Garcia', 'miguel.garcia7471@hotel.com', '5577366275', '2025-05-22', '2025-05-24', 2400, 'facturada', NOW());
INSERT INTO reservation_services (reservation_id, service_id, quantity, unit_price, added_at, service_date) VALUES (1076, 1001, 3, 600, '2025-05-22 10:00:00', '2025-05-22');
INSERT INTO reservation_services (reservation_id, service_id, quantity, unit_price, added_at, service_date) VALUES (1076, 1000, 1, 800, '2025-05-23 10:00:00', '2025-05-23');
INSERT INTO reservation_services (reservation_id, service_id, quantity, unit_price, added_at, service_date) VALUES (1076, 1004, 3, 400, '2025-05-23 10:00:00', '2025-05-23');
INSERT INTO reservation_services (reservation_id, service_id, quantity, unit_price, added_at, service_date) VALUES (1076, 1001, 1, 600, '2025-05-22 10:00:00', '2025-05-22');
INSERT INTO invoices (invoice_code, reservation_id, total, method, invoice_date, created_at) VALUES ('I-0A6576C3', 1076, 6800, 'efectivo', '2025-05-24', NOW());
INSERT INTO reservations (reservation_id, reservation_code, client_id, room_id, guest_name, guest_email, guest_phone, checkin_date, checkout_date, total, status, created_at) VALUES (1077, 'R-E0F30F6A', 1104, 1021, 'Luis Perez', 'luis.perez1352@hotmail.com', '5524470437', '2025-01-08', '2025-01-13', 22500, 'facturada', NOW());
INSERT INTO reservation_services (reservation_id, service_id, quantity, unit_price, added_at, service_date) VALUES (1077, 1006, 1, 150, '2025-01-08 10:00:00', '2025-01-08');
INSERT INTO reservation_services (reservation_id, service_id, quantity, unit_price, added_at, service_date) VALUES (1077, 1004, 3, 400, '2025-01-11 10:00:00', '2025-01-11');
INSERT INTO invoices (invoice_code, reservation_id, total, method, invoice_date, created_at) VALUES ('I-9913C87F', 1077, 23850, 'transferencia', '2025-01-13', NOW());
INSERT INTO reservations (reservation_id, reservation_code, client_id, room_id, guest_name, guest_email, guest_phone, checkin_date, checkout_date, total, status, created_at) VALUES (1078, 'R-DC1D68AC', 1140, 1022, 'Marta Torres', 'marta.torres7710@outlook.com', '5523551181', '2024-11-19', '2024-11-21', 4400, 'facturada', NOW());
INSERT INTO reservation_services (reservation_id, service_id, quantity, unit_price, added_at, service_date) VALUES (1078, 1000, 2, 800, '2024-11-19 10:00:00', '2024-11-19');
INSERT INTO invoices (invoice_code, reservation_id, total, method, invoice_date, created_at) VALUES ('I-173E2FB8', 1078, 6000, 'tarjeta', '2024-11-21', NOW());
INSERT INTO reservations (reservation_id, reservation_code, client_id, room_id, guest_name, guest_email, guest_phone, checkin_date, checkout_date, total, status, created_at) VALUES (1079, 'R-7F9CFAC1', 1018, 1049, 'Marta Diaz', 'lucia.reyes504@outlook.com', '5512455407', '2024-04-01', '2024-04-04', 13500, 'facturada', NOW());
INSERT INTO reservation_services (reservation_id, service_id, quantity, unit_price, added_at, service_date) VALUES (1079, 1004, 1, 400, '2024-04-01 10:00:00', '2024-04-01');
INSERT INTO reservation_services (reservation_id, service_id, quantity, unit_price, added_at, service_date) VALUES (1079, 1002, 1, 250, '2024-04-02 10:00:00', '2024-04-02');
INSERT INTO reservation_services (reservation_id, service_id, quantity, unit_price, added_at, service_date) VALUES (1079, 1001, 2, 600, '2024-04-03 10:00:00', '2024-04-03');
INSERT INTO reservation_services (reservation_id, service_id, quantity, unit_price, added_at, service_date) VALUES (1079, 1001, 2, 600, '2024-04-03 10:00:00', '2024-04-03');
INSERT INTO invoices (invoice_code, reservation_id, total, method, invoice_date, created_at) VALUES ('I-990BFFD8', 1079, 16550, 'tarjeta', '2024-04-04', NOW());
INSERT INTO reservations (reservation_id, reservation_code, client_id, room_id, guest_name, guest_email, guest_phone, checkin_date, checkout_date, total, status, created_at) VALUES (1080, 'R-07161ABB', 1061, 1049, 'Paula Rodriguez', 'paula.rodriguez5011@hotel.com', '5551654889', '2024-03-25', '2024-03-27', 9000, 'facturada', NOW());
INSERT INTO reservation_services (reservation_id, service_id, quantity, unit_price, added_at, service_date) VALUES (1080, 1006, 1, 150, '2024-03-26 10:00:00', '2024-03-26');
INSERT INTO invoices (invoice_code, reservation_id, total, method, invoice_date, created_at) VALUES ('I-B81EE424', 1080, 9150, 'tarjeta', '2024-03-27', NOW());
INSERT INTO reservations (reservation_id, reservation_code, client_id, room_id, guest_name, guest_email, guest_phone, checkin_date, checkout_date, total, status, created_at) VALUES (1081, 'R-35835743', 1168, 1015, 'Sofia Reyes', 'sofia.reyes1846@gmail.com', '5541394203', '2025-05-02', '2025-05-03', 4500, 'facturada', NOW());
INSERT INTO reservation_services (reservation_id, service_id, quantity, unit_price, added_at, service_date) VALUES (1081, 1003, 3, 1500, '2025-05-02 10:00:00', '2025-05-02');
INSERT INTO reservation_services (reservation_id, service_id, quantity, unit_price, added_at, service_date) VALUES (1081, 1004, 2, 400, '2025-05-02 10:00:00', '2025-05-02');
INSERT INTO reservation_services (reservation_id, service_id, quantity, unit_price, added_at, service_date) VALUES (1081, 1006, 2, 150, '2025-05-02 10:00:00', '2025-05-02');
INSERT INTO reservation_services (reservation_id, service_id, quantity, unit_price, added_at, service_date) VALUES (1081, 1006, 3, 150, '2025-05-02 10:00:00', '2025-05-02');
INSERT INTO reservation_services (reservation_id, service_id, quantity, unit_price, added_at, service_date) VALUES (1081, 1006, 1, 150, '2025-05-02 10:00:00', '2025-05-02');
INSERT INTO invoices (invoice_code, reservation_id, total, method, invoice_date, created_at) VALUES ('I-23DA7BB1', 1081, 10700, 'efectivo', '2025-05-03', NOW());
INSERT INTO reservations (reservation_id, reservation_code, client_id, room_id, guest_name, guest_email, guest_phone, checkin_date, checkout_date, total, status, created_at) VALUES (1082, 'R-F66FF580', 1146, 1042, 'Sofia Torres', 'sofia.torres8480@hotel.com', '5527148249', '2024-02-07', '2024-02-10', 13500, 'facturada', NOW());
INSERT INTO reservation_services (reservation_id, service_id, quantity, unit_price, added_at, service_date) VALUES (1082, 1004, 3, 400, '2024-02-09 10:00:00', '2024-02-09');
INSERT INTO reservation_services (reservation_id, service_id, quantity, unit_price, added_at, service_date) VALUES (1082, 1003, 2, 1500, '2024-02-09 10:00:00', '2024-02-09');
INSERT INTO reservation_services (reservation_id, service_id, quantity, unit_price, added_at, service_date) VALUES (1082, 1006, 2, 150, '2024-02-09 10:00:00', '2024-02-09');
INSERT INTO reservation_services (reservation_id, service_id, quantity, unit_price, added_at, service_date) VALUES (1082, 1003, 3, 1500, '2024-02-08 10:00:00', '2024-02-08');
INSERT INTO reservation_services (reservation_id, service_id, quantity, unit_price, added_at, service_date) VALUES (1082, 1006, 3, 150, '2024-02-09 10:00:00', '2024-02-09');
INSERT INTO invoices (invoice_code, reservation_id, total, method, invoice_date, created_at) VALUES ('I-8E787642', 1082, 22950, 'transferencia', '2024-02-10', NOW());
INSERT INTO reservations (reservation_id, reservation_code, client_id, room_id, guest_name, guest_email, guest_phone, checkin_date, checkout_date, total, status, created_at) VALUES (1083, 'R-60B73ED0', 1104, 1022, 'Luis Perez', 'luis.perez1352@hotmail.com', '5544373781', '2025-01-16', '2025-01-19', 6600, 'facturada', NOW());
INSERT INTO invoices (invoice_code, reservation_id, total, method, invoice_date, created_at) VALUES ('I-67A273A9', 1083, 6600, 'transferencia', '2025-01-19', NOW());
INSERT INTO reservations (reservation_id, reservation_code, client_id, room_id, guest_name, guest_email, guest_phone, checkin_date, checkout_date, total, status, created_at) VALUES (1084, 'R-1A983D8F', 1192, 1006, 'Isabel Hernandez', 'isabel.hernandez1377@yahoo.com', '5539931304', '2024-05-14', '2024-05-18', 4800, 'facturada', NOW());
INSERT INTO reservation_services (reservation_id, service_id, quantity, unit_price, added_at, service_date) VALUES (1084, 1006, 3, 150, '2024-05-14 10:00:00', '2024-05-14');
INSERT INTO reservation_services (reservation_id, service_id, quantity, unit_price, added_at, service_date) VALUES (1084, 1002, 1, 250, '2024-05-14 10:00:00', '2024-05-14');
INSERT INTO reservation_services (reservation_id, service_id, quantity, unit_price, added_at, service_date) VALUES (1084, 1004, 2, 400, '2024-05-16 10:00:00', '2024-05-16');
INSERT INTO reservation_services (reservation_id, service_id, quantity, unit_price, added_at, service_date) VALUES (1084, 1003, 3, 1500, '2024-05-17 10:00:00', '2024-05-17');
INSERT INTO invoices (invoice_code, reservation_id, total, method, invoice_date, created_at) VALUES ('I-10022F0B', 1084, 10800, 'tarjeta', '2024-05-18', NOW());
INSERT INTO reservations (reservation_id, reservation_code, client_id, room_id, guest_name, guest_email, guest_phone, checkin_date, checkout_date, total, status, created_at) VALUES (1085, 'R-9357909E', 1107, 1049, 'Maria Gomez', 'maria.gomez7977@outlook.com', '5577706154', '2025-05-07', '2025-05-14', 31500, 'facturada', NOW());
INSERT INTO reservation_services (reservation_id, service_id, quantity, unit_price, added_at, service_date) VALUES (1085, 1001, 2, 600, '2025-05-13 10:00:00', '2025-05-13');
INSERT INTO reservation_services (reservation_id, service_id, quantity, unit_price, added_at, service_date) VALUES (1085, 1003, 3, 1500, '2025-05-11 10:00:00', '2025-05-11');
INSERT INTO reservation_services (reservation_id, service_id, quantity, unit_price, added_at, service_date) VALUES (1085, 1004, 3, 400, '2025-05-12 10:00:00', '2025-05-12');
INSERT INTO reservation_services (reservation_id, service_id, quantity, unit_price, added_at, service_date) VALUES (1085, 1004, 1, 400, '2025-05-13 10:00:00', '2025-05-13');
INSERT INTO invoices (invoice_code, reservation_id, total, method, invoice_date, created_at) VALUES ('I-2642B748', 1085, 38800, 'transferencia', '2025-05-14', NOW());
INSERT INTO reservations (reservation_id, reservation_code, client_id, room_id, guest_name, guest_email, guest_phone, checkin_date, checkout_date, total, status, created_at) VALUES (1086, 'R-D775956E', 1127, 1021, 'Pedro Ramirez', 'pedro.ramirez3576@hotel.com', '5591042838', '2024-07-21', '2024-07-23', 9000, 'checkout', NOW());
INSERT INTO reservation_services (reservation_id, service_id, quantity, unit_price, added_at, service_date) VALUES (1086, 1001, 3, 600, '2024-07-22 10:00:00', '2024-07-22');
INSERT INTO reservation_services (reservation_id, service_id, quantity, unit_price, added_at, service_date) VALUES (1086, 1003, 3, 1500, '2024-07-22 10:00:00', '2024-07-22');
INSERT INTO reservation_services (reservation_id, service_id, quantity, unit_price, added_at, service_date) VALUES (1086, 1004, 1, 400, '2024-07-22 10:00:00', '2024-07-22');
INSERT INTO reservation_services (reservation_id, service_id, quantity, unit_price, added_at, service_date) VALUES (1086, 1004, 3, 400, '2024-07-22 10:00:00', '2024-07-22');
INSERT INTO reservations (reservation_id, reservation_code, client_id, room_id, guest_name, guest_email, guest_phone, checkin_date, checkout_date, total, status, created_at) VALUES (1087, 'R-198AA044', 1161, 1018, 'Carmen Flores', 'carmen.flores8781@hotel.com', '5593582386', '2025-05-02', '2025-05-08', 13200, 'checkout', NOW());
INSERT INTO reservations (reservation_id, reservation_code, client_id, room_id, guest_name, guest_email, guest_phone, checkin_date, checkout_date, total, status, created_at) VALUES (1088, 'R-929F4233', 1047, 1017, 'Lucia Perez', 'juan.sanchez348@hotmail.com', '5529012296', '2024-12-15', '2024-12-16', 4500, 'facturada', NOW());
INSERT INTO reservation_services (reservation_id, service_id, quantity, unit_price, added_at, service_date) VALUES (1088, 1001, 2, 600, '2024-12-15 10:00:00', '2024-12-15');
INSERT INTO invoices (invoice_code, reservation_id, total, method, invoice_date, created_at) VALUES ('I-828015F8', 1088, 5700, 'transferencia', '2024-12-16', NOW());
INSERT INTO reservations (reservation_id, reservation_code, client_id, room_id, guest_name, guest_email, guest_phone, checkin_date, checkout_date, total, status, created_at) VALUES (1089, 'R-4D2EF7B6', 1170, 1024, 'David Torres', 'david.torres8388@yahoo.com', '5518147776', '2025-04-24', '2025-04-30', 13200, 'checkout', NOW());
INSERT INTO reservation_services (reservation_id, service_id, quantity, unit_price, added_at, service_date) VALUES (1089, 1002, 2, 250, '2025-04-28 10:00:00', '2025-04-28');
INSERT INTO reservation_services (reservation_id, service_id, quantity, unit_price, added_at, service_date) VALUES (1089, 1004, 1, 400, '2025-04-27 10:00:00', '2025-04-27');
INSERT INTO reservation_services (reservation_id, service_id, quantity, unit_price, added_at, service_date) VALUES (1089, 1005, 1, 500, '2025-04-29 10:00:00', '2025-04-29');
INSERT INTO reservation_services (reservation_id, service_id, quantity, unit_price, added_at, service_date) VALUES (1089, 1004, 2, 400, '2025-04-25 10:00:00', '2025-04-25');
INSERT INTO reservation_services (reservation_id, service_id, quantity, unit_price, added_at, service_date) VALUES (1089, 1006, 1, 150, '2025-04-29 10:00:00', '2025-04-29');
INSERT INTO reservations (reservation_id, reservation_code, client_id, room_id, guest_name, guest_email, guest_phone, checkin_date, checkout_date, total, status, created_at) VALUES (1090, 'R-1F74E348', 1172, 1041, 'Elena Lopez', 'elena.lopez6074@gmail.com', '5552577703', '2024-10-10', '2024-10-13', 6600, 'facturada', NOW());
INSERT INTO invoices (invoice_code, reservation_id, total, method, invoice_date, created_at) VALUES ('I-DA88C9D3', 1090, 6600, 'efectivo', '2024-10-13', NOW());
INSERT INTO reservations (reservation_id, reservation_code, client_id, room_id, guest_name, guest_email, guest_phone, checkin_date, checkout_date, total, status, created_at) VALUES (1091, 'R-27181E80', 1116, 1002, 'Roberto Reyes', 'roberto.reyes8599@hotmail.com', '5550229599', '2024-07-11', '2024-07-12', 2200, 'checkout', NOW());
INSERT INTO reservation_services (reservation_id, service_id, quantity, unit_price, added_at, service_date) VALUES (1091, 1006, 2, 150, '2024-07-11 10:00:00', '2024-07-11');
INSERT INTO reservation_services (reservation_id, service_id, quantity, unit_price, added_at, service_date) VALUES (1091, 1001, 3, 600, '2024-07-11 10:00:00', '2024-07-11');
INSERT INTO reservation_services (reservation_id, service_id, quantity, unit_price, added_at, service_date) VALUES (1091, 1006, 2, 150, '2024-07-11 10:00:00', '2024-07-11');
INSERT INTO reservation_services (reservation_id, service_id, quantity, unit_price, added_at, service_date) VALUES (1091, 1002, 3, 250, '2024-07-11 10:00:00', '2024-07-11');
INSERT INTO reservation_services (reservation_id, service_id, quantity, unit_price, added_at, service_date) VALUES (1091, 1004, 2, 400, '2024-07-11 10:00:00', '2024-07-11');
INSERT INTO reservations (reservation_id, reservation_code, client_id, room_id, guest_name, guest_email, guest_phone, checkin_date, checkout_date, total, status, created_at) VALUES (1092, 'R-4DCBD94B', 1081, 1012, 'Fernando Martinez', 'fernando.martinez1145@gmail.com', '5549279683', '2024-04-26', '2024-04-30', 4800, 'facturada', NOW());
INSERT INTO reservation_services (reservation_id, service_id, quantity, unit_price, added_at, service_date) VALUES (1092, 1004, 2, 400, '2024-04-26 10:00:00', '2024-04-26');
INSERT INTO invoices (invoice_code, reservation_id, total, method, invoice_date, created_at) VALUES ('I-4C98AEFE', 1092, 5600, 'transferencia', '2024-04-30', NOW());
INSERT INTO reservations (reservation_id, reservation_code, client_id, room_id, guest_name, guest_email, guest_phone, checkin_date, checkout_date, total, status, created_at) VALUES (1093, 'R-00B510F0', 1094, 1031, 'Jorge Gomez', 'jorge.gomez3465@gmail.com', '5581425512', '2024-01-07', '2024-01-14', 31500, 'facturada', NOW());
INSERT INTO invoices (invoice_code, reservation_id, total, method, invoice_date, created_at) VALUES ('I-615FB152', 1093, 31500, 'transferencia', '2024-01-14', NOW());
INSERT INTO reservations (reservation_id, reservation_code, client_id, room_id, guest_name, guest_email, guest_phone, checkin_date, checkout_date, total, status, created_at) VALUES (1094, 'R-4BFA3CB7', 1011, 1010, 'Jose Garcia', 'jose.garcia3447@outlook.com', '5556027879', '2024-11-26', '2024-11-28', 2400, 'facturada', NOW());
INSERT INTO reservation_services (reservation_id, service_id, quantity, unit_price, added_at, service_date) VALUES (1094, 1004, 1, 400, '2024-11-26 10:00:00', '2024-11-26');
INSERT INTO invoices (invoice_code, reservation_id, total, method, invoice_date, created_at) VALUES ('I-B3B16DA7', 1094, 2800, 'efectivo', '2024-11-28', NOW());
INSERT INTO reservations (reservation_id, reservation_code, client_id, room_id, guest_name, guest_email, guest_phone, checkin_date, checkout_date, total, status, created_at) VALUES (1095, 'R-4F90612A', 1197, 1024, 'Carmen Gonzalez', 'carmen.gonzalez1671@yahoo.com', '5513041600', '2024-05-14', '2024-05-17', 6600, 'checkout', NOW());
INSERT INTO reservation_services (reservation_id, service_id, quantity, unit_price, added_at, service_date) VALUES (1095, 1002, 3, 250, '2024-05-16 10:00:00', '2024-05-16');
INSERT INTO reservation_services (reservation_id, service_id, quantity, unit_price, added_at, service_date) VALUES (1095, 1004, 1, 400, '2024-05-16 10:00:00', '2024-05-16');
INSERT INTO reservation_services (reservation_id, service_id, quantity, unit_price, added_at, service_date) VALUES (1095, 1005, 2, 500, '2024-05-16 10:00:00', '2024-05-16');
INSERT INTO reservations (reservation_id, reservation_code, client_id, room_id, guest_name, guest_email, guest_phone, checkin_date, checkout_date, total, status, created_at) VALUES (1096, 'R-20C9126A', 1064, 1018, 'Laura Gonzalez', 'laura.gonzalez9005@outlook.com', '5523793630', '2024-11-29', '2024-12-04', 11000, 'facturada', NOW());
INSERT INTO reservation_services (reservation_id, service_id, quantity, unit_price, added_at, service_date) VALUES (1096, 1003, 2, 1500, '2024-12-03 10:00:00', '2024-12-03');
INSERT INTO reservation_services (reservation_id, service_id, quantity, unit_price, added_at, service_date) VALUES (1096, 1006, 1, 150, '2024-12-01 10:00:00', '2024-12-01');
INSERT INTO reservation_services (reservation_id, service_id, quantity, unit_price, added_at, service_date) VALUES (1096, 1000, 1, 800, '2024-12-01 10:00:00', '2024-12-01');
INSERT INTO reservation_services (reservation_id, service_id, quantity, unit_price, added_at, service_date) VALUES (1096, 1000, 3, 800, '2024-12-01 10:00:00', '2024-12-01');
INSERT INTO invoices (invoice_code, reservation_id, total, method, invoice_date, created_at) VALUES ('I-3D820619', 1096, 17350, 'tarjeta', '2024-12-04', NOW());
INSERT INTO reservations (reservation_id, reservation_code, client_id, room_id, guest_name, guest_email, guest_phone, checkin_date, checkout_date, total, status, created_at) VALUES (1097, 'R-5BCC9CF6', 1001, 1010, 'Ana Perez', 'ana.perez8393@hotel.com', '5514085935', '2024-07-20', '2024-07-22', 2400, 'checkout', NOW());
INSERT INTO reservation_services (reservation_id, service_id, quantity, unit_price, added_at, service_date) VALUES (1097, 1000, 1, 800, '2024-07-20 10:00:00', '2024-07-20');
INSERT INTO reservation_services (reservation_id, service_id, quantity, unit_price, added_at, service_date) VALUES (1097, 1004, 2, 400, '2024-07-20 10:00:00', '2024-07-20');
INSERT INTO reservation_services (reservation_id, service_id, quantity, unit_price, added_at, service_date) VALUES (1097, 1005, 1, 500, '2024-07-20 10:00:00', '2024-07-20');
INSERT INTO reservations (reservation_id, reservation_code, client_id, room_id, guest_name, guest_email, guest_phone, checkin_date, checkout_date, total, status, created_at) VALUES (1098, 'R-58FA8F4E', 1177, 1008, 'Fernando Lopez', 'fernando.lopez8026@outlook.com', '5581804915', '2024-10-10', '2024-10-12', 2400, 'facturada', NOW());
INSERT INTO reservation_services (reservation_id, service_id, quantity, unit_price, added_at, service_date) VALUES (1098, 1005, 1, 500, '2024-10-10 10:00:00', '2024-10-10');
INSERT INTO reservation_services (reservation_id, service_id, quantity, unit_price, added_at, service_date) VALUES (1098, 1000, 3, 800, '2024-10-11 10:00:00', '2024-10-11');
INSERT INTO invoices (invoice_code, reservation_id, total, method, invoice_date, created_at) VALUES ('I-44C1DDB6', 1098, 5300, 'efectivo', '2024-10-12', NOW());
INSERT INTO reservations (reservation_id, reservation_code, client_id, room_id, guest_name, guest_email, guest_phone, checkin_date, checkout_date, total, status, created_at) VALUES (1099, 'R-7DEB9213', 1026, 1030, 'Sofia Rodriguez', 'miguel.gonzalez88@yahoo.com', '5549846470', '2024-03-09', '2024-03-11', 9000, 'facturada', NOW());
INSERT INTO reservation_services (reservation_id, service_id, quantity, unit_price, added_at, service_date) VALUES (1099, 1004, 2, 400, '2024-03-10 10:00:00', '2024-03-10');
INSERT INTO invoices (invoice_code, reservation_id, total, method, invoice_date, created_at) VALUES ('I-4DF94C61', 1099, 9800, 'efectivo', '2024-03-11', NOW());
INSERT INTO reservations (reservation_id, reservation_code, client_id, room_id, guest_name, guest_email, guest_phone, checkin_date, checkout_date, total, status, created_at) VALUES (1100, 'R-EC99A772', 1036, 1000, 'Marta Rodriguez', 'marta.rodriguez8707@gmail.com', '5530560361', '2024-03-19', '2024-03-25', 27000, 'facturada', NOW());
INSERT INTO reservation_services (reservation_id, service_id, quantity, unit_price, added_at, service_date) VALUES (1100, 1000, 3, 800, '2024-03-21 10:00:00', '2024-03-21');
INSERT INTO reservation_services (reservation_id, service_id, quantity, unit_price, added_at, service_date) VALUES (1100, 1005, 3, 500, '2024-03-20 10:00:00', '2024-03-20');
INSERT INTO reservation_services (reservation_id, service_id, quantity, unit_price, added_at, service_date) VALUES (1100, 1005, 3, 500, '2024-03-23 10:00:00', '2024-03-23');
INSERT INTO reservation_services (reservation_id, service_id, quantity, unit_price, added_at, service_date) VALUES (1100, 1002, 3, 250, '2024-03-19 10:00:00', '2024-03-19');
INSERT INTO invoices (invoice_code, reservation_id, total, method, invoice_date, created_at) VALUES ('I-1A9B9FE2', 1100, 33150, 'efectivo', '2024-03-25', NOW());
INSERT INTO reservations (reservation_id, reservation_code, client_id, room_id, guest_name, guest_email, guest_phone, checkin_date, checkout_date, total, status, created_at) VALUES (1101, 'R-CAB4B83D', 1011, 1006, 'Jose Garcia', 'jose.garcia3447@outlook.com', '5568607909', '2024-04-10', '2024-04-14', 4800, 'facturada', NOW());
INSERT INTO reservation_services (reservation_id, service_id, quantity, unit_price, added_at, service_date) VALUES (1101, 1003, 2, 1500, '2024-04-11 10:00:00', '2024-04-11');
INSERT INTO reservation_services (reservation_id, service_id, quantity, unit_price, added_at, service_date) VALUES (1101, 1001, 1, 600, '2024-04-12 10:00:00', '2024-04-12');
INSERT INTO invoices (invoice_code, reservation_id, total, method, invoice_date, created_at) VALUES ('I-890714C9', 1101, 8400, 'transferencia', '2024-04-14', NOW());
INSERT INTO reservations (reservation_id, reservation_code, client_id, room_id, guest_name, guest_email, guest_phone, checkin_date, checkout_date, total, status, created_at) VALUES (1102, 'R-A83CF54F', 1097, 1034, 'Roberto Flores', 'roberto.flores6806@gmail.com', '5598635719', '2024-12-13', '2024-12-17', 8800, 'checkout', NOW());
INSERT INTO reservation_services (reservation_id, service_id, quantity, unit_price, added_at, service_date) VALUES (1102, 1003, 1, 1500, '2024-12-13 10:00:00', '2024-12-13');
INSERT INTO reservation_services (reservation_id, service_id, quantity, unit_price, added_at, service_date) VALUES (1102, 1006, 1, 150, '2024-12-15 10:00:00', '2024-12-15');
INSERT INTO reservation_services (reservation_id, service_id, quantity, unit_price, added_at, service_date) VALUES (1102, 1000, 2, 800, '2024-12-16 10:00:00', '2024-12-16');
INSERT INTO reservations (reservation_id, reservation_code, client_id, room_id, guest_name, guest_email, guest_phone, checkin_date, checkout_date, total, status, created_at) VALUES (1103, 'R-0183E5CF', 1120, 1026, 'David Sanchez', 'david.sanchez9835@yahoo.com', '5544127360', '2024-05-08', '2024-05-13', 11000, 'facturada', NOW());
INSERT INTO reservation_services (reservation_id, service_id, quantity, unit_price, added_at, service_date) VALUES (1103, 1003, 2, 1500, '2024-05-12 10:00:00', '2024-05-12');
INSERT INTO invoices (invoice_code, reservation_id, total, method, invoice_date, created_at) VALUES ('I-910B864D', 1103, 14000, 'tarjeta', '2024-05-13', NOW());
INSERT INTO reservations (reservation_id, reservation_code, client_id, room_id, guest_name, guest_email, guest_phone, checkin_date, checkout_date, total, status, created_at) VALUES (1104, 'R-E900E320', 1022, 1027, 'Sofia Hernandez', 'sofia.hernandez9168@hotmail.com', '5549733466', '2024-08-04', '2024-08-06', 2400, 'facturada', NOW());
INSERT INTO reservation_services (reservation_id, service_id, quantity, unit_price, added_at, service_date) VALUES (1104, 1001, 3, 600, '2024-08-05 10:00:00', '2024-08-05');
INSERT INTO reservation_services (reservation_id, service_id, quantity, unit_price, added_at, service_date) VALUES (1104, 1004, 2, 400, '2024-08-04 10:00:00', '2024-08-04');
INSERT INTO reservation_services (reservation_id, service_id, quantity, unit_price, added_at, service_date) VALUES (1104, 1003, 2, 1500, '2024-08-04 10:00:00', '2024-08-04');
INSERT INTO invoices (invoice_code, reservation_id, total, method, invoice_date, created_at) VALUES ('I-F1BF06D7', 1104, 8000, 'transferencia', '2024-08-06', NOW());
INSERT INTO reservations (reservation_id, reservation_code, client_id, room_id, guest_name, guest_email, guest_phone, checkin_date, checkout_date, total, status, created_at) VALUES (1105, 'R-4E1FE765', 1192, 1023, 'Isabel Hernandez', 'isabel.hernandez1377@yahoo.com', '5582269359', '2025-01-15', '2025-01-20', 22500, 'facturada', NOW());
INSERT INTO reservation_services (reservation_id, service_id, quantity, unit_price, added_at, service_date) VALUES (1105, 1001, 1, 600, '2025-01-19 10:00:00', '2025-01-19');
INSERT INTO reservation_services (reservation_id, service_id, quantity, unit_price, added_at, service_date) VALUES (1105, 1005, 2, 500, '2025-01-16 10:00:00', '2025-01-16');
INSERT INTO reservation_services (reservation_id, service_id, quantity, unit_price, added_at, service_date) VALUES (1105, 1004, 3, 400, '2025-01-17 10:00:00', '2025-01-17');
INSERT INTO invoices (invoice_code, reservation_id, total, method, invoice_date, created_at) VALUES ('I-168FD2A5', 1105, 25300, 'tarjeta', '2025-01-20', NOW());
INSERT INTO reservations (reservation_id, reservation_code, client_id, room_id, guest_name, guest_email, guest_phone, checkin_date, checkout_date, total, status, created_at) VALUES (1106, 'R-5C45B5F5', 1052, 1040, 'Fernando Lopez', 'fernando.lopez2188@outlook.com', '5592781720', '2025-01-04', '2025-01-11', 8400, 'cancelada', NOW());
INSERT INTO reservations (reservation_id, reservation_code, client_id, room_id, guest_name, guest_email, guest_phone, checkin_date, checkout_date, total, status, created_at) VALUES (1107, 'R-C79FA03D', 1033, 1013, 'Maria Garcia', 'maria.garcia8425@outlook.com', '5555849035', '2025-01-21', '2025-01-23', 4400, 'facturada', NOW());
INSERT INTO reservation_services (reservation_id, service_id, quantity, unit_price, added_at, service_date) VALUES (1107, 1001, 1, 600, '2025-01-22 10:00:00', '2025-01-22');
INSERT INTO reservation_services (reservation_id, service_id, quantity, unit_price, added_at, service_date) VALUES (1107, 1005, 3, 500, '2025-01-22 10:00:00', '2025-01-22');
INSERT INTO reservation_services (reservation_id, service_id, quantity, unit_price, added_at, service_date) VALUES (1107, 1001, 3, 600, '2025-01-22 10:00:00', '2025-01-22');
INSERT INTO reservation_services (reservation_id, service_id, quantity, unit_price, added_at, service_date) VALUES (1107, 1004, 3, 400, '2025-01-21 10:00:00', '2025-01-21');
INSERT INTO reservation_services (reservation_id, service_id, quantity, unit_price, added_at, service_date) VALUES (1107, 1005, 1, 500, '2025-01-21 10:00:00', '2025-01-21');
INSERT INTO invoices (invoice_code, reservation_id, total, method, invoice_date, created_at) VALUES ('I-30E74118', 1107, 10000, 'transferencia', '2025-01-23', NOW());
INSERT INTO reservations (reservation_id, reservation_code, client_id, room_id, guest_name, guest_email, guest_phone, checkin_date, checkout_date, total, status, created_at) VALUES (1108, 'R-2386C8C6', 1001, 1009, 'Ana Perez', 'ana.perez8393@hotel.com', '5537332322', '2025-02-18', '2025-02-20', 2400, 'facturada', NOW());
INSERT INTO reservation_services (reservation_id, service_id, quantity, unit_price, added_at, service_date) VALUES (1108, 1004, 1, 400, '2025-02-18 10:00:00', '2025-02-18');
INSERT INTO invoices (invoice_code, reservation_id, total, method, invoice_date, created_at) VALUES ('I-B0469E84', 1108, 2800, 'tarjeta', '2025-02-20', NOW());
INSERT INTO reservations (reservation_id, reservation_code, client_id, room_id, guest_name, guest_email, guest_phone, checkin_date, checkout_date, total, status, created_at) VALUES (1109, 'R-E66C8A2B', 1143, 1000, 'Roberto Ramirez', 'roberto.ramirez5669@yahoo.com', '5520778360', '2024-07-05', '2024-07-06', 4500, 'facturada', NOW());
INSERT INTO reservation_services (reservation_id, service_id, quantity, unit_price, added_at, service_date) VALUES (1109, 1001, 3, 600, '2024-07-05 10:00:00', '2024-07-05');
INSERT INTO reservation_services (reservation_id, service_id, quantity, unit_price, added_at, service_date) VALUES (1109, 1001, 1, 600, '2024-07-05 10:00:00', '2024-07-05');
INSERT INTO invoices (invoice_code, reservation_id, total, method, invoice_date, created_at) VALUES ('I-A31CF9AB', 1109, 6900, 'tarjeta', '2024-07-06', NOW());
INSERT INTO reservations (reservation_id, reservation_code, client_id, room_id, guest_name, guest_email, guest_phone, checkin_date, checkout_date, total, status, created_at) VALUES (1110, 'R-3BF783D9', 1093, 1026, 'Maria Garcia', 'maria.garcia3268@yahoo.com', '5583544842', '2025-04-05', '2025-04-09', 8800, 'facturada', NOW());
INSERT INTO reservation_services (reservation_id, service_id, quantity, unit_price, added_at, service_date) VALUES (1110, 1001, 2, 600, '2025-04-08 10:00:00', '2025-04-08');
INSERT INTO reservation_services (reservation_id, service_id, quantity, unit_price, added_at, service_date) VALUES (1110, 1004, 3, 400, '2025-04-07 10:00:00', '2025-04-07');
INSERT INTO reservation_services (reservation_id, service_id, quantity, unit_price, added_at, service_date) VALUES (1110, 1001, 2, 600, '2025-04-05 10:00:00', '2025-04-05');
INSERT INTO reservation_services (reservation_id, service_id, quantity, unit_price, added_at, service_date) VALUES (1110, 1004, 1, 400, '2025-04-06 10:00:00', '2025-04-06');
INSERT INTO reservation_services (reservation_id, service_id, quantity, unit_price, added_at, service_date) VALUES (1110, 1001, 3, 600, '2025-04-07 10:00:00', '2025-04-07');
INSERT INTO invoices (invoice_code, reservation_id, total, method, invoice_date, created_at) VALUES ('I-FCF920E7', 1110, 14600, 'efectivo', '2025-04-09', NOW());
INSERT INTO reservations (reservation_id, reservation_code, client_id, room_id, guest_name, guest_email, guest_phone, checkin_date, checkout_date, total, status, created_at) VALUES (1111, 'R-55A4FA82', 1035, 1019, 'Ana Rivera', 'ana.rivera4886@hotmail.com', '5532366433', '2024-06-15', '2024-06-17', 4400, 'facturada', NOW());
INSERT INTO reservation_services (reservation_id, service_id, quantity, unit_price, added_at, service_date) VALUES (1111, 1005, 2, 500, '2024-06-15 10:00:00', '2024-06-15');
INSERT INTO reservation_services (reservation_id, service_id, quantity, unit_price, added_at, service_date) VALUES (1111, 1003, 2, 1500, '2024-06-15 10:00:00', '2024-06-15');
INSERT INTO reservation_services (reservation_id, service_id, quantity, unit_price, added_at, service_date) VALUES (1111, 1000, 1, 800, '2024-06-16 10:00:00', '2024-06-16');
INSERT INTO reservation_services (reservation_id, service_id, quantity, unit_price, added_at, service_date) VALUES (1111, 1006, 1, 150, '2024-06-16 10:00:00', '2024-06-16');
INSERT INTO invoices (invoice_code, reservation_id, total, method, invoice_date, created_at) VALUES ('I-8A15071C', 1111, 9350, 'efectivo', '2024-06-17', NOW());
INSERT INTO reservations (reservation_id, reservation_code, client_id, room_id, guest_name, guest_email, guest_phone, checkin_date, checkout_date, total, status, created_at) VALUES (1112, 'R-D66622C8', 1081, 1038, 'Fernando Martinez', 'fernando.martinez1145@gmail.com', '5513909420', '2024-07-07', '2024-07-13', 27000, 'facturada', NOW());
INSERT INTO reservation_services (reservation_id, service_id, quantity, unit_price, added_at, service_date) VALUES (1112, 1002, 1, 250, '2024-07-11 10:00:00', '2024-07-11');
INSERT INTO reservation_services (reservation_id, service_id, quantity, unit_price, added_at, service_date) VALUES (1112, 1006, 2, 150, '2024-07-09 10:00:00', '2024-07-09');
INSERT INTO reservation_services (reservation_id, service_id, quantity, unit_price, added_at, service_date) VALUES (1112, 1002, 1, 250, '2024-07-08 10:00:00', '2024-07-08');
INSERT INTO invoices (invoice_code, reservation_id, total, method, invoice_date, created_at) VALUES ('I-F40C32B8', 1112, 27800, 'efectivo', '2024-07-13', NOW());
INSERT INTO reservations (reservation_id, reservation_code, client_id, room_id, guest_name, guest_email, guest_phone, checkin_date, checkout_date, total, status, created_at) VALUES (1113, 'R-784310E2', 1031, 1048, 'David Sanchez', 'david.sanchez6155@yahoo.com', '5519867428', '2024-12-07', '2024-12-14', 8400, 'facturada', NOW());
INSERT INTO reservation_services (reservation_id, service_id, quantity, unit_price, added_at, service_date) VALUES (1113, 1004, 1, 400, '2024-12-09 10:00:00', '2024-12-09');
INSERT INTO invoices (invoice_code, reservation_id, total, method, invoice_date, created_at) VALUES ('I-F6D96EEA', 1113, 8800, 'efectivo', '2024-12-14', NOW());
INSERT INTO reservations (reservation_id, reservation_code, client_id, room_id, guest_name, guest_email, guest_phone, checkin_date, checkout_date, total, status, created_at) VALUES (1114, 'R-256EAFC6', 1167, 1016, 'Luis Rivera', 'luis.rivera9883@yahoo.com', '5557968220', '2024-05-28', '2024-05-29', 2200, 'facturada', NOW());
INSERT INTO reservation_services (reservation_id, service_id, quantity, unit_price, added_at, service_date) VALUES (1114, 1001, 1, 600, '2024-05-28 10:00:00', '2024-05-28');
INSERT INTO reservation_services (reservation_id, service_id, quantity, unit_price, added_at, service_date) VALUES (1114, 1000, 3, 800, '2024-05-28 10:00:00', '2024-05-28');
INSERT INTO invoices (invoice_code, reservation_id, total, method, invoice_date, created_at) VALUES ('I-60E44A0D', 1114, 5200, 'transferencia', '2024-05-29', NOW());
INSERT INTO reservations (reservation_id, reservation_code, client_id, room_id, guest_name, guest_email, guest_phone, checkin_date, checkout_date, total, status, created_at) VALUES (1115, 'R-161ED545', 1040, 1043, 'Jorge Ramirez', 'jorge.ramirez8642@yahoo.com', '5594470997', '2024-06-01', '2024-06-05', 18000, 'checkout', NOW());
INSERT INTO reservation_services (reservation_id, service_id, quantity, unit_price, added_at, service_date) VALUES (1115, 1002, 1, 250, '2024-06-02 10:00:00', '2024-06-02');
INSERT INTO reservation_services (reservation_id, service_id, quantity, unit_price, added_at, service_date) VALUES (1115, 1001, 1, 600, '2024-06-04 10:00:00', '2024-06-04');
INSERT INTO reservations (reservation_id, reservation_code, client_id, room_id, guest_name, guest_email, guest_phone, checkin_date, checkout_date, total, status, created_at) VALUES (1116, 'R-A541D9C7', 1152, 1035, 'Marta Rodriguez', 'marta.rodriguez5994@outlook.com', '5553810800', '2024-10-05', '2024-10-10', 6000, 'checkout', NOW());
INSERT INTO reservation_services (reservation_id, service_id, quantity, unit_price, added_at, service_date) VALUES (1116, 1001, 3, 600, '2024-10-06 10:00:00', '2024-10-06');
INSERT INTO reservations (reservation_id, reservation_code, client_id, room_id, guest_name, guest_email, guest_phone, checkin_date, checkout_date, total, status, created_at) VALUES (1117, 'R-AE567838', 1144, 1042, 'Paula Garcia', 'paula.garcia6028@hotmail.com', '5572403190', '2024-03-14', '2024-03-19', 22500, 'facturada', NOW());
INSERT INTO reservation_services (reservation_id, service_id, quantity, unit_price, added_at, service_date) VALUES (1117, 1006, 3, 150, '2024-03-14 10:00:00', '2024-03-14');
INSERT INTO reservation_services (reservation_id, service_id, quantity, unit_price, added_at, service_date) VALUES (1117, 1004, 1, 400, '2024-03-18 10:00:00', '2024-03-18');
INSERT INTO reservation_services (reservation_id, service_id, quantity, unit_price, added_at, service_date) VALUES (1117, 1004, 3, 400, '2024-03-16 10:00:00', '2024-03-16');
INSERT INTO reservation_services (reservation_id, service_id, quantity, unit_price, added_at, service_date) VALUES (1117, 1000, 1, 800, '2024-03-15 10:00:00', '2024-03-15');
INSERT INTO invoices (invoice_code, reservation_id, total, method, invoice_date, created_at) VALUES ('I-48FC7939', 1117, 25350, 'tarjeta', '2024-03-19', NOW());
INSERT INTO reservations (reservation_id, reservation_code, client_id, room_id, guest_name, guest_email, guest_phone, checkin_date, checkout_date, total, status, created_at) VALUES (1118, 'R-F4254DEE', 1152, 1014, 'Marta Rodriguez', 'marta.rodriguez5994@outlook.com', '5517498695', '2024-11-08', '2024-11-13', 11000, 'facturada', NOW());
INSERT INTO invoices (invoice_code, reservation_id, total, method, invoice_date, created_at) VALUES ('I-427383F1', 1118, 11000, 'tarjeta', '2024-11-13', NOW());
INSERT INTO reservations (reservation_id, reservation_code, client_id, room_id, guest_name, guest_email, guest_phone, checkin_date, checkout_date, total, status, created_at) VALUES (1119, 'R-248A8AD1', 1036, 1028, 'Marta Rodriguez', 'marta.rodriguez8707@gmail.com', '5540542000', '2024-11-28', '2024-11-30', 2400, 'facturada', NOW());
INSERT INTO invoices (invoice_code, reservation_id, total, method, invoice_date, created_at) VALUES ('I-5C8D0438', 1119, 2400, 'tarjeta', '2024-11-30', NOW());
INSERT INTO reservations (reservation_id, reservation_code, client_id, room_id, guest_name, guest_email, guest_phone, checkin_date, checkout_date, total, status, created_at) VALUES (1120, 'R-6E9AE208', 1131, 1033, 'Pedro Reyes', 'pedro.reyes1114@hotmail.com', '5531791695', '2025-02-04', '2025-02-10', 27000, 'checkout', NOW());
INSERT INTO reservation_services (reservation_id, service_id, quantity, unit_price, added_at, service_date) VALUES (1120, 1003, 2, 1500, '2025-02-09 10:00:00', '2025-02-09');
INSERT INTO reservation_services (reservation_id, service_id, quantity, unit_price, added_at, service_date) VALUES (1120, 1003, 3, 1500, '2025-02-09 10:00:00', '2025-02-09');
INSERT INTO reservation_services (reservation_id, service_id, quantity, unit_price, added_at, service_date) VALUES (1120, 1004, 3, 400, '2025-02-08 10:00:00', '2025-02-08');
INSERT INTO reservations (reservation_id, reservation_code, client_id, room_id, guest_name, guest_email, guest_phone, checkin_date, checkout_date, total, status, created_at) VALUES (1121, 'R-4F0808E0', 1155, 1008, 'Carlos Reyes', 'carlos.reyes8837@outlook.com', '5544134922', '2024-03-16', '2024-03-22', 7200, 'facturada', NOW());
INSERT INTO reservation_services (reservation_id, service_id, quantity, unit_price, added_at, service_date) VALUES (1121, 1006, 3, 150, '2024-03-20 10:00:00', '2024-03-20');
INSERT INTO reservation_services (reservation_id, service_id, quantity, unit_price, added_at, service_date) VALUES (1121, 1006, 2, 150, '2024-03-17 10:00:00', '2024-03-17');
INSERT INTO reservation_services (reservation_id, service_id, quantity, unit_price, added_at, service_date) VALUES (1121, 1004, 2, 400, '2024-03-17 10:00:00', '2024-03-17');
INSERT INTO reservation_services (reservation_id, service_id, quantity, unit_price, added_at, service_date) VALUES (1121, 1004, 2, 400, '2024-03-19 10:00:00', '2024-03-19');
INSERT INTO invoices (invoice_code, reservation_id, total, method, invoice_date, created_at) VALUES ('I-C89A0DC7', 1121, 9550, 'tarjeta', '2024-03-22', NOW());
INSERT INTO reservations (reservation_id, reservation_code, client_id, room_id, guest_name, guest_email, guest_phone, checkin_date, checkout_date, total, status, created_at) VALUES (1122, 'R-379EE0F0', 1065, 1004, 'Jorge Perez', 'jorge.perez8385@outlook.com', '5555608325', '2025-01-27', '2025-02-02', 13200, 'facturada', NOW());
INSERT INTO invoices (invoice_code, reservation_id, total, method, invoice_date, created_at) VALUES ('I-6B12F5E8', 1122, 13200, 'transferencia', '2025-02-02', NOW());
INSERT INTO reservations (reservation_id, reservation_code, client_id, room_id, guest_name, guest_email, guest_phone, checkin_date, checkout_date, total, status, created_at) VALUES (1123, 'R-02D64845', 1093, 1019, 'Maria Garcia', 'maria.garcia3268@yahoo.com', '5529233344', '2024-04-01', '2024-04-02', 2200, 'facturada', NOW());
INSERT INTO reservation_services (reservation_id, service_id, quantity, unit_price, added_at, service_date) VALUES (1123, 1001, 2, 600, '2024-04-01 10:00:00', '2024-04-01');
INSERT INTO reservation_services (reservation_id, service_id, quantity, unit_price, added_at, service_date) VALUES (1123, 1003, 1, 1500, '2024-04-01 10:00:00', '2024-04-01');
INSERT INTO invoices (invoice_code, reservation_id, total, method, invoice_date, created_at) VALUES ('I-09712A0A', 1123, 4900, 'tarjeta', '2024-04-02', NOW());
INSERT INTO reservations (reservation_id, reservation_code, client_id, room_id, guest_name, guest_email, guest_phone, checkin_date, checkout_date, total, status, created_at) VALUES (1124, 'R-2380ED75', 1090, 1045, 'Sofia Hernandez', 'sofia.hernandez2447@hotel.com', '5577268718', '2024-08-08', '2024-08-12', 18000, 'checkout', NOW());
INSERT INTO reservations (reservation_id, reservation_code, client_id, room_id, guest_name, guest_email, guest_phone, checkin_date, checkout_date, total, status, created_at) VALUES (1125, 'R-81DDD5A9', 1091, 1048, 'Laura Gomez', 'laura.gomez8942@hotmail.com', '5564390553', '2025-02-17', '2025-02-21', 4800, 'checkout', NOW());
INSERT INTO reservation_services (reservation_id, service_id, quantity, unit_price, added_at, service_date) VALUES (1125, 1005, 2, 500, '2025-02-20 10:00:00', '2025-02-20');
INSERT INTO reservation_services (reservation_id, service_id, quantity, unit_price, added_at, service_date) VALUES (1125, 1002, 3, 250, '2025-02-17 10:00:00', '2025-02-17');
INSERT INTO reservation_services (reservation_id, service_id, quantity, unit_price, added_at, service_date) VALUES (1125, 1006, 3, 150, '2025-02-20 10:00:00', '2025-02-20');
INSERT INTO reservations (reservation_id, reservation_code, client_id, room_id, guest_name, guest_email, guest_phone, checkin_date, checkout_date, total, status, created_at) VALUES (1126, 'R-21A10576', 1181, 1038, 'Elena Rivera', 'elena.rivera2476@gmail.com', '5544166921', '2024-06-13', '2024-06-16', 13500, 'checkout', NOW());
INSERT INTO reservation_services (reservation_id, service_id, quantity, unit_price, added_at, service_date) VALUES (1126, 1001, 1, 600, '2024-06-15 10:00:00', '2024-06-15');
INSERT INTO reservation_services (reservation_id, service_id, quantity, unit_price, added_at, service_date) VALUES (1126, 1003, 1, 1500, '2024-06-15 10:00:00', '2024-06-15');
INSERT INTO reservations (reservation_id, reservation_code, client_id, room_id, guest_name, guest_email, guest_phone, checkin_date, checkout_date, total, status, created_at) VALUES (1127, 'R-BB621A51', 1188, 1042, 'Elena Diaz', 'elena.diaz3033@yahoo.com', '5510022204', '2024-02-21', '2024-02-24', 13500, 'facturada', NOW());
INSERT INTO invoices (invoice_code, reservation_id, total, method, invoice_date, created_at) VALUES ('I-703FC537', 1127, 13500, 'transferencia', '2024-02-24', NOW());
INSERT INTO reservations (reservation_id, reservation_code, client_id, room_id, guest_name, guest_email, guest_phone, checkin_date, checkout_date, total, status, created_at) VALUES (1128, 'R-A9C71D30', 1191, 1034, 'Jose Lopez', 'jose.lopez7262@yahoo.com', '5533523516', '2024-09-26', '2024-10-02', 13200, 'facturada', NOW());
INSERT INTO invoices (invoice_code, reservation_id, total, method, invoice_date, created_at) VALUES ('I-58824E74', 1128, 13200, 'transferencia', '2024-10-02', NOW());
INSERT INTO reservations (reservation_id, reservation_code, client_id, room_id, guest_name, guest_email, guest_phone, checkin_date, checkout_date, total, status, created_at) VALUES (1129, 'R-CF3DAD60', 1045, 1016, 'Laura Sanchez', 'laura.sanchez4752@yahoo.com', '5578643776', '2024-03-27', '2024-04-01', 11000, 'facturada', NOW());
INSERT INTO reservation_services (reservation_id, service_id, quantity, unit_price, added_at, service_date) VALUES (1129, 1001, 3, 600, '2024-03-29 10:00:00', '2024-03-29');
INSERT INTO reservation_services (reservation_id, service_id, quantity, unit_price, added_at, service_date) VALUES (1129, 1005, 3, 500, '2024-03-27 10:00:00', '2024-03-27');
INSERT INTO reservation_services (reservation_id, service_id, quantity, unit_price, added_at, service_date) VALUES (1129, 1006, 1, 150, '2024-03-27 10:00:00', '2024-03-27');
INSERT INTO reservation_services (reservation_id, service_id, quantity, unit_price, added_at, service_date) VALUES (1129, 1004, 3, 400, '2024-03-31 10:00:00', '2024-03-31');
INSERT INTO reservation_services (reservation_id, service_id, quantity, unit_price, added_at, service_date) VALUES (1129, 1005, 3, 500, '2024-03-28 10:00:00', '2024-03-28');
INSERT INTO invoices (invoice_code, reservation_id, total, method, invoice_date, created_at) VALUES ('I-EC4758DE', 1129, 17150, 'tarjeta', '2024-04-01', NOW());
INSERT INTO reservations (reservation_id, reservation_code, client_id, room_id, guest_name, guest_email, guest_phone, checkin_date, checkout_date, total, status, created_at) VALUES (1130, 'R-8A7AE0A0', 1009, 1042, 'Juan Rodriguez', 'juan.rodriguez3535@hotmail.com', '5511089255', '2024-07-08', '2024-07-15', 31500, 'facturada', NOW());
INSERT INTO reservation_services (reservation_id, service_id, quantity, unit_price, added_at, service_date) VALUES (1130, 1000, 2, 800, '2024-07-12 10:00:00', '2024-07-12');
INSERT INTO invoices (invoice_code, reservation_id, total, method, invoice_date, created_at) VALUES ('I-7D7DFE09', 1130, 33100, 'tarjeta', '2024-07-15', NOW());
INSERT INTO reservations (reservation_id, reservation_code, client_id, room_id, guest_name, guest_email, guest_phone, checkin_date, checkout_date, total, status, created_at) VALUES (1131, 'R-ECD6DE58', 1063, 1015, 'David Reyes', 'david.reyes2620@hotel.com', '5573699517', '2025-04-06', '2025-04-07', 4500, 'facturada', NOW());
INSERT INTO reservation_services (reservation_id, service_id, quantity, unit_price, added_at, service_date) VALUES (1131, 1004, 2, 400, '2025-04-06 10:00:00', '2025-04-06');
INSERT INTO reservation_services (reservation_id, service_id, quantity, unit_price, added_at, service_date) VALUES (1131, 1000, 2, 800, '2025-04-06 10:00:00', '2025-04-06');
INSERT INTO reservation_services (reservation_id, service_id, quantity, unit_price, added_at, service_date) VALUES (1131, 1001, 3, 600, '2025-04-06 10:00:00', '2025-04-06');
INSERT INTO invoices (invoice_code, reservation_id, total, method, invoice_date, created_at) VALUES ('I-3C4862DD', 1131, 8700, 'tarjeta', '2025-04-07', NOW());
INSERT INTO reservations (reservation_id, reservation_code, client_id, room_id, guest_name, guest_email, guest_phone, checkin_date, checkout_date, total, status, created_at) VALUES (1132, 'R-4820E233', 1094, 1005, 'Jorge Gomez', 'jorge.gomez3465@gmail.com', '5512732625', '2024-05-12', '2024-05-13', 1200, 'checkout', NOW());
INSERT INTO reservation_services (reservation_id, service_id, quantity, unit_price, added_at, service_date) VALUES (1132, 1005, 3, 500, '2024-05-12 10:00:00', '2024-05-12');
INSERT INTO reservation_services (reservation_id, service_id, quantity, unit_price, added_at, service_date) VALUES (1132, 1006, 3, 150, '2024-05-12 10:00:00', '2024-05-12');
INSERT INTO reservation_services (reservation_id, service_id, quantity, unit_price, added_at, service_date) VALUES (1132, 1000, 3, 800, '2024-05-12 10:00:00', '2024-05-12');
INSERT INTO reservation_services (reservation_id, service_id, quantity, unit_price, added_at, service_date) VALUES (1132, 1003, 2, 1500, '2024-05-12 10:00:00', '2024-05-12');
INSERT INTO reservations (reservation_id, reservation_code, client_id, room_id, guest_name, guest_email, guest_phone, checkin_date, checkout_date, total, status, created_at) VALUES (1133, 'R-5AA599AF', 1042, 1042, 'Fernando Diaz', 'juan.gomez35@gmail.com', '5593285507', '2025-03-12', '2025-03-16', 18000, 'facturada', NOW());
INSERT INTO invoices (invoice_code, reservation_id, total, method, invoice_date, created_at) VALUES ('I-9A7153EA', 1133, 18000, 'transferencia', '2025-03-16', NOW());
INSERT INTO reservations (reservation_id, reservation_code, client_id, room_id, guest_name, guest_email, guest_phone, checkin_date, checkout_date, total, status, created_at) VALUES (1134, 'R-859A4FCE', 1030, 1034, 'David Reyes', 'david.reyes5874@outlook.com', '5547246879', '2024-10-29', '2024-10-31', 4400, 'facturada', NOW());
INSERT INTO reservation_services (reservation_id, service_id, quantity, unit_price, added_at, service_date) VALUES (1134, 1006, 3, 150, '2024-10-29 10:00:00', '2024-10-29');
INSERT INTO reservation_services (reservation_id, service_id, quantity, unit_price, added_at, service_date) VALUES (1134, 1001, 3, 600, '2024-10-29 10:00:00', '2024-10-29');
INSERT INTO reservation_services (reservation_id, service_id, quantity, unit_price, added_at, service_date) VALUES (1134, 1000, 1, 800, '2024-10-29 10:00:00', '2024-10-29');
INSERT INTO invoices (invoice_code, reservation_id, total, method, invoice_date, created_at) VALUES ('I-1F9F23AE', 1134, 7450, 'efectivo', '2024-10-31', NOW());
INSERT INTO reservations (reservation_id, reservation_code, client_id, room_id, guest_name, guest_email, guest_phone, checkin_date, checkout_date, total, status, created_at) VALUES (1135, 'R-099CFA44', 1175, 1029, 'Miguel Garcia', 'miguel.garcia3864@hotmail.com', '5548958169', '2025-05-31', '2025-06-05', 11000, 'facturada', NOW());
INSERT INTO reservation_services (reservation_id, service_id, quantity, unit_price, added_at, service_date) VALUES (1135, 1006, 3, 150, '2025-05-31 10:00:00', '2025-05-31');
INSERT INTO reservation_services (reservation_id, service_id, quantity, unit_price, added_at, service_date) VALUES (1135, 1004, 2, 400, '2025-06-04 10:00:00', '2025-06-04');
INSERT INTO reservation_services (reservation_id, service_id, quantity, unit_price, added_at, service_date) VALUES (1135, 1001, 2, 600, '2025-05-31 10:00:00', '2025-05-31');
INSERT INTO reservation_services (reservation_id, service_id, quantity, unit_price, added_at, service_date) VALUES (1135, 1006, 2, 150, '2025-06-01 10:00:00', '2025-06-01');
INSERT INTO reservation_services (reservation_id, service_id, quantity, unit_price, added_at, service_date) VALUES (1135, 1005, 3, 500, '2025-06-01 10:00:00', '2025-06-01');
INSERT INTO invoices (invoice_code, reservation_id, total, method, invoice_date, created_at) VALUES ('I-ACC39834', 1135, 15250, 'efectivo', '2025-06-05', NOW());
INSERT INTO reservations (reservation_id, reservation_code, client_id, room_id, guest_name, guest_email, guest_phone, checkin_date, checkout_date, total, status, created_at) VALUES (1136, 'R-205C58C5', 1071, 1049, 'Luis Reyes', 'luis.reyes5944@hotmail.com', '5516142128', '2024-12-17', '2024-12-23', 27000, 'cancelada', NOW());
INSERT INTO reservations (reservation_id, reservation_code, client_id, room_id, guest_name, guest_email, guest_phone, checkin_date, checkout_date, total, status, created_at) VALUES (1137, 'R-69C6225F', 1173, 1036, 'Carlos Gomez', 'carlos.gomez8272@gmail.com', '5579713827', '2024-01-10', '2024-01-16', 27000, 'facturada', NOW());
INSERT INTO reservation_services (reservation_id, service_id, quantity, unit_price, added_at, service_date) VALUES (1137, 1001, 1, 600, '2024-01-10 10:00:00', '2024-01-10');
INSERT INTO invoices (invoice_code, reservation_id, total, method, invoice_date, created_at) VALUES ('I-73362B15', 1137, 27600, 'efectivo', '2024-01-16', NOW());
INSERT INTO reservations (reservation_id, reservation_code, client_id, room_id, guest_name, guest_email, guest_phone, checkin_date, checkout_date, total, status, created_at) VALUES (1138, 'R-69C79CAF', 1036, 1021, 'Marta Rodriguez', 'marta.rodriguez8707@gmail.com', '5511936101', '2024-02-14', '2024-02-21', 31500, 'facturada', NOW());
INSERT INTO reservation_services (reservation_id, service_id, quantity, unit_price, added_at, service_date) VALUES (1138, 1002, 1, 250, '2024-02-20 10:00:00', '2024-02-20');
INSERT INTO reservation_services (reservation_id, service_id, quantity, unit_price, added_at, service_date) VALUES (1138, 1003, 2, 1500, '2024-02-20 10:00:00', '2024-02-20');
INSERT INTO invoices (invoice_code, reservation_id, total, method, invoice_date, created_at) VALUES ('I-7B21E10D', 1138, 34750, 'tarjeta', '2024-02-21', NOW());
INSERT INTO reservations (reservation_id, reservation_code, client_id, room_id, guest_name, guest_email, guest_phone, checkin_date, checkout_date, total, status, created_at) VALUES (1139, 'R-AB75B450', 1068, 1049, 'Paula Rodriguez', 'paula.rodriguez2379@hotmail.com', '5530509141', '2025-05-02', '2025-05-03', 4500, 'facturada', NOW());
INSERT INTO reservation_services (reservation_id, service_id, quantity, unit_price, added_at, service_date) VALUES (1139, 1005, 2, 500, '2025-05-02 10:00:00', '2025-05-02');
INSERT INTO reservation_services (reservation_id, service_id, quantity, unit_price, added_at, service_date) VALUES (1139, 1005, 3, 500, '2025-05-02 10:00:00', '2025-05-02');
INSERT INTO reservation_services (reservation_id, service_id, quantity, unit_price, added_at, service_date) VALUES (1139, 1006, 1, 150, '2025-05-02 10:00:00', '2025-05-02');
INSERT INTO reservation_services (reservation_id, service_id, quantity, unit_price, added_at, service_date) VALUES (1139, 1005, 2, 500, '2025-05-02 10:00:00', '2025-05-02');
INSERT INTO invoices (invoice_code, reservation_id, total, method, invoice_date, created_at) VALUES ('I-C1AFA7F8', 1139, 8150, 'efectivo', '2025-05-03', NOW());
INSERT INTO reservations (reservation_id, reservation_code, client_id, room_id, guest_name, guest_email, guest_phone, checkin_date, checkout_date, total, status, created_at) VALUES (1140, 'R-D365BD8F', 1069, 1007, 'Ana Hernandez', 'ana.hernandez1491@gmail.com', '5552831951', '2024-12-25', '2024-12-27', 4400, 'facturada', NOW());
INSERT INTO reservation_services (reservation_id, service_id, quantity, unit_price, added_at, service_date) VALUES (1140, 1006, 2, 150, '2024-12-26 10:00:00', '2024-12-26');
INSERT INTO invoices (invoice_code, reservation_id, total, method, invoice_date, created_at) VALUES ('I-7921D7A2', 1140, 4700, 'efectivo', '2024-12-27', NOW());
INSERT INTO reservations (reservation_id, reservation_code, client_id, room_id, guest_name, guest_email, guest_phone, checkin_date, checkout_date, total, status, created_at) VALUES (1141, 'R-ABC98CA1', 1062, 1048, 'Luis Hernandez', 'luis.hernandez3100@outlook.com', '5515429133', '2024-08-16', '2024-08-23', 8400, 'facturada', NOW());
INSERT INTO reservation_services (reservation_id, service_id, quantity, unit_price, added_at, service_date) VALUES (1141, 1001, 3, 600, '2024-08-18 10:00:00', '2024-08-18');
INSERT INTO reservation_services (reservation_id, service_id, quantity, unit_price, added_at, service_date) VALUES (1141, 1004, 1, 400, '2024-08-21 10:00:00', '2024-08-21');
INSERT INTO invoices (invoice_code, reservation_id, total, method, invoice_date, created_at) VALUES ('I-0C4451AD', 1141, 10600, 'transferencia', '2024-08-23', NOW());
INSERT INTO reservations (reservation_id, reservation_code, client_id, room_id, guest_name, guest_email, guest_phone, checkin_date, checkout_date, total, status, created_at) VALUES (1142, 'R-2C57DCF8', 1019, 1032, 'Roberto Perez', 'ana.perez24@gmail.com', '5597823510', '2024-03-07', '2024-03-10', 13500, 'cancelada', NOW());
INSERT INTO reservations (reservation_id, reservation_code, client_id, room_id, guest_name, guest_email, guest_phone, checkin_date, checkout_date, total, status, created_at) VALUES (1143, 'R-5B0E7512', 1151, 1021, 'Sofia Torres', 'sofia.torres9119@gmail.com', '5525175578', '2024-02-28', '2024-03-04', 22500, 'facturada', NOW());
INSERT INTO reservation_services (reservation_id, service_id, quantity, unit_price, added_at, service_date) VALUES (1143, 1000, 2, 800, '2024-02-28 10:00:00', '2024-02-28');
INSERT INTO reservation_services (reservation_id, service_id, quantity, unit_price, added_at, service_date) VALUES (1143, 1005, 1, 500, '2024-03-03 10:00:00', '2024-03-03');
INSERT INTO reservation_services (reservation_id, service_id, quantity, unit_price, added_at, service_date) VALUES (1143, 1001, 1, 600, '2024-03-02 10:00:00', '2024-03-02');
INSERT INTO reservation_services (reservation_id, service_id, quantity, unit_price, added_at, service_date) VALUES (1143, 1002, 2, 250, '2024-03-03 10:00:00', '2024-03-03');
INSERT INTO reservation_services (reservation_id, service_id, quantity, unit_price, added_at, service_date) VALUES (1143, 1004, 3, 400, '2024-03-02 10:00:00', '2024-03-02');
INSERT INTO invoices (invoice_code, reservation_id, total, method, invoice_date, created_at) VALUES ('I-F7F2A17F', 1143, 26900, 'efectivo', '2024-03-04', NOW());
INSERT INTO reservations (reservation_id, reservation_code, client_id, room_id, guest_name, guest_email, guest_phone, checkin_date, checkout_date, total, status, created_at) VALUES (1144, 'R-01BFF3BD', 1085, 1032, 'Lucia Rodriguez', 'lucia.rodriguez5755@outlook.com', '5576480108', '2024-09-15', '2024-09-20', 22500, 'facturada', NOW());
INSERT INTO reservation_services (reservation_id, service_id, quantity, unit_price, added_at, service_date) VALUES (1144, 1001, 1, 600, '2024-09-18 10:00:00', '2024-09-18');
INSERT INTO reservation_services (reservation_id, service_id, quantity, unit_price, added_at, service_date) VALUES (1144, 1002, 1, 250, '2024-09-19 10:00:00', '2024-09-19');
INSERT INTO reservation_services (reservation_id, service_id, quantity, unit_price, added_at, service_date) VALUES (1144, 1003, 2, 1500, '2024-09-15 10:00:00', '2024-09-15');
INSERT INTO reservation_services (reservation_id, service_id, quantity, unit_price, added_at, service_date) VALUES (1144, 1005, 2, 500, '2024-09-17 10:00:00', '2024-09-17');
INSERT INTO reservation_services (reservation_id, service_id, quantity, unit_price, added_at, service_date) VALUES (1144, 1006, 3, 150, '2024-09-18 10:00:00', '2024-09-18');
INSERT INTO invoices (invoice_code, reservation_id, total, method, invoice_date, created_at) VALUES ('I-6B69FEB5', 1144, 27800, 'efectivo', '2024-09-20', NOW());
INSERT INTO reservations (reservation_id, reservation_code, client_id, room_id, guest_name, guest_email, guest_phone, checkin_date, checkout_date, total, status, created_at) VALUES (1145, 'R-274D2E04', 1191, 1031, 'Jose Lopez', 'jose.lopez7262@yahoo.com', '5565377194', '2024-03-17', '2024-03-23', 27000, 'facturada', NOW());
INSERT INTO reservation_services (reservation_id, service_id, quantity, unit_price, added_at, service_date) VALUES (1145, 1004, 2, 400, '2024-03-18 10:00:00', '2024-03-18');
INSERT INTO reservation_services (reservation_id, service_id, quantity, unit_price, added_at, service_date) VALUES (1145, 1002, 1, 250, '2024-03-18 10:00:00', '2024-03-18');
INSERT INTO invoices (invoice_code, reservation_id, total, method, invoice_date, created_at) VALUES ('I-E00FB3EF', 1145, 28050, 'transferencia', '2024-03-23', NOW());
INSERT INTO reservations (reservation_id, reservation_code, client_id, room_id, guest_name, guest_email, guest_phone, checkin_date, checkout_date, total, status, created_at) VALUES (1146, 'R-543AD459', 1145, 1049, 'Carlos Lopez', 'carlos.lopez4054@yahoo.com', '5599419812', '2024-01-29', '2024-01-31', 9000, 'facturada', NOW());
INSERT INTO invoices (invoice_code, reservation_id, total, method, invoice_date, created_at) VALUES ('I-5E63401E', 1146, 9000, 'tarjeta', '2024-01-31', NOW());
INSERT INTO reservations (reservation_id, reservation_code, client_id, room_id, guest_name, guest_email, guest_phone, checkin_date, checkout_date, total, status, created_at) VALUES (1147, 'R-FD9304E5', 1166, 1000, 'Luis Garcia', 'luis.garcia1860@hotmail.com', '5538836079', '2025-04-03', '2025-04-05', 9000, 'facturada', NOW());
INSERT INTO reservation_services (reservation_id, service_id, quantity, unit_price, added_at, service_date) VALUES (1147, 1002, 2, 250, '2025-04-03 10:00:00', '2025-04-03');
INSERT INTO invoices (invoice_code, reservation_id, total, method, invoice_date, created_at) VALUES ('I-6957423A', 1147, 9500, 'tarjeta', '2025-04-05', NOW());
INSERT INTO reservations (reservation_id, reservation_code, client_id, room_id, guest_name, guest_email, guest_phone, checkin_date, checkout_date, total, status, created_at) VALUES (1148, 'R-EE935498', 1139, 1041, 'Miguel Martinez', 'miguel.martinez9056@yahoo.com', '5555763619', '2024-04-20', '2024-04-26', 13200, 'facturada', NOW());
INSERT INTO reservation_services (reservation_id, service_id, quantity, unit_price, added_at, service_date) VALUES (1148, 1003, 2, 1500, '2024-04-24 10:00:00', '2024-04-24');
INSERT INTO invoices (invoice_code, reservation_id, total, method, invoice_date, created_at) VALUES ('I-35784563', 1148, 16200, 'tarjeta', '2024-04-26', NOW());
INSERT INTO reservations (reservation_id, reservation_code, client_id, room_id, guest_name, guest_email, guest_phone, checkin_date, checkout_date, total, status, created_at) VALUES (1149, 'R-C4D6154B', 1185, 1029, 'Laura Gonzalez', 'laura.gonzalez5066@hotel.com', '5512680421', '2024-03-04', '2024-03-06', 4400, 'facturada', NOW());
INSERT INTO reservation_services (reservation_id, service_id, quantity, unit_price, added_at, service_date) VALUES (1149, 1005, 1, 500, '2024-03-04 10:00:00', '2024-03-04');
INSERT INTO reservation_services (reservation_id, service_id, quantity, unit_price, added_at, service_date) VALUES (1149, 1005, 3, 500, '2024-03-05 10:00:00', '2024-03-05');
INSERT INTO reservation_services (reservation_id, service_id, quantity, unit_price, added_at, service_date) VALUES (1149, 1005, 3, 500, '2024-03-05 10:00:00', '2024-03-05');
INSERT INTO invoices (invoice_code, reservation_id, total, method, invoice_date, created_at) VALUES ('I-8AEBEB39', 1149, 7900, 'efectivo', '2024-03-06', NOW());
INSERT INTO reservations (reservation_id, reservation_code, client_id, room_id, guest_name, guest_email, guest_phone, checkin_date, checkout_date, total, status, created_at) VALUES (1150, 'R-674A9EBF', 1036, 1025, 'Marta Rodriguez', 'marta.rodriguez8707@gmail.com', '5518375251', '2024-02-24', '2024-02-25', 1200, 'facturada', NOW());
INSERT INTO reservation_services (reservation_id, service_id, quantity, unit_price, added_at, service_date) VALUES (1150, 1005, 1, 500, '2024-02-24 10:00:00', '2024-02-24');
INSERT INTO reservation_services (reservation_id, service_id, quantity, unit_price, added_at, service_date) VALUES (1150, 1000, 2, 800, '2024-02-24 10:00:00', '2024-02-24');
INSERT INTO reservation_services (reservation_id, service_id, quantity, unit_price, added_at, service_date) VALUES (1150, 1000, 2, 800, '2024-02-24 10:00:00', '2024-02-24');
INSERT INTO reservation_services (reservation_id, service_id, quantity, unit_price, added_at, service_date) VALUES (1150, 1002, 1, 250, '2024-02-24 10:00:00', '2024-02-24');
INSERT INTO invoices (invoice_code, reservation_id, total, method, invoice_date, created_at) VALUES ('I-85BEA194', 1150, 5150, 'efectivo', '2024-02-25', NOW());
INSERT INTO reservations (reservation_id, reservation_code, client_id, room_id, guest_name, guest_email, guest_phone, checkin_date, checkout_date, total, status, created_at) VALUES (1151, 'R-24347E88', 1062, 1027, 'Luis Hernandez', 'luis.hernandez3100@outlook.com', '5554898139', '2024-01-06', '2024-01-08', 2400, 'facturada', NOW());
INSERT INTO reservation_services (reservation_id, service_id, quantity, unit_price, added_at, service_date) VALUES (1151, 1004, 3, 400, '2024-01-06 10:00:00', '2024-01-06');
INSERT INTO invoices (invoice_code, reservation_id, total, method, invoice_date, created_at) VALUES ('I-CB9086DF', 1151, 3600, 'efectivo', '2024-01-08', NOW());
INSERT INTO reservations (reservation_id, reservation_code, client_id, room_id, guest_name, guest_email, guest_phone, checkin_date, checkout_date, total, status, created_at) VALUES (1152, 'R-FA63DCA3', 1060, 1025, 'Miguel Torres', 'miguel.torres3743@hotmail.com', '5538565728', '2024-09-27', '2024-10-01', 4800, 'facturada', NOW());
INSERT INTO reservation_services (reservation_id, service_id, quantity, unit_price, added_at, service_date) VALUES (1152, 1004, 3, 400, '2024-09-28 10:00:00', '2024-09-28');
INSERT INTO reservation_services (reservation_id, service_id, quantity, unit_price, added_at, service_date) VALUES (1152, 1003, 1, 1500, '2024-09-29 10:00:00', '2024-09-29');
INSERT INTO reservation_services (reservation_id, service_id, quantity, unit_price, added_at, service_date) VALUES (1152, 1005, 2, 500, '2024-09-28 10:00:00', '2024-09-28');
INSERT INTO reservation_services (reservation_id, service_id, quantity, unit_price, added_at, service_date) VALUES (1152, 1000, 2, 800, '2024-09-30 10:00:00', '2024-09-30');
INSERT INTO invoices (invoice_code, reservation_id, total, method, invoice_date, created_at) VALUES ('I-8887048D', 1152, 10100, 'transferencia', '2024-10-01', NOW());
INSERT INTO reservations (reservation_id, reservation_code, client_id, room_id, guest_name, guest_email, guest_phone, checkin_date, checkout_date, total, status, created_at) VALUES (1153, 'R-0EA84390', 1073, 1012, 'Maria Gonzalez', 'maria.gonzalez2836@gmail.com', '5517392217', '2025-04-03', '2025-04-07', 4800, 'facturada', NOW());
INSERT INTO reservation_services (reservation_id, service_id, quantity, unit_price, added_at, service_date) VALUES (1153, 1001, 2, 600, '2025-04-06 10:00:00', '2025-04-06');
INSERT INTO invoices (invoice_code, reservation_id, total, method, invoice_date, created_at) VALUES ('I-93975DEA', 1153, 6000, 'tarjeta', '2025-04-07', NOW());
INSERT INTO reservations (reservation_id, reservation_code, client_id, room_id, guest_name, guest_email, guest_phone, checkin_date, checkout_date, total, status, created_at) VALUES (1154, 'R-64DF0676', 1071, 1035, 'Luis Reyes', 'luis.reyes5944@hotmail.com', '5547009629', '2024-12-22', '2024-12-28', 7200, 'facturada', NOW());
INSERT INTO reservation_services (reservation_id, service_id, quantity, unit_price, added_at, service_date) VALUES (1154, 1006, 3, 150, '2024-12-27 10:00:00', '2024-12-27');
INSERT INTO invoices (invoice_code, reservation_id, total, method, invoice_date, created_at) VALUES ('I-80CD24FE', 1154, 7650, 'efectivo', '2024-12-28', NOW());
INSERT INTO reservations (reservation_id, reservation_code, client_id, room_id, guest_name, guest_email, guest_phone, checkin_date, checkout_date, total, status, created_at) VALUES (1155, 'R-ACA8593E', 1046, 1021, 'Miguel Garcia', 'miguel.garcia7471@hotel.com', '5541548284', '2024-01-22', '2024-01-25', 13500, 'facturada', NOW());
INSERT INTO reservation_services (reservation_id, service_id, quantity, unit_price, added_at, service_date) VALUES (1155, 1001, 1, 600, '2024-01-22 10:00:00', '2024-01-22');
INSERT INTO invoices (invoice_code, reservation_id, total, method, invoice_date, created_at) VALUES ('I-2EA18846', 1155, 14100, 'efectivo', '2024-01-25', NOW());
INSERT INTO reservations (reservation_id, reservation_code, client_id, room_id, guest_name, guest_email, guest_phone, checkin_date, checkout_date, total, status, created_at) VALUES (1156, 'R-7C1A4EFA', 1124, 1031, 'Fernando Lopez', 'fernando.lopez6559@outlook.com', '5573441142', '2024-04-19', '2024-04-23', 18000, 'facturada', NOW());
INSERT INTO reservation_services (reservation_id, service_id, quantity, unit_price, added_at, service_date) VALUES (1156, 1005, 2, 500, '2024-04-22 10:00:00', '2024-04-22');
INSERT INTO reservation_services (reservation_id, service_id, quantity, unit_price, added_at, service_date) VALUES (1156, 1006, 3, 150, '2024-04-22 10:00:00', '2024-04-22');
INSERT INTO reservation_services (reservation_id, service_id, quantity, unit_price, added_at, service_date) VALUES (1156, 1003, 2, 1500, '2024-04-19 10:00:00', '2024-04-19');
INSERT INTO reservation_services (reservation_id, service_id, quantity, unit_price, added_at, service_date) VALUES (1156, 1002, 3, 250, '2024-04-22 10:00:00', '2024-04-22');
INSERT INTO reservation_services (reservation_id, service_id, quantity, unit_price, added_at, service_date) VALUES (1156, 1005, 3, 500, '2024-04-22 10:00:00', '2024-04-22');
INSERT INTO invoices (invoice_code, reservation_id, total, method, invoice_date, created_at) VALUES ('I-FB308C73', 1156, 24700, 'efectivo', '2024-04-23', NOW());
INSERT INTO reservations (reservation_id, reservation_code, client_id, room_id, guest_name, guest_email, guest_phone, checkin_date, checkout_date, total, status, created_at) VALUES (1157, 'R-6E499E40', 1016, 1034, 'Maria Sanchez', 'carmen.rivera366@yahoo.com', '5551642822', '2024-02-11', '2024-02-13', 4400, 'checkout', NOW());
INSERT INTO reservation_services (reservation_id, service_id, quantity, unit_price, added_at, service_date) VALUES (1157, 1000, 3, 800, '2024-02-11 10:00:00', '2024-02-11');
INSERT INTO reservation_services (reservation_id, service_id, quantity, unit_price, added_at, service_date) VALUES (1157, 1000, 3, 800, '2024-02-12 10:00:00', '2024-02-12');
INSERT INTO reservations (reservation_id, reservation_code, client_id, room_id, guest_name, guest_email, guest_phone, checkin_date, checkout_date, total, status, created_at) VALUES (1158, 'R-3C905F8E', 1137, 1041, 'Maria Flores', 'maria.flores7214@hotel.com', '5519583507', '2024-12-16', '2024-12-20', 8800, 'facturada', NOW());
INSERT INTO invoices (invoice_code, reservation_id, total, method, invoice_date, created_at) VALUES ('I-49F60D1B', 1158, 8800, 'transferencia', '2024-12-20', NOW());
INSERT INTO reservations (reservation_id, reservation_code, client_id, room_id, guest_name, guest_email, guest_phone, checkin_date, checkout_date, total, status, created_at) VALUES (1159, 'R-68175049', 1117, 1000, 'Juan Perez', 'juan.perez7569@outlook.com', '5530831205', '2025-03-01', '2025-03-04', 13500, 'checkout', NOW());
INSERT INTO reservation_services (reservation_id, service_id, quantity, unit_price, added_at, service_date) VALUES (1159, 1004, 1, 400, '2025-03-03 10:00:00', '2025-03-03');
INSERT INTO reservations (reservation_id, reservation_code, client_id, room_id, guest_name, guest_email, guest_phone, checkin_date, checkout_date, total, status, created_at) VALUES (1160, 'R-BA1AD583', 1088, 1048, 'Carmen Flores', 'carmen.flores9112@hotmail.com', '5530928138', '2024-10-01', '2024-10-05', 4800, 'checkout', NOW());
INSERT INTO reservation_services (reservation_id, service_id, quantity, unit_price, added_at, service_date) VALUES (1160, 1001, 3, 600, '2024-10-01 10:00:00', '2024-10-01');
INSERT INTO reservation_services (reservation_id, service_id, quantity, unit_price, added_at, service_date) VALUES (1160, 1003, 3, 1500, '2024-10-04 10:00:00', '2024-10-04');
INSERT INTO reservation_services (reservation_id, service_id, quantity, unit_price, added_at, service_date) VALUES (1160, 1005, 3, 500, '2024-10-02 10:00:00', '2024-10-02');
INSERT INTO reservation_services (reservation_id, service_id, quantity, unit_price, added_at, service_date) VALUES (1160, 1004, 2, 400, '2024-10-01 10:00:00', '2024-10-01');
INSERT INTO reservation_services (reservation_id, service_id, quantity, unit_price, added_at, service_date) VALUES (1160, 1006, 2, 150, '2024-10-02 10:00:00', '2024-10-02');
INSERT INTO reservations (reservation_id, reservation_code, client_id, room_id, guest_name, guest_email, guest_phone, checkin_date, checkout_date, total, status, created_at) VALUES (1161, 'R-64222C7F', 1099, 1017, 'Lucia Diaz', 'lucia.diaz7714@hotel.com', '5571326684', '2024-05-20', '2024-05-22', 9000, 'facturada', NOW());
INSERT INTO reservation_services (reservation_id, service_id, quantity, unit_price, added_at, service_date) VALUES (1161, 1004, 2, 400, '2024-05-21 10:00:00', '2024-05-21');
INSERT INTO reservation_services (reservation_id, service_id, quantity, unit_price, added_at, service_date) VALUES (1161, 1005, 2, 500, '2024-05-20 10:00:00', '2024-05-20');
INSERT INTO reservation_services (reservation_id, service_id, quantity, unit_price, added_at, service_date) VALUES (1161, 1002, 2, 250, '2024-05-20 10:00:00', '2024-05-20');
INSERT INTO invoices (invoice_code, reservation_id, total, method, invoice_date, created_at) VALUES ('I-1DDE8E6B', 1161, 11300, 'efectivo', '2024-05-22', NOW());
INSERT INTO reservations (reservation_id, reservation_code, client_id, room_id, guest_name, guest_email, guest_phone, checkin_date, checkout_date, total, status, created_at) VALUES (1162, 'R-14469B62', 1078, 1022, 'Paula Rivera', 'paula.rivera9759@gmail.com', '5527626837', '2025-02-24', '2025-03-02', 13200, 'checkout', NOW());
INSERT INTO reservation_services (reservation_id, service_id, quantity, unit_price, added_at, service_date) VALUES (1162, 1000, 1, 800, '2025-02-24 10:00:00', '2025-02-24');
INSERT INTO reservation_services (reservation_id, service_id, quantity, unit_price, added_at, service_date) VALUES (1162, 1004, 2, 400, '2025-02-24 10:00:00', '2025-02-24');
INSERT INTO reservation_services (reservation_id, service_id, quantity, unit_price, added_at, service_date) VALUES (1162, 1004, 3, 400, '2025-02-26 10:00:00', '2025-02-26');
INSERT INTO reservation_services (reservation_id, service_id, quantity, unit_price, added_at, service_date) VALUES (1162, 1001, 3, 600, '2025-03-01 10:00:00', '2025-03-01');
INSERT INTO reservations (reservation_id, reservation_code, client_id, room_id, guest_name, guest_email, guest_phone, checkin_date, checkout_date, total, status, created_at) VALUES (1163, 'R-1D6CCED8', 1078, 1018, 'Paula Rivera', 'paula.rivera9759@gmail.com', '5589363889', '2025-05-08', '2025-05-14', 13200, 'facturada', NOW());
INSERT INTO reservation_services (reservation_id, service_id, quantity, unit_price, added_at, service_date) VALUES (1163, 1001, 2, 600, '2025-05-12 10:00:00', '2025-05-12');
INSERT INTO reservation_services (reservation_id, service_id, quantity, unit_price, added_at, service_date) VALUES (1163, 1001, 1, 600, '2025-05-08 10:00:00', '2025-05-08');
INSERT INTO reservation_services (reservation_id, service_id, quantity, unit_price, added_at, service_date) VALUES (1163, 1000, 1, 800, '2025-05-08 10:00:00', '2025-05-08');
INSERT INTO reservation_services (reservation_id, service_id, quantity, unit_price, added_at, service_date) VALUES (1163, 1006, 2, 150, '2025-05-10 10:00:00', '2025-05-10');
INSERT INTO reservation_services (reservation_id, service_id, quantity, unit_price, added_at, service_date) VALUES (1163, 1003, 3, 1500, '2025-05-11 10:00:00', '2025-05-11');
INSERT INTO invoices (invoice_code, reservation_id, total, method, invoice_date, created_at) VALUES ('I-4DD8C8E6', 1163, 20600, 'tarjeta', '2025-05-14', NOW());
INSERT INTO reservations (reservation_id, reservation_code, client_id, room_id, guest_name, guest_email, guest_phone, checkin_date, checkout_date, total, status, created_at) VALUES (1164, 'R-8B652505', 1006, 1003, 'Lucia Rodriguez', 'lucia.rodriguez3808@gmail.com', '5521398073', '2024-04-13', '2024-04-19', 13200, 'facturada', NOW());
INSERT INTO reservation_services (reservation_id, service_id, quantity, unit_price, added_at, service_date) VALUES (1164, 1000, 1, 800, '2024-04-15 10:00:00', '2024-04-15');
INSERT INTO reservation_services (reservation_id, service_id, quantity, unit_price, added_at, service_date) VALUES (1164, 1005, 2, 500, '2024-04-16 10:00:00', '2024-04-16');
INSERT INTO invoices (invoice_code, reservation_id, total, method, invoice_date, created_at) VALUES ('I-77A759EF', 1164, 15000, 'transferencia', '2024-04-19', NOW());
INSERT INTO reservations (reservation_id, reservation_code, client_id, room_id, guest_name, guest_email, guest_phone, checkin_date, checkout_date, total, status, created_at) VALUES (1165, 'R-83621A81', 1079, 1041, 'Roberto Torres', 'roberto.torres7006@outlook.com', '5536025104', '2024-12-07', '2024-12-14', 15400, 'facturada', NOW());
INSERT INTO reservation_services (reservation_id, service_id, quantity, unit_price, added_at, service_date) VALUES (1165, 1002, 1, 250, '2024-12-09 10:00:00', '2024-12-09');
INSERT INTO invoices (invoice_code, reservation_id, total, method, invoice_date, created_at) VALUES ('I-FB375FC9', 1165, 15650, 'efectivo', '2024-12-14', NOW());
INSERT INTO reservations (reservation_id, reservation_code, client_id, room_id, guest_name, guest_email, guest_phone, checkin_date, checkout_date, total, status, created_at) VALUES (1166, 'R-8D9ACF87', 1155, 1016, 'Carlos Reyes', 'carlos.reyes8837@outlook.com', '5581876353', '2025-02-11', '2025-02-12', 2200, 'facturada', NOW());
INSERT INTO reservation_services (reservation_id, service_id, quantity, unit_price, added_at, service_date) VALUES (1166, 1004, 3, 400, '2025-02-11 10:00:00', '2025-02-11');
INSERT INTO reservation_services (reservation_id, service_id, quantity, unit_price, added_at, service_date) VALUES (1166, 1006, 2, 150, '2025-02-11 10:00:00', '2025-02-11');
INSERT INTO invoices (invoice_code, reservation_id, total, method, invoice_date, created_at) VALUES ('I-97BAC5BF', 1166, 3700, 'transferencia', '2025-02-12', NOW());
INSERT INTO reservations (reservation_id, reservation_code, client_id, room_id, guest_name, guest_email, guest_phone, checkin_date, checkout_date, total, status, created_at) VALUES (1167, 'R-AD2CD850', 1141, 1029, 'Ana Flores', 'ana.flores5032@outlook.com', '5592626084', '2024-10-27', '2024-10-29', 4400, 'checkout', NOW());
INSERT INTO reservation_services (reservation_id, service_id, quantity, unit_price, added_at, service_date) VALUES (1167, 1002, 3, 250, '2024-10-27 10:00:00', '2024-10-27');
INSERT INTO reservation_services (reservation_id, service_id, quantity, unit_price, added_at, service_date) VALUES (1167, 1000, 1, 800, '2024-10-28 10:00:00', '2024-10-28');
INSERT INTO reservation_services (reservation_id, service_id, quantity, unit_price, added_at, service_date) VALUES (1167, 1004, 1, 400, '2024-10-28 10:00:00', '2024-10-28');
INSERT INTO reservation_services (reservation_id, service_id, quantity, unit_price, added_at, service_date) VALUES (1167, 1001, 3, 600, '2024-10-27 10:00:00', '2024-10-27');
INSERT INTO reservations (reservation_id, reservation_code, client_id, room_id, guest_name, guest_email, guest_phone, checkin_date, checkout_date, total, status, created_at) VALUES (1168, 'R-0C138C32', 1008, 1023, 'Maria Flores', 'carlos.perez49@hotmail.com', '5559280770', '2024-03-09', '2024-03-16', 31500, 'facturada', NOW());
INSERT INTO reservation_services (reservation_id, service_id, quantity, unit_price, added_at, service_date) VALUES (1168, 1004, 3, 400, '2024-03-12 10:00:00', '2024-03-12');
INSERT INTO invoices (invoice_code, reservation_id, total, method, invoice_date, created_at) VALUES ('I-2B55443F', 1168, 32700, 'efectivo', '2024-03-16', NOW());
INSERT INTO reservations (reservation_id, reservation_code, client_id, room_id, guest_name, guest_email, guest_phone, checkin_date, checkout_date, total, status, created_at) VALUES (1169, 'R-4587AEFD', 1147, 1007, 'Elena Perez', 'elena.perez4766@gmail.com', '5579019196', '2024-02-12', '2024-02-17', 11000, 'facturada', NOW());
INSERT INTO reservation_services (reservation_id, service_id, quantity, unit_price, added_at, service_date) VALUES (1169, 1002, 3, 250, '2024-02-13 10:00:00', '2024-02-13');
INSERT INTO reservation_services (reservation_id, service_id, quantity, unit_price, added_at, service_date) VALUES (1169, 1000, 1, 800, '2024-02-12 10:00:00', '2024-02-12');
INSERT INTO reservation_services (reservation_id, service_id, quantity, unit_price, added_at, service_date) VALUES (1169, 1006, 3, 150, '2024-02-14 10:00:00', '2024-02-14');
INSERT INTO invoices (invoice_code, reservation_id, total, method, invoice_date, created_at) VALUES ('I-17F2F4CE', 1169, 13000, 'tarjeta', '2024-02-17', NOW());
INSERT INTO reservations (reservation_id, reservation_code, client_id, room_id, guest_name, guest_email, guest_phone, checkin_date, checkout_date, total, status, created_at) VALUES (1170, 'R-D1C4F42F', 1046, 1005, 'Miguel Garcia', 'miguel.garcia7471@hotel.com', '5551535645', '2024-10-18', '2024-10-25', 8400, 'checkout', NOW());
INSERT INTO reservation_services (reservation_id, service_id, quantity, unit_price, added_at, service_date) VALUES (1170, 1006, 3, 150, '2024-10-18 10:00:00', '2024-10-18');
INSERT INTO reservation_services (reservation_id, service_id, quantity, unit_price, added_at, service_date) VALUES (1170, 1005, 1, 500, '2024-10-22 10:00:00', '2024-10-22');
INSERT INTO reservation_services (reservation_id, service_id, quantity, unit_price, added_at, service_date) VALUES (1170, 1000, 3, 800, '2024-10-20 10:00:00', '2024-10-20');
INSERT INTO reservations (reservation_id, reservation_code, client_id, room_id, guest_name, guest_email, guest_phone, checkin_date, checkout_date, total, status, created_at) VALUES (1171, 'R-5BFB57B7', 1021, 1028, 'Paula Sanchez', 'paula.sanchez6826@yahoo.com', '5544886850', '2025-01-06', '2025-01-12', 7200, 'facturada', NOW());
INSERT INTO reservation_services (reservation_id, service_id, quantity, unit_price, added_at, service_date) VALUES (1171, 1003, 1, 1500, '2025-01-08 10:00:00', '2025-01-08');
INSERT INTO reservation_services (reservation_id, service_id, quantity, unit_price, added_at, service_date) VALUES (1171, 1002, 2, 250, '2025-01-11 10:00:00', '2025-01-11');
INSERT INTO reservation_services (reservation_id, service_id, quantity, unit_price, added_at, service_date) VALUES (1171, 1002, 2, 250, '2025-01-11 10:00:00', '2025-01-11');
INSERT INTO reservation_services (reservation_id, service_id, quantity, unit_price, added_at, service_date) VALUES (1171, 1004, 3, 400, '2025-01-08 10:00:00', '2025-01-08');
INSERT INTO reservation_services (reservation_id, service_id, quantity, unit_price, added_at, service_date) VALUES (1171, 1003, 1, 1500, '2025-01-11 10:00:00', '2025-01-11');
INSERT INTO invoices (invoice_code, reservation_id, total, method, invoice_date, created_at) VALUES ('I-D2A70225', 1171, 12400, 'transferencia', '2025-01-12', NOW());
INSERT INTO reservations (reservation_id, reservation_code, client_id, room_id, guest_name, guest_email, guest_phone, checkin_date, checkout_date, total, status, created_at) VALUES (1172, 'R-8E0973D6', 1169, 1027, 'Juan Gomez', 'juan.gomez7189@yahoo.com', '5526295579', '2025-02-15', '2025-02-22', 8400, 'facturada', NOW());
INSERT INTO invoices (invoice_code, reservation_id, total, method, invoice_date, created_at) VALUES ('I-58DF2B29', 1172, 8400, 'tarjeta', '2025-02-22', NOW());
INSERT INTO reservations (reservation_id, reservation_code, client_id, room_id, guest_name, guest_email, guest_phone, checkin_date, checkout_date, total, status, created_at) VALUES (1173, 'R-773C1FA8', 1075, 1004, 'Ana Lopez', 'ana.lopez1903@outlook.com', '5585576225', '2024-08-24', '2024-08-26', 4400, 'facturada', NOW());
INSERT INTO reservation_services (reservation_id, service_id, quantity, unit_price, added_at, service_date) VALUES (1173, 1002, 3, 250, '2024-08-24 10:00:00', '2024-08-24');
INSERT INTO reservation_services (reservation_id, service_id, quantity, unit_price, added_at, service_date) VALUES (1173, 1001, 2, 600, '2024-08-25 10:00:00', '2024-08-25');
INSERT INTO reservation_services (reservation_id, service_id, quantity, unit_price, added_at, service_date) VALUES (1173, 1001, 1, 600, '2024-08-24 10:00:00', '2024-08-24');
INSERT INTO reservation_services (reservation_id, service_id, quantity, unit_price, added_at, service_date) VALUES (1173, 1004, 1, 400, '2024-08-24 10:00:00', '2024-08-24');
INSERT INTO invoices (invoice_code, reservation_id, total, method, invoice_date, created_at) VALUES ('I-8041A322', 1173, 7350, 'efectivo', '2024-08-26', NOW());
INSERT INTO reservations (reservation_id, reservation_code, client_id, room_id, guest_name, guest_email, guest_phone, checkin_date, checkout_date, total, status, created_at) VALUES (1174, 'R-CC2C88C6', 1169, 1002, 'Juan Gomez', 'juan.gomez7189@yahoo.com', '5563428464', '2025-04-12', '2025-04-13', 2200, 'checkout', NOW());
INSERT INTO reservation_services (reservation_id, service_id, quantity, unit_price, added_at, service_date) VALUES (1174, 1003, 1, 1500, '2025-04-12 10:00:00', '2025-04-12');
INSERT INTO reservations (reservation_id, reservation_code, client_id, room_id, guest_name, guest_email, guest_phone, checkin_date, checkout_date, total, status, created_at) VALUES (1175, 'R-9D32BF35', 1183, 1020, 'Elena Gonzalez', 'elena.gonzalez9149@gmail.com', '5530973252', '2025-01-09', '2025-01-12', 13500, 'facturada', NOW());
INSERT INTO invoices (invoice_code, reservation_id, total, method, invoice_date, created_at) VALUES ('I-F5D77E88', 1175, 13500, 'transferencia', '2025-01-12', NOW());
INSERT INTO reservations (reservation_id, reservation_code, client_id, room_id, guest_name, guest_email, guest_phone, checkin_date, checkout_date, total, status, created_at) VALUES (1176, 'R-77FC8B80', 1164, 1024, 'Paula Gonzalez', 'paula.gonzalez8496@hotmail.com', '5591510306', '2024-04-07', '2024-04-11', 8800, 'facturada', NOW());
INSERT INTO reservation_services (reservation_id, service_id, quantity, unit_price, added_at, service_date) VALUES (1176, 1001, 2, 600, '2024-04-10 10:00:00', '2024-04-10');
INSERT INTO reservation_services (reservation_id, service_id, quantity, unit_price, added_at, service_date) VALUES (1176, 1000, 2, 800, '2024-04-08 10:00:00', '2024-04-08');
INSERT INTO invoices (invoice_code, reservation_id, total, method, invoice_date, created_at) VALUES ('I-BC3A2D8A', 1176, 11600, 'transferencia', '2024-04-11', NOW());
INSERT INTO reservations (reservation_id, reservation_code, client_id, room_id, guest_name, guest_email, guest_phone, checkin_date, checkout_date, total, status, created_at) VALUES (1177, 'R-11D46881', 1192, 1032, 'Isabel Hernandez', 'isabel.hernandez1377@yahoo.com', '5585827938', '2024-08-13', '2024-08-20', 31500, 'facturada', NOW());
INSERT INTO invoices (invoice_code, reservation_id, total, method, invoice_date, created_at) VALUES ('I-766602D6', 1177, 31500, 'efectivo', '2024-08-20', NOW());
INSERT INTO reservations (reservation_id, reservation_code, client_id, room_id, guest_name, guest_email, guest_phone, checkin_date, checkout_date, total, status, created_at) VALUES (1178, 'R-4C7D807D', 1081, 1026, 'Fernando Martinez', 'fernando.martinez1145@gmail.com', '5554014258', '2025-05-28', '2025-06-01', 8800, 'facturada', NOW());
INSERT INTO invoices (invoice_code, reservation_id, total, method, invoice_date, created_at) VALUES ('I-9E9C942B', 1178, 8800, 'efectivo', '2025-06-01', NOW());
INSERT INTO reservations (reservation_id, reservation_code, client_id, room_id, guest_name, guest_email, guest_phone, checkin_date, checkout_date, total, status, created_at) VALUES (1179, 'R-3BAA1249', 1180, 1030, 'Pedro Reyes', 'pedro.reyes7695@outlook.com', '5558728117', '2024-01-29', '2024-02-01', 13500, 'facturada', NOW());
INSERT INTO reservation_services (reservation_id, service_id, quantity, unit_price, added_at, service_date) VALUES (1179, 1006, 3, 150, '2024-01-29 10:00:00', '2024-01-29');
INSERT INTO reservation_services (reservation_id, service_id, quantity, unit_price, added_at, service_date) VALUES (1179, 1006, 2, 150, '2024-01-30 10:00:00', '2024-01-30');
INSERT INTO reservation_services (reservation_id, service_id, quantity, unit_price, added_at, service_date) VALUES (1179, 1004, 1, 400, '2024-01-30 10:00:00', '2024-01-30');
INSERT INTO invoices (invoice_code, reservation_id, total, method, invoice_date, created_at) VALUES ('I-A0D15904', 1179, 14650, 'efectivo', '2024-02-01', NOW());
INSERT INTO reservations (reservation_id, reservation_code, client_id, room_id, guest_name, guest_email, guest_phone, checkin_date, checkout_date, total, status, created_at) VALUES (1180, 'R-23ECB8B2', 1083, 1007, 'Carlos Rodriguez', 'carlos.rodriguez6617@gmail.com', '5529166823', '2025-05-27', '2025-05-28', 2200, 'facturada', NOW());
INSERT INTO reservation_services (reservation_id, service_id, quantity, unit_price, added_at, service_date) VALUES (1180, 1002, 1, 250, '2025-05-27 10:00:00', '2025-05-27');
INSERT INTO invoices (invoice_code, reservation_id, total, method, invoice_date, created_at) VALUES ('I-0C6FD3B3', 1180, 2450, 'tarjeta', '2025-05-28', NOW());
INSERT INTO reservations (reservation_id, reservation_code, client_id, room_id, guest_name, guest_email, guest_phone, checkin_date, checkout_date, total, status, created_at) VALUES (1181, 'R-37016E67', 1015, 1030, 'Jorge Gonzalez', 'jorge.gonzalez1124@hotmail.com', '5518128751', '2025-03-05', '2025-03-09', 18000, 'facturada', NOW());
INSERT INTO invoices (invoice_code, reservation_id, total, method, invoice_date, created_at) VALUES ('I-FCE1B29B', 1181, 18000, 'transferencia', '2025-03-09', NOW());
INSERT INTO reservations (reservation_id, reservation_code, client_id, room_id, guest_name, guest_email, guest_phone, checkin_date, checkout_date, total, status, created_at) VALUES (1182, 'R-A94B8434', 1038, 1032, 'Maria Flores', 'maria.flores2879@yahoo.com', '5586202378', '2024-09-05', '2024-09-12', 31500, 'checkout', NOW());
INSERT INTO reservation_services (reservation_id, service_id, quantity, unit_price, added_at, service_date) VALUES (1182, 1003, 3, 1500, '2024-09-08 10:00:00', '2024-09-08');
INSERT INTO reservations (reservation_id, reservation_code, client_id, room_id, guest_name, guest_email, guest_phone, checkin_date, checkout_date, total, status, created_at) VALUES (1183, 'R-149F4285', 1184, 1032, 'Sofia Flores', 'sofia.flores4156@hotmail.com', '5544704183', '2024-02-26', '2024-02-28', 9000, 'facturada', NOW());
INSERT INTO reservation_services (reservation_id, service_id, quantity, unit_price, added_at, service_date) VALUES (1183, 1000, 1, 800, '2024-02-26 10:00:00', '2024-02-26');
INSERT INTO invoices (invoice_code, reservation_id, total, method, invoice_date, created_at) VALUES ('I-727884EB', 1183, 9800, 'tarjeta', '2024-02-28', NOW());
INSERT INTO reservations (reservation_id, reservation_code, client_id, room_id, guest_name, guest_email, guest_phone, checkin_date, checkout_date, total, status, created_at) VALUES (1184, 'R-2CE07ED5', 1018, 1035, 'Marta Diaz', 'lucia.reyes504@outlook.com', '5548407567', '2024-01-25', '2024-01-30', 6000, 'facturada', NOW());
INSERT INTO invoices (invoice_code, reservation_id, total, method, invoice_date, created_at) VALUES ('I-E496DE97', 1184, 6000, 'tarjeta', '2024-01-30', NOW());
INSERT INTO reservations (reservation_id, reservation_code, client_id, room_id, guest_name, guest_email, guest_phone, checkin_date, checkout_date, total, status, created_at) VALUES (1185, 'R-8F0E1F94', 1102, 1046, 'Miguel Gomez', 'miguel.gomez1711@hotel.com', '5565923465', '2024-07-07', '2024-07-09', 4400, 'facturada', NOW());
INSERT INTO reservation_services (reservation_id, service_id, quantity, unit_price, added_at, service_date) VALUES (1185, 1002, 3, 250, '2024-07-08 10:00:00', '2024-07-08');
INSERT INTO reservation_services (reservation_id, service_id, quantity, unit_price, added_at, service_date) VALUES (1185, 1006, 2, 150, '2024-07-07 10:00:00', '2024-07-07');
INSERT INTO reservation_services (reservation_id, service_id, quantity, unit_price, added_at, service_date) VALUES (1185, 1003, 3, 1500, '2024-07-08 10:00:00', '2024-07-08');
INSERT INTO reservation_services (reservation_id, service_id, quantity, unit_price, added_at, service_date) VALUES (1185, 1002, 2, 250, '2024-07-08 10:00:00', '2024-07-08');
INSERT INTO invoices (invoice_code, reservation_id, total, method, invoice_date, created_at) VALUES ('I-A888314B', 1185, 10450, 'transferencia', '2024-07-09', NOW());
INSERT INTO reservations (reservation_id, reservation_code, client_id, room_id, guest_name, guest_email, guest_phone, checkin_date, checkout_date, total, status, created_at) VALUES (1186, 'R-99A5DC2E', 1100, 1017, 'Jose Hernandez', 'jose.hernandez5911@gmail.com', '5564222502', '2024-03-18', '2024-03-19', 4500, 'checkout', NOW());
INSERT INTO reservation_services (reservation_id, service_id, quantity, unit_price, added_at, service_date) VALUES (1186, 1005, 1, 500, '2024-03-18 10:00:00', '2024-03-18');
INSERT INTO reservation_services (reservation_id, service_id, quantity, unit_price, added_at, service_date) VALUES (1186, 1003, 2, 1500, '2024-03-18 10:00:00', '2024-03-18');
INSERT INTO reservations (reservation_id, reservation_code, client_id, room_id, guest_name, guest_email, guest_phone, checkin_date, checkout_date, total, status, created_at) VALUES (1187, 'R-F4EC0A82', 1013, 1008, 'Maria Martinez', 'maria.martinez8836@hotmail.com', '5557128910', '2024-04-16', '2024-04-20', 4800, 'checkout', NOW());
INSERT INTO reservation_services (reservation_id, service_id, quantity, unit_price, added_at, service_date) VALUES (1187, 1003, 2, 1500, '2024-04-17 10:00:00', '2024-04-17');
INSERT INTO reservation_services (reservation_id, service_id, quantity, unit_price, added_at, service_date) VALUES (1187, 1000, 1, 800, '2024-04-18 10:00:00', '2024-04-18');
INSERT INTO reservation_services (reservation_id, service_id, quantity, unit_price, added_at, service_date) VALUES (1187, 1000, 1, 800, '2024-04-16 10:00:00', '2024-04-16');
INSERT INTO reservation_services (reservation_id, service_id, quantity, unit_price, added_at, service_date) VALUES (1187, 1002, 1, 250, '2024-04-17 10:00:00', '2024-04-17');
INSERT INTO reservations (reservation_id, reservation_code, client_id, room_id, guest_name, guest_email, guest_phone, checkin_date, checkout_date, total, status, created_at) VALUES (1188, 'R-5476D79F', 1068, 1026, 'Paula Rodriguez', 'paula.rodriguez2379@hotmail.com', '5526671478', '2024-09-16', '2024-09-23', 15400, 'facturada', NOW());
INSERT INTO reservation_services (reservation_id, service_id, quantity, unit_price, added_at, service_date) VALUES (1188, 1003, 2, 1500, '2024-09-17 10:00:00', '2024-09-17');
INSERT INTO reservation_services (reservation_id, service_id, quantity, unit_price, added_at, service_date) VALUES (1188, 1002, 1, 250, '2024-09-18 10:00:00', '2024-09-18');
INSERT INTO reservation_services (reservation_id, service_id, quantity, unit_price, added_at, service_date) VALUES (1188, 1003, 2, 1500, '2024-09-20 10:00:00', '2024-09-20');
INSERT INTO reservation_services (reservation_id, service_id, quantity, unit_price, added_at, service_date) VALUES (1188, 1006, 3, 150, '2024-09-20 10:00:00', '2024-09-20');
INSERT INTO reservation_services (reservation_id, service_id, quantity, unit_price, added_at, service_date) VALUES (1188, 1001, 1, 600, '2024-09-18 10:00:00', '2024-09-18');
INSERT INTO invoices (invoice_code, reservation_id, total, method, invoice_date, created_at) VALUES ('I-D536CABB', 1188, 22700, 'efectivo', '2024-09-23', NOW());
INSERT INTO reservations (reservation_id, reservation_code, client_id, room_id, guest_name, guest_email, guest_phone, checkin_date, checkout_date, total, status, created_at) VALUES (1189, 'R-215221FD', 1009, 1036, 'Juan Rodriguez', 'juan.rodriguez3535@hotmail.com', '5531989105', '2025-03-06', '2025-03-13', 31500, 'facturada', NOW());
INSERT INTO reservation_services (reservation_id, service_id, quantity, unit_price, added_at, service_date) VALUES (1189, 1003, 3, 1500, '2025-03-07 10:00:00', '2025-03-07');
INSERT INTO reservation_services (reservation_id, service_id, quantity, unit_price, added_at, service_date) VALUES (1189, 1006, 3, 150, '2025-03-12 10:00:00', '2025-03-12');
INSERT INTO reservation_services (reservation_id, service_id, quantity, unit_price, added_at, service_date) VALUES (1189, 1005, 3, 500, '2025-03-07 10:00:00', '2025-03-07');
INSERT INTO invoices (invoice_code, reservation_id, total, method, invoice_date, created_at) VALUES ('I-EE7EFA28', 1189, 37950, 'tarjeta', '2025-03-13', NOW());
INSERT INTO reservations (reservation_id, reservation_code, client_id, room_id, guest_name, guest_email, guest_phone, checkin_date, checkout_date, total, status, created_at) VALUES (1190, 'R-20085227', 1170, 1003, 'David Torres', 'david.torres8388@yahoo.com', '5533757335', '2024-07-20', '2024-07-22', 4400, 'checkout', NOW());
INSERT INTO reservation_services (reservation_id, service_id, quantity, unit_price, added_at, service_date) VALUES (1190, 1000, 1, 800, '2024-07-20 10:00:00', '2024-07-20');
INSERT INTO reservation_services (reservation_id, service_id, quantity, unit_price, added_at, service_date) VALUES (1190, 1001, 3, 600, '2024-07-21 10:00:00', '2024-07-21');
INSERT INTO reservations (reservation_id, reservation_code, client_id, room_id, guest_name, guest_email, guest_phone, checkin_date, checkout_date, total, status, created_at) VALUES (1191, 'R-4529D61A', 1088, 1007, 'Carmen Flores', 'carmen.flores9112@hotmail.com', '5538789197', '2024-02-05', '2024-02-12', 15400, 'checkout', NOW());
INSERT INTO reservation_services (reservation_id, service_id, quantity, unit_price, added_at, service_date) VALUES (1191, 1004, 3, 400, '2024-02-09 10:00:00', '2024-02-09');
INSERT INTO reservation_services (reservation_id, service_id, quantity, unit_price, added_at, service_date) VALUES (1191, 1004, 2, 400, '2024-02-11 10:00:00', '2024-02-11');
INSERT INTO reservations (reservation_id, reservation_code, client_id, room_id, guest_name, guest_email, guest_phone, checkin_date, checkout_date, total, status, created_at) VALUES (1192, 'R-4D25D609', 1014, 1006, 'Isabel Reyes', 'isabel.reyes9756@hotmail.com', '5563111193', '2024-11-07', '2024-11-11', 4800, 'facturada', NOW());
INSERT INTO reservation_services (reservation_id, service_id, quantity, unit_price, added_at, service_date) VALUES (1192, 1001, 2, 600, '2024-11-07 10:00:00', '2024-11-07');
INSERT INTO reservation_services (reservation_id, service_id, quantity, unit_price, added_at, service_date) VALUES (1192, 1000, 1, 800, '2024-11-07 10:00:00', '2024-11-07');
INSERT INTO reservation_services (reservation_id, service_id, quantity, unit_price, added_at, service_date) VALUES (1192, 1001, 3, 600, '2024-11-10 10:00:00', '2024-11-10');
INSERT INTO invoices (invoice_code, reservation_id, total, method, invoice_date, created_at) VALUES ('I-EADA4F2C', 1192, 8600, 'transferencia', '2024-11-11', NOW());
INSERT INTO reservations (reservation_id, reservation_code, client_id, room_id, guest_name, guest_email, guest_phone, checkin_date, checkout_date, total, status, created_at) VALUES (1193, 'R-919D28D4', 1116, 1005, 'Roberto Reyes', 'roberto.reyes8599@hotmail.com', '5565052597', '2024-03-30', '2024-04-06', 8400, 'facturada', NOW());
INSERT INTO reservation_services (reservation_id, service_id, quantity, unit_price, added_at, service_date) VALUES (1193, 1002, 2, 250, '2024-04-01 10:00:00', '2024-04-01');
INSERT INTO reservation_services (reservation_id, service_id, quantity, unit_price, added_at, service_date) VALUES (1193, 1004, 1, 400, '2024-04-03 10:00:00', '2024-04-03');
INSERT INTO reservation_services (reservation_id, service_id, quantity, unit_price, added_at, service_date) VALUES (1193, 1003, 1, 1500, '2024-04-02 10:00:00', '2024-04-02');
INSERT INTO reservation_services (reservation_id, service_id, quantity, unit_price, added_at, service_date) VALUES (1193, 1003, 2, 1500, '2024-04-01 10:00:00', '2024-04-01');
INSERT INTO invoices (invoice_code, reservation_id, total, method, invoice_date, created_at) VALUES ('I-E6BE0E75', 1193, 13800, 'tarjeta', '2024-04-06', NOW());
INSERT INTO reservations (reservation_id, reservation_code, client_id, room_id, guest_name, guest_email, guest_phone, checkin_date, checkout_date, total, status, created_at) VALUES (1194, 'R-5D366EC3', 1148, 1005, 'Maria Diaz', 'maria.diaz7558@hotel.com', '5521712276', '2024-08-29', '2024-08-30', 1200, 'facturada', NOW());
INSERT INTO reservation_services (reservation_id, service_id, quantity, unit_price, added_at, service_date) VALUES (1194, 1004, 2, 400, '2024-08-29 10:00:00', '2024-08-29');
INSERT INTO reservation_services (reservation_id, service_id, quantity, unit_price, added_at, service_date) VALUES (1194, 1006, 1, 150, '2024-08-29 10:00:00', '2024-08-29');
INSERT INTO reservation_services (reservation_id, service_id, quantity, unit_price, added_at, service_date) VALUES (1194, 1001, 1, 600, '2024-08-29 10:00:00', '2024-08-29');
INSERT INTO invoices (invoice_code, reservation_id, total, method, invoice_date, created_at) VALUES ('I-71141FED', 1194, 2750, 'tarjeta', '2024-08-30', NOW());
INSERT INTO reservations (reservation_id, reservation_code, client_id, room_id, guest_name, guest_email, guest_phone, checkin_date, checkout_date, total, status, created_at) VALUES (1195, 'R-F5C38193', 1175, 1002, 'Miguel Garcia', 'miguel.garcia3864@hotmail.com', '5543653014', '2024-01-17', '2024-01-21', 8800, 'checkout', NOW());
INSERT INTO reservation_services (reservation_id, service_id, quantity, unit_price, added_at, service_date) VALUES (1195, 1004, 1, 400, '2024-01-18 10:00:00', '2024-01-18');
INSERT INTO reservations (reservation_id, reservation_code, client_id, room_id, guest_name, guest_email, guest_phone, checkin_date, checkout_date, total, status, created_at) VALUES (1196, 'R-DE09E0F4', 1142, 1049, 'David Torres', 'david.torres2878@yahoo.com', '5585999966', '2024-05-10', '2024-05-16', 27000, 'facturada', NOW());
INSERT INTO reservation_services (reservation_id, service_id, quantity, unit_price, added_at, service_date) VALUES (1196, 1004, 3, 400, '2024-05-12 10:00:00', '2024-05-12');
INSERT INTO reservation_services (reservation_id, service_id, quantity, unit_price, added_at, service_date) VALUES (1196, 1005, 3, 500, '2024-05-14 10:00:00', '2024-05-14');
INSERT INTO reservation_services (reservation_id, service_id, quantity, unit_price, added_at, service_date) VALUES (1196, 1005, 2, 500, '2024-05-13 10:00:00', '2024-05-13');
INSERT INTO reservation_services (reservation_id, service_id, quantity, unit_price, added_at, service_date) VALUES (1196, 1006, 2, 150, '2024-05-11 10:00:00', '2024-05-11');
INSERT INTO invoices (invoice_code, reservation_id, total, method, invoice_date, created_at) VALUES ('I-18DC7FE6', 1196, 31000, 'tarjeta', '2024-05-16', NOW());
INSERT INTO reservations (reservation_id, reservation_code, client_id, room_id, guest_name, guest_email, guest_phone, checkin_date, checkout_date, total, status, created_at) VALUES (1197, 'R-0A653D7C', 1087, 1022, 'Sofia Rodriguez', 'sofia.rodriguez6829@outlook.com', '5562360972', '2024-11-22', '2024-11-25', 6600, 'facturada', NOW());
INSERT INTO reservation_services (reservation_id, service_id, quantity, unit_price, added_at, service_date) VALUES (1197, 1003, 3, 1500, '2024-11-22 10:00:00', '2024-11-22');
INSERT INTO reservation_services (reservation_id, service_id, quantity, unit_price, added_at, service_date) VALUES (1197, 1001, 1, 600, '2024-11-22 10:00:00', '2024-11-22');
INSERT INTO reservation_services (reservation_id, service_id, quantity, unit_price, added_at, service_date) VALUES (1197, 1005, 2, 500, '2024-11-24 10:00:00', '2024-11-24');
INSERT INTO invoices (invoice_code, reservation_id, total, method, invoice_date, created_at) VALUES ('I-77648305', 1197, 12700, 'tarjeta', '2024-11-25', NOW());
INSERT INTO reservations (reservation_id, reservation_code, client_id, room_id, guest_name, guest_email, guest_phone, checkin_date, checkout_date, total, status, created_at) VALUES (1198, 'R-DD9ABB80', 1180, 1029, 'Pedro Reyes', 'pedro.reyes7695@outlook.com', '5585483721', '2025-01-23', '2025-01-25', 4400, 'facturada', NOW());
INSERT INTO reservation_services (reservation_id, service_id, quantity, unit_price, added_at, service_date) VALUES (1198, 1000, 2, 800, '2025-01-23 10:00:00', '2025-01-23');
INSERT INTO invoices (invoice_code, reservation_id, total, method, invoice_date, created_at) VALUES ('I-F091E4B0', 1198, 6000, 'tarjeta', '2025-01-25', NOW());
INSERT INTO reservations (reservation_id, reservation_code, client_id, room_id, guest_name, guest_email, guest_phone, checkin_date, checkout_date, total, status, created_at) VALUES (1199, 'R-01D37F21', 1092, 1006, 'Maria Rivera', 'maria.rivera3321@hotmail.com', '5546840243', '2024-06-01', '2024-06-03', 2400, 'facturada', NOW());
INSERT INTO reservation_services (reservation_id, service_id, quantity, unit_price, added_at, service_date) VALUES (1199, 1005, 1, 500, '2024-06-02 10:00:00', '2024-06-02');
INSERT INTO reservation_services (reservation_id, service_id, quantity, unit_price, added_at, service_date) VALUES (1199, 1002, 2, 250, '2024-06-01 10:00:00', '2024-06-01');
INSERT INTO reservation_services (reservation_id, service_id, quantity, unit_price, added_at, service_date) VALUES (1199, 1000, 3, 800, '2024-06-02 10:00:00', '2024-06-02');
INSERT INTO invoices (invoice_code, reservation_id, total, method, invoice_date, created_at) VALUES ('I-E729EBF0', 1199, 5800, 'tarjeta', '2024-06-03', NOW());
INSERT INTO reservations (reservation_id, reservation_code, client_id, room_id, guest_name, guest_email, guest_phone, checkin_date, checkout_date, total, status, created_at) VALUES (1200, 'R-FF583C94', 1129, 1041, 'Pedro Ramirez', 'pedro.ramirez7258@gmail.com', '5518687635', '2024-09-20', '2024-09-25', 11000, 'facturada', NOW());
INSERT INTO invoices (invoice_code, reservation_id, total, method, invoice_date, created_at) VALUES ('I-BE1ADD94', 1200, 11000, 'efectivo', '2024-09-25', NOW());
INSERT INTO reservations (reservation_id, reservation_code, client_id, room_id, guest_name, guest_email, guest_phone, checkin_date, checkout_date, total, status, created_at) VALUES (1201, 'R-EC4DB1AE', 1140, 1030, 'Marta Torres', 'marta.torres7710@outlook.com', '5578764460', '2025-03-18', '2025-03-23', 22500, 'facturada', NOW());
INSERT INTO reservation_services (reservation_id, service_id, quantity, unit_price, added_at, service_date) VALUES (1201, 1004, 3, 400, '2025-03-19 10:00:00', '2025-03-19');
INSERT INTO invoices (invoice_code, reservation_id, total, method, invoice_date, created_at) VALUES ('I-1AE9F72D', 1201, 23700, 'tarjeta', '2025-03-23', NOW());
INSERT INTO reservations (reservation_id, reservation_code, client_id, room_id, guest_name, guest_email, guest_phone, checkin_date, checkout_date, total, status, created_at) VALUES (1202, 'R-0071176D', 1120, 1002, 'David Sanchez', 'david.sanchez9835@yahoo.com', '5544074976', '2025-02-06', '2025-02-13', 15400, 'checkout', NOW());
INSERT INTO reservation_services (reservation_id, service_id, quantity, unit_price, added_at, service_date) VALUES (1202, 1006, 3, 150, '2025-02-12 10:00:00', '2025-02-12');
INSERT INTO reservation_services (reservation_id, service_id, quantity, unit_price, added_at, service_date) VALUES (1202, 1005, 2, 500, '2025-02-07 10:00:00', '2025-02-07');
INSERT INTO reservations (reservation_id, reservation_code, client_id, room_id, guest_name, guest_email, guest_phone, checkin_date, checkout_date, total, status, created_at) VALUES (1203, 'R-49FBAFC0', 1070, 1044, 'Lucia Reyes', 'lucia.reyes9355@hotel.com', '5584811025', '2024-10-05', '2024-10-06', 1200, 'facturada', NOW());
INSERT INTO reservation_services (reservation_id, service_id, quantity, unit_price, added_at, service_date) VALUES (1203, 1003, 1, 1500, '2024-10-05 10:00:00', '2024-10-05');
INSERT INTO reservation_services (reservation_id, service_id, quantity, unit_price, added_at, service_date) VALUES (1203, 1006, 1, 150, '2024-10-05 10:00:00', '2024-10-05');
INSERT INTO invoices (invoice_code, reservation_id, total, method, invoice_date, created_at) VALUES ('I-08FA1E36', 1203, 2850, 'efectivo', '2024-10-06', NOW());
INSERT INTO reservations (reservation_id, reservation_code, client_id, room_id, guest_name, guest_email, guest_phone, checkin_date, checkout_date, total, status, created_at) VALUES (1204, 'R-38390315', 1065, 1039, 'Jorge Perez', 'jorge.perez8385@outlook.com', '5534405140', '2025-01-09', '2025-01-12', 3600, 'facturada', NOW());
INSERT INTO reservation_services (reservation_id, service_id, quantity, unit_price, added_at, service_date) VALUES (1204, 1003, 2, 1500, '2025-01-10 10:00:00', '2025-01-10');
INSERT INTO invoices (invoice_code, reservation_id, total, method, invoice_date, created_at) VALUES ('I-55A5EBE7', 1204, 6600, 'transferencia', '2025-01-12', NOW());
INSERT INTO reservations (reservation_id, reservation_code, client_id, room_id, guest_name, guest_email, guest_phone, checkin_date, checkout_date, total, status, created_at) VALUES (1205, 'R-D3876541', 1106, 1001, 'Marta Gonzalez', 'marta.gonzalez6241@yahoo.com', '5565844336', '2024-01-23', '2024-01-25', 9000, 'facturada', NOW());
INSERT INTO reservation_services (reservation_id, service_id, quantity, unit_price, added_at, service_date) VALUES (1205, 1004, 2, 400, '2024-01-24 10:00:00', '2024-01-24');
INSERT INTO reservation_services (reservation_id, service_id, quantity, unit_price, added_at, service_date) VALUES (1205, 1003, 2, 1500, '2024-01-23 10:00:00', '2024-01-23');
INSERT INTO reservation_services (reservation_id, service_id, quantity, unit_price, added_at, service_date) VALUES (1205, 1005, 3, 500, '2024-01-23 10:00:00', '2024-01-23');
INSERT INTO invoices (invoice_code, reservation_id, total, method, invoice_date, created_at) VALUES ('I-1B77DC19', 1205, 14300, 'tarjeta', '2024-01-25', NOW());
INSERT INTO reservations (reservation_id, reservation_code, client_id, room_id, guest_name, guest_email, guest_phone, checkin_date, checkout_date, total, status, created_at) VALUES (1206, 'R-372CC972', 1109, 1015, 'David Lopez', 'david.lopez7706@yahoo.com', '5513762245', '2025-05-26', '2025-06-01', 27000, 'checkout', NOW());
INSERT INTO reservations (reservation_id, reservation_code, client_id, room_id, guest_name, guest_email, guest_phone, checkin_date, checkout_date, total, status, created_at) VALUES (1207, 'R-9B0D9954', 1167, 1026, 'Luis Rivera', 'luis.rivera9883@yahoo.com', '5555668466', '2024-03-04', '2024-03-05', 2200, 'facturada', NOW());
INSERT INTO reservation_services (reservation_id, service_id, quantity, unit_price, added_at, service_date) VALUES (1207, 1006, 2, 150, '2024-03-04 10:00:00', '2024-03-04');
INSERT INTO reservation_services (reservation_id, service_id, quantity, unit_price, added_at, service_date) VALUES (1207, 1004, 2, 400, '2024-03-04 10:00:00', '2024-03-04');
INSERT INTO reservation_services (reservation_id, service_id, quantity, unit_price, added_at, service_date) VALUES (1207, 1001, 1, 600, '2024-03-04 10:00:00', '2024-03-04');
INSERT INTO invoices (invoice_code, reservation_id, total, method, invoice_date, created_at) VALUES ('I-088A7483', 1207, 3900, 'tarjeta', '2024-03-05', NOW());
INSERT INTO reservations (reservation_id, reservation_code, client_id, room_id, guest_name, guest_email, guest_phone, checkin_date, checkout_date, total, status, created_at) VALUES (1208, 'R-BC51A11A', 1186, 1047, 'Paula Rodriguez', 'paula.rodriguez7053@gmail.com', '5535867634', '2024-10-13', '2024-10-14', 2200, 'facturada', NOW());
INSERT INTO reservation_services (reservation_id, service_id, quantity, unit_price, added_at, service_date) VALUES (1208, 1003, 2, 1500, '2024-10-13 10:00:00', '2024-10-13');
INSERT INTO reservation_services (reservation_id, service_id, quantity, unit_price, added_at, service_date) VALUES (1208, 1006, 1, 150, '2024-10-13 10:00:00', '2024-10-13');
INSERT INTO invoices (invoice_code, reservation_id, total, method, invoice_date, created_at) VALUES ('I-EA997A58', 1208, 5350, 'transferencia', '2024-10-14', NOW());
INSERT INTO reservations (reservation_id, reservation_code, client_id, room_id, guest_name, guest_email, guest_phone, checkin_date, checkout_date, total, status, created_at) VALUES (1209, 'R-CD06D9A7', 1196, 1043, 'Marta Ramirez', 'marta.ramirez7427@yahoo.com', '5546177861', '2025-03-07', '2025-03-12', 22500, 'cancelada', NOW());
INSERT INTO reservations (reservation_id, reservation_code, client_id, room_id, guest_name, guest_email, guest_phone, checkin_date, checkout_date, total, status, created_at) VALUES (1210, 'R-8975BB4C', 1049, 1011, 'Roberto Gonzalez', 'roberto.gonzalez9093@yahoo.com', '5531822812', '2025-03-10', '2025-03-12', 2400, 'cancelada', NOW());
INSERT INTO reservations (reservation_id, reservation_code, client_id, room_id, guest_name, guest_email, guest_phone, checkin_date, checkout_date, total, status, created_at) VALUES (1211, 'R-B5C8B4B9', 1060, 1033, 'Miguel Torres', 'miguel.torres3743@hotmail.com', '5569613756', '2024-07-21', '2024-07-24', 13500, 'facturada', NOW());
INSERT INTO reservation_services (reservation_id, service_id, quantity, unit_price, added_at, service_date) VALUES (1211, 1003, 3, 1500, '2024-07-21 10:00:00', '2024-07-21');
INSERT INTO reservation_services (reservation_id, service_id, quantity, unit_price, added_at, service_date) VALUES (1211, 1000, 1, 800, '2024-07-23 10:00:00', '2024-07-23');
INSERT INTO reservation_services (reservation_id, service_id, quantity, unit_price, added_at, service_date) VALUES (1211, 1004, 1, 400, '2024-07-22 10:00:00', '2024-07-22');
INSERT INTO invoices (invoice_code, reservation_id, total, method, invoice_date, created_at) VALUES ('I-B95DEA05', 1211, 19200, 'transferencia', '2024-07-24', NOW());
INSERT INTO reservations (reservation_id, reservation_code, client_id, room_id, guest_name, guest_email, guest_phone, checkin_date, checkout_date, total, status, created_at) VALUES (1212, 'R-BEA5EFDA', 1088, 1046, 'Carmen Flores', 'carmen.flores9112@hotmail.com', '5531962320', '2024-03-04', '2024-03-10', 13200, 'cancelada', NOW());
INSERT INTO reservations (reservation_id, reservation_code, client_id, room_id, guest_name, guest_email, guest_phone, checkin_date, checkout_date, total, status, created_at) VALUES (1213, 'R-ACC108C9', 1132, 1019, 'Roberto Perez', 'roberto.perez3153@gmail.com', '5589747835', '2024-05-22', '2024-05-28', 13200, 'facturada', NOW());
INSERT INTO reservation_services (reservation_id, service_id, quantity, unit_price, added_at, service_date) VALUES (1213, 1001, 2, 600, '2024-05-27 10:00:00', '2024-05-27');
INSERT INTO invoices (invoice_code, reservation_id, total, method, invoice_date, created_at) VALUES ('I-F4DC3776', 1213, 14400, 'efectivo', '2024-05-28', NOW());
INSERT INTO reservations (reservation_id, reservation_code, client_id, room_id, guest_name, guest_email, guest_phone, checkin_date, checkout_date, total, status, created_at) VALUES (1214, 'R-8D5D5A20', 1098, 1021, 'Lucia Torres', 'lucia.torres4008@hotel.com', '5523509354', '2024-07-28', '2024-08-01', 18000, 'facturada', NOW());
INSERT INTO reservation_services (reservation_id, service_id, quantity, unit_price, added_at, service_date) VALUES (1214, 1004, 3, 400, '2024-07-29 10:00:00', '2024-07-29');
INSERT INTO reservation_services (reservation_id, service_id, quantity, unit_price, added_at, service_date) VALUES (1214, 1004, 1, 400, '2024-07-31 10:00:00', '2024-07-31');
INSERT INTO reservation_services (reservation_id, service_id, quantity, unit_price, added_at, service_date) VALUES (1214, 1000, 1, 800, '2024-07-30 10:00:00', '2024-07-30');
INSERT INTO reservation_services (reservation_id, service_id, quantity, unit_price, added_at, service_date) VALUES (1214, 1004, 3, 400, '2024-07-31 10:00:00', '2024-07-31');
INSERT INTO invoices (invoice_code, reservation_id, total, method, invoice_date, created_at) VALUES ('I-9A6A8E8E', 1214, 21600, 'transferencia', '2024-08-01', NOW());
INSERT INTO reservations (reservation_id, reservation_code, client_id, room_id, guest_name, guest_email, guest_phone, checkin_date, checkout_date, total, status, created_at) VALUES (1215, 'R-B62DA506', 1125, 1010, 'Fernando Torres', 'fernando.torres9376@yahoo.com', '5580635860', '2024-01-16', '2024-01-17', 1200, 'facturada', NOW());
INSERT INTO reservation_services (reservation_id, service_id, quantity, unit_price, added_at, service_date) VALUES (1215, 1006, 3, 150, '2024-01-16 10:00:00', '2024-01-16');
INSERT INTO invoices (invoice_code, reservation_id, total, method, invoice_date, created_at) VALUES ('I-B94A991C', 1215, 1650, 'tarjeta', '2024-01-17', NOW());
INSERT INTO reservations (reservation_id, reservation_code, client_id, room_id, guest_name, guest_email, guest_phone, checkin_date, checkout_date, total, status, created_at) VALUES (1216, 'R-A0C908E4', 1103, 1033, 'Miguel Gonzalez', 'miguel.gonzalez1569@outlook.com', '5568153574', '2024-04-21', '2024-04-25', 18000, 'facturada', NOW());
INSERT INTO reservation_services (reservation_id, service_id, quantity, unit_price, added_at, service_date) VALUES (1216, 1005, 3, 500, '2024-04-21 10:00:00', '2024-04-21');
INSERT INTO invoices (invoice_code, reservation_id, total, method, invoice_date, created_at) VALUES ('I-17537521', 1216, 19500, 'efectivo', '2024-04-25', NOW());
INSERT INTO reservations (reservation_id, reservation_code, client_id, room_id, guest_name, guest_email, guest_phone, checkin_date, checkout_date, total, status, created_at) VALUES (1217, 'R-E701B708', 1096, 1021, 'Juan Martinez', 'juan.martinez4362@gmail.com', '5540550932', '2024-08-24', '2024-08-29', 22500, 'facturada', NOW());
INSERT INTO reservation_services (reservation_id, service_id, quantity, unit_price, added_at, service_date) VALUES (1217, 1000, 1, 800, '2024-08-27 10:00:00', '2024-08-27');
INSERT INTO invoices (invoice_code, reservation_id, total, method, invoice_date, created_at) VALUES ('I-0E15CEE2', 1217, 23300, 'efectivo', '2024-08-29', NOW());
INSERT INTO reservations (reservation_id, reservation_code, client_id, room_id, guest_name, guest_email, guest_phone, checkin_date, checkout_date, total, status, created_at) VALUES (1218, 'R-35907274', 1118, 1048, 'Lucia Hernandez', 'lucia.hernandez1343@hotmail.com', '5514359698', '2024-03-16', '2024-03-23', 8400, 'facturada', NOW());
INSERT INTO reservation_services (reservation_id, service_id, quantity, unit_price, added_at, service_date) VALUES (1218, 1000, 3, 800, '2024-03-19 10:00:00', '2024-03-19');
INSERT INTO reservation_services (reservation_id, service_id, quantity, unit_price, added_at, service_date) VALUES (1218, 1003, 3, 1500, '2024-03-18 10:00:00', '2024-03-18');
INSERT INTO reservation_services (reservation_id, service_id, quantity, unit_price, added_at, service_date) VALUES (1218, 1004, 3, 400, '2024-03-19 10:00:00', '2024-03-19');
INSERT INTO reservation_services (reservation_id, service_id, quantity, unit_price, added_at, service_date) VALUES (1218, 1001, 2, 600, '2024-03-21 10:00:00', '2024-03-21');
INSERT INTO invoices (invoice_code, reservation_id, total, method, invoice_date, created_at) VALUES ('I-DB65280A', 1218, 17700, 'efectivo', '2024-03-23', NOW());
INSERT INTO reservations (reservation_id, reservation_code, client_id, room_id, guest_name, guest_email, guest_phone, checkin_date, checkout_date, total, status, created_at) VALUES (1219, 'R-98AA21FB', 1120, 1015, 'David Sanchez', 'david.sanchez9835@yahoo.com', '5592379026', '2025-05-07', '2025-05-11', 18000, 'facturada', NOW());
INSERT INTO reservation_services (reservation_id, service_id, quantity, unit_price, added_at, service_date) VALUES (1219, 1004, 1, 400, '2025-05-09 10:00:00', '2025-05-09');
INSERT INTO reservation_services (reservation_id, service_id, quantity, unit_price, added_at, service_date) VALUES (1219, 1004, 1, 400, '2025-05-07 10:00:00', '2025-05-07');
INSERT INTO invoices (invoice_code, reservation_id, total, method, invoice_date, created_at) VALUES ('I-8990A886', 1219, 18800, 'tarjeta', '2025-05-11', NOW());
INSERT INTO reservations (reservation_id, reservation_code, client_id, room_id, guest_name, guest_email, guest_phone, checkin_date, checkout_date, total, status, created_at) VALUES (1220, 'R-CF8BA6B3', 1096, 1002, 'Juan Martinez', 'juan.martinez4362@gmail.com', '5596497483', '2024-03-23', '2024-03-26', 6600, 'facturada', NOW());
INSERT INTO reservation_services (reservation_id, service_id, quantity, unit_price, added_at, service_date) VALUES (1220, 1000, 2, 800, '2024-03-24 10:00:00', '2024-03-24');
INSERT INTO reservation_services (reservation_id, service_id, quantity, unit_price, added_at, service_date) VALUES (1220, 1002, 3, 250, '2024-03-24 10:00:00', '2024-03-24');
INSERT INTO reservation_services (reservation_id, service_id, quantity, unit_price, added_at, service_date) VALUES (1220, 1000, 3, 800, '2024-03-24 10:00:00', '2024-03-24');
INSERT INTO invoices (invoice_code, reservation_id, total, method, invoice_date, created_at) VALUES ('I-F06353A0', 1220, 11350, 'transferencia', '2024-03-26', NOW());
INSERT INTO reservations (reservation_id, reservation_code, client_id, room_id, guest_name, guest_email, guest_phone, checkin_date, checkout_date, total, status, created_at) VALUES (1221, 'R-21CAE01E', 1030, 1045, 'David Reyes', 'david.reyes5874@outlook.com', '5588776468', '2025-04-18', '2025-04-22', 18000, 'checkout', NOW());
INSERT INTO reservation_services (reservation_id, service_id, quantity, unit_price, added_at, service_date) VALUES (1221, 1001, 1, 600, '2025-04-19 10:00:00', '2025-04-19');
INSERT INTO reservation_services (reservation_id, service_id, quantity, unit_price, added_at, service_date) VALUES (1221, 1006, 1, 150, '2025-04-21 10:00:00', '2025-04-21');
INSERT INTO reservation_services (reservation_id, service_id, quantity, unit_price, added_at, service_date) VALUES (1221, 1003, 2, 1500, '2025-04-20 10:00:00', '2025-04-20');
INSERT INTO reservation_services (reservation_id, service_id, quantity, unit_price, added_at, service_date) VALUES (1221, 1003, 3, 1500, '2025-04-19 10:00:00', '2025-04-19');
INSERT INTO reservations (reservation_id, reservation_code, client_id, room_id, guest_name, guest_email, guest_phone, checkin_date, checkout_date, total, status, created_at) VALUES (1222, 'R-30567EC9', 1113, 1014, 'Marta Ramirez', 'marta.ramirez5762@yahoo.com', '5557053149', '2024-11-05', '2024-11-07', 4400, 'checkout', NOW());
INSERT INTO reservation_services (reservation_id, service_id, quantity, unit_price, added_at, service_date) VALUES (1222, 1005, 1, 500, '2024-11-06 10:00:00', '2024-11-06');
INSERT INTO reservation_services (reservation_id, service_id, quantity, unit_price, added_at, service_date) VALUES (1222, 1000, 3, 800, '2024-11-06 10:00:00', '2024-11-06');
INSERT INTO reservation_services (reservation_id, service_id, quantity, unit_price, added_at, service_date) VALUES (1222, 1006, 2, 150, '2024-11-05 10:00:00', '2024-11-05');
INSERT INTO reservations (reservation_id, reservation_code, client_id, room_id, guest_name, guest_email, guest_phone, checkin_date, checkout_date, total, status, created_at) VALUES (1223, 'R-0B6DE033', 1050, 1034, 'Laura Hernandez', 'laura.hernandez6444@hotmail.com', '5559560454', '2024-07-09', '2024-07-11', 4400, 'facturada', NOW());
INSERT INTO reservation_services (reservation_id, service_id, quantity, unit_price, added_at, service_date) VALUES (1223, 1005, 3, 500, '2024-07-09 10:00:00', '2024-07-09');
INSERT INTO invoices (invoice_code, reservation_id, total, method, invoice_date, created_at) VALUES ('I-A8ABDD6B', 1223, 5900, 'transferencia', '2024-07-11', NOW());
INSERT INTO reservations (reservation_id, reservation_code, client_id, room_id, guest_name, guest_email, guest_phone, checkin_date, checkout_date, total, status, created_at) VALUES (1224, 'R-F2F197AF', 1032, 1044, 'Maria Sanchez', 'maria.sanchez5978@outlook.com', '5526979130', '2025-02-26', '2025-03-03', 6000, 'facturada', NOW());
INSERT INTO reservation_services (reservation_id, service_id, quantity, unit_price, added_at, service_date) VALUES (1224, 1002, 1, 250, '2025-03-01 10:00:00', '2025-03-01');
INSERT INTO invoices (invoice_code, reservation_id, total, method, invoice_date, created_at) VALUES ('I-A6DE09AB', 1224, 6250, 'transferencia', '2025-03-03', NOW());
INSERT INTO reservations (reservation_id, reservation_code, client_id, room_id, guest_name, guest_email, guest_phone, checkin_date, checkout_date, total, status, created_at) VALUES (1225, 'R-834ED19B', 1122, 1007, 'Jose Ramirez', 'jose.ramirez3272@gmail.com', '5526273453', '2024-08-21', '2024-08-27', 13200, 'facturada', NOW());
INSERT INTO reservation_services (reservation_id, service_id, quantity, unit_price, added_at, service_date) VALUES (1225, 1000, 1, 800, '2024-08-22 10:00:00', '2024-08-22');
INSERT INTO reservation_services (reservation_id, service_id, quantity, unit_price, added_at, service_date) VALUES (1225, 1005, 1, 500, '2024-08-21 10:00:00', '2024-08-21');
INSERT INTO reservation_services (reservation_id, service_id, quantity, unit_price, added_at, service_date) VALUES (1225, 1006, 1, 150, '2024-08-26 10:00:00', '2024-08-26');
INSERT INTO reservation_services (reservation_id, service_id, quantity, unit_price, added_at, service_date) VALUES (1225, 1002, 3, 250, '2024-08-21 10:00:00', '2024-08-21');
INSERT INTO invoices (invoice_code, reservation_id, total, method, invoice_date, created_at) VALUES ('I-3B92F55F', 1225, 15400, 'efectivo', '2024-08-27', NOW());
INSERT INTO reservations (reservation_id, reservation_code, client_id, room_id, guest_name, guest_email, guest_phone, checkin_date, checkout_date, total, status, created_at) VALUES (1226, 'R-67181235', 1008, 1048, 'Maria Flores', 'carlos.perez49@hotmail.com', '5521802242', '2025-04-13', '2025-04-18', 6000, 'checkout', NOW());
INSERT INTO reservation_services (reservation_id, service_id, quantity, unit_price, added_at, service_date) VALUES (1226, 1006, 2, 150, '2025-04-17 10:00:00', '2025-04-17');
INSERT INTO reservation_services (reservation_id, service_id, quantity, unit_price, added_at, service_date) VALUES (1226, 1003, 1, 1500, '2025-04-17 10:00:00', '2025-04-17');
INSERT INTO reservation_services (reservation_id, service_id, quantity, unit_price, added_at, service_date) VALUES (1226, 1006, 1, 150, '2025-04-14 10:00:00', '2025-04-14');
INSERT INTO reservation_services (reservation_id, service_id, quantity, unit_price, added_at, service_date) VALUES (1226, 1006, 3, 150, '2025-04-16 10:00:00', '2025-04-16');
INSERT INTO reservation_services (reservation_id, service_id, quantity, unit_price, added_at, service_date) VALUES (1226, 1005, 1, 500, '2025-04-16 10:00:00', '2025-04-16');
INSERT INTO reservations (reservation_id, reservation_code, client_id, room_id, guest_name, guest_email, guest_phone, checkin_date, checkout_date, total, status, created_at) VALUES (1227, 'R-360A74D4', 1061, 1011, 'Paula Rodriguez', 'paula.rodriguez5011@hotel.com', '5573677831', '2024-12-05', '2024-12-08', 3600, 'facturada', NOW());
INSERT INTO reservation_services (reservation_id, service_id, quantity, unit_price, added_at, service_date) VALUES (1227, 1004, 1, 400, '2024-12-05 10:00:00', '2024-12-05');
INSERT INTO invoices (invoice_code, reservation_id, total, method, invoice_date, created_at) VALUES ('I-AF9FAA76', 1227, 4000, 'efectivo', '2024-12-08', NOW());
INSERT INTO reservations (reservation_id, reservation_code, client_id, room_id, guest_name, guest_email, guest_phone, checkin_date, checkout_date, total, status, created_at) VALUES (1228, 'R-F2515A87', 1146, 1029, 'Sofia Torres', 'sofia.torres8480@hotel.com', '5564757366', '2024-10-02', '2024-10-08', 13200, 'facturada', NOW());
INSERT INTO reservation_services (reservation_id, service_id, quantity, unit_price, added_at, service_date) VALUES (1228, 1000, 3, 800, '2024-10-07 10:00:00', '2024-10-07');
INSERT INTO reservation_services (reservation_id, service_id, quantity, unit_price, added_at, service_date) VALUES (1228, 1006, 2, 150, '2024-10-06 10:00:00', '2024-10-06');
INSERT INTO invoices (invoice_code, reservation_id, total, method, invoice_date, created_at) VALUES ('I-B5FFAE12', 1228, 15900, 'tarjeta', '2024-10-08', NOW());
INSERT INTO reservations (reservation_id, reservation_code, client_id, room_id, guest_name, guest_email, guest_phone, checkin_date, checkout_date, total, status, created_at) VALUES (1229, 'R-03FB845E', 1174, 1014, 'Roberto Perez', 'roberto.perez1093@hotmail.com', '5580889763', '2024-05-24', '2024-05-31', 15400, 'facturada', NOW());
INSERT INTO reservation_services (reservation_id, service_id, quantity, unit_price, added_at, service_date) VALUES (1229, 1001, 3, 600, '2024-05-25 10:00:00', '2024-05-25');
INSERT INTO invoices (invoice_code, reservation_id, total, method, invoice_date, created_at) VALUES ('I-E89D5F21', 1229, 17200, 'tarjeta', '2024-05-31', NOW());
INSERT INTO reservations (reservation_id, reservation_code, client_id, room_id, guest_name, guest_email, guest_phone, checkin_date, checkout_date, total, status, created_at) VALUES (1230, 'R-7525A415', 1008, 1042, 'Maria Flores', 'carlos.perez49@hotmail.com', '5543238630', '2024-08-26', '2024-09-01', 27000, 'facturada', NOW());
INSERT INTO invoices (invoice_code, reservation_id, total, method, invoice_date, created_at) VALUES ('I-646BA4D3', 1230, 27000, 'efectivo', '2024-09-01', NOW());
INSERT INTO reservations (reservation_id, reservation_code, client_id, room_id, guest_name, guest_email, guest_phone, checkin_date, checkout_date, total, status, created_at) VALUES (1231, 'R-B3DCFE38', 1147, 1020, 'Elena Perez', 'elena.perez4766@gmail.com', '5579593589', '2024-02-13', '2024-02-17', 18000, 'facturada', NOW());
INSERT INTO reservation_services (reservation_id, service_id, quantity, unit_price, added_at, service_date) VALUES (1231, 1003, 1, 1500, '2024-02-14 10:00:00', '2024-02-14');
INSERT INTO reservation_services (reservation_id, service_id, quantity, unit_price, added_at, service_date) VALUES (1231, 1002, 3, 250, '2024-02-13 10:00:00', '2024-02-13');
INSERT INTO reservation_services (reservation_id, service_id, quantity, unit_price, added_at, service_date) VALUES (1231, 1003, 3, 1500, '2024-02-13 10:00:00', '2024-02-13');
INSERT INTO reservation_services (reservation_id, service_id, quantity, unit_price, added_at, service_date) VALUES (1231, 1001, 3, 600, '2024-02-14 10:00:00', '2024-02-14');
INSERT INTO reservation_services (reservation_id, service_id, quantity, unit_price, added_at, service_date) VALUES (1231, 1003, 1, 1500, '2024-02-13 10:00:00', '2024-02-13');
INSERT INTO invoices (invoice_code, reservation_id, total, method, invoice_date, created_at) VALUES ('I-3B9A8E99', 1231, 28050, 'transferencia', '2024-02-17', NOW());
INSERT INTO reservations (reservation_id, reservation_code, client_id, room_id, guest_name, guest_email, guest_phone, checkin_date, checkout_date, total, status, created_at) VALUES (1232, 'R-67A87649', 1139, 1021, 'Miguel Martinez', 'miguel.martinez9056@yahoo.com', '5515278099', '2025-02-05', '2025-02-09', 18000, 'facturada', NOW());
INSERT INTO reservation_services (reservation_id, service_id, quantity, unit_price, added_at, service_date) VALUES (1232, 1000, 1, 800, '2025-02-08 10:00:00', '2025-02-08');
INSERT INTO reservation_services (reservation_id, service_id, quantity, unit_price, added_at, service_date) VALUES (1232, 1004, 3, 400, '2025-02-05 10:00:00', '2025-02-05');
INSERT INTO invoices (invoice_code, reservation_id, total, method, invoice_date, created_at) VALUES ('I-E1125AE8', 1232, 20000, 'transferencia', '2025-02-09', NOW());
INSERT INTO reservations (reservation_id, reservation_code, client_id, room_id, guest_name, guest_email, guest_phone, checkin_date, checkout_date, total, status, created_at) VALUES (1233, 'R-73B96FFF', 1036, 1036, 'Marta Rodriguez', 'marta.rodriguez8707@gmail.com', '5529137946', '2024-07-05', '2024-07-08', 13500, 'facturada', NOW());
INSERT INTO reservation_services (reservation_id, service_id, quantity, unit_price, added_at, service_date) VALUES (1233, 1005, 3, 500, '2024-07-06 10:00:00', '2024-07-06');
INSERT INTO reservation_services (reservation_id, service_id, quantity, unit_price, added_at, service_date) VALUES (1233, 1005, 1, 500, '2024-07-05 10:00:00', '2024-07-05');
INSERT INTO reservation_services (reservation_id, service_id, quantity, unit_price, added_at, service_date) VALUES (1233, 1003, 2, 1500, '2024-07-07 10:00:00', '2024-07-07');
INSERT INTO invoices (invoice_code, reservation_id, total, method, invoice_date, created_at) VALUES ('I-56294C61', 1233, 18500, 'tarjeta', '2024-07-08', NOW());
INSERT INTO reservations (reservation_id, reservation_code, client_id, room_id, guest_name, guest_email, guest_phone, checkin_date, checkout_date, total, status, created_at) VALUES (1234, 'R-330CA9F5', 1150, 1001, 'Paula Diaz', 'paula.diaz8916@hotel.com', '5521610893', '2024-03-07', '2024-03-12', 22500, 'facturada', NOW());
INSERT INTO reservation_services (reservation_id, service_id, quantity, unit_price, added_at, service_date) VALUES (1234, 1002, 3, 250, '2024-03-07 10:00:00', '2024-03-07');
INSERT INTO reservation_services (reservation_id, service_id, quantity, unit_price, added_at, service_date) VALUES (1234, 1004, 3, 400, '2024-03-11 10:00:00', '2024-03-11');
INSERT INTO reservation_services (reservation_id, service_id, quantity, unit_price, added_at, service_date) VALUES (1234, 1005, 1, 500, '2024-03-10 10:00:00', '2024-03-10');
INSERT INTO reservation_services (reservation_id, service_id, quantity, unit_price, added_at, service_date) VALUES (1234, 1001, 3, 600, '2024-03-11 10:00:00', '2024-03-11');
INSERT INTO reservation_services (reservation_id, service_id, quantity, unit_price, added_at, service_date) VALUES (1234, 1006, 1, 150, '2024-03-09 10:00:00', '2024-03-09');
INSERT INTO invoices (invoice_code, reservation_id, total, method, invoice_date, created_at) VALUES ('I-44D081E3', 1234, 26900, 'transferencia', '2024-03-12', NOW());
INSERT INTO reservations (reservation_id, reservation_code, client_id, room_id, guest_name, guest_email, guest_phone, checkin_date, checkout_date, total, status, created_at) VALUES (1235, 'R-28F0FE3E', 1017, 1045, 'Miguel Ramirez', 'miguel.ramirez3476@gmail.com', '5577951621', '2025-02-04', '2025-02-07', 13500, 'facturada', NOW());
INSERT INTO reservation_services (reservation_id, service_id, quantity, unit_price, added_at, service_date) VALUES (1235, 1002, 2, 250, '2025-02-06 10:00:00', '2025-02-06');
INSERT INTO reservation_services (reservation_id, service_id, quantity, unit_price, added_at, service_date) VALUES (1235, 1003, 1, 1500, '2025-02-04 10:00:00', '2025-02-04');
INSERT INTO reservation_services (reservation_id, service_id, quantity, unit_price, added_at, service_date) VALUES (1235, 1006, 3, 150, '2025-02-05 10:00:00', '2025-02-05');
INSERT INTO reservation_services (reservation_id, service_id, quantity, unit_price, added_at, service_date) VALUES (1235, 1005, 2, 500, '2025-02-04 10:00:00', '2025-02-04');
INSERT INTO invoices (invoice_code, reservation_id, total, method, invoice_date, created_at) VALUES ('I-BB1473DB', 1235, 16950, 'tarjeta', '2025-02-07', NOW());
INSERT INTO reservations (reservation_id, reservation_code, client_id, room_id, guest_name, guest_email, guest_phone, checkin_date, checkout_date, total, status, created_at) VALUES (1236, 'R-CF669C19', 1191, 1018, 'Jose Lopez', 'jose.lopez7262@yahoo.com', '5586544529', '2024-08-19', '2024-08-25', 13200, 'facturada', NOW());
INSERT INTO reservation_services (reservation_id, service_id, quantity, unit_price, added_at, service_date) VALUES (1236, 1000, 3, 800, '2024-08-21 10:00:00', '2024-08-21');
INSERT INTO reservation_services (reservation_id, service_id, quantity, unit_price, added_at, service_date) VALUES (1236, 1002, 3, 250, '2024-08-19 10:00:00', '2024-08-19');
INSERT INTO reservation_services (reservation_id, service_id, quantity, unit_price, added_at, service_date) VALUES (1236, 1002, 3, 250, '2024-08-22 10:00:00', '2024-08-22');
INSERT INTO reservation_services (reservation_id, service_id, quantity, unit_price, added_at, service_date) VALUES (1236, 1002, 3, 250, '2024-08-19 10:00:00', '2024-08-19');
INSERT INTO invoices (invoice_code, reservation_id, total, method, invoice_date, created_at) VALUES ('I-B956F635', 1236, 17850, 'efectivo', '2024-08-25', NOW());
INSERT INTO reservations (reservation_id, reservation_code, client_id, room_id, guest_name, guest_email, guest_phone, checkin_date, checkout_date, total, status, created_at) VALUES (1237, 'R-AAC8019D', 1129, 1019, 'Pedro Ramirez', 'pedro.ramirez7258@gmail.com', '5530415516', '2024-07-26', '2024-07-28', 4400, 'facturada', NOW());
INSERT INTO invoices (invoice_code, reservation_id, total, method, invoice_date, created_at) VALUES ('I-5B6328FD', 1237, 4400, 'transferencia', '2024-07-28', NOW());
INSERT INTO reservations (reservation_id, reservation_code, client_id, room_id, guest_name, guest_email, guest_phone, checkin_date, checkout_date, total, status, created_at) VALUES (1238, 'R-9211C8EF', 1038, 1029, 'Maria Flores', 'maria.flores2879@yahoo.com', '5558804654', '2024-09-23', '2024-09-30', 15400, 'facturada', NOW());
INSERT INTO reservation_services (reservation_id, service_id, quantity, unit_price, added_at, service_date) VALUES (1238, 1003, 2, 1500, '2024-09-24 10:00:00', '2024-09-24');
INSERT INTO reservation_services (reservation_id, service_id, quantity, unit_price, added_at, service_date) VALUES (1238, 1006, 3, 150, '2024-09-25 10:00:00', '2024-09-25');
INSERT INTO reservation_services (reservation_id, service_id, quantity, unit_price, added_at, service_date) VALUES (1238, 1000, 3, 800, '2024-09-27 10:00:00', '2024-09-27');
INSERT INTO reservation_services (reservation_id, service_id, quantity, unit_price, added_at, service_date) VALUES (1238, 1000, 1, 800, '2024-09-26 10:00:00', '2024-09-26');
INSERT INTO invoices (invoice_code, reservation_id, total, method, invoice_date, created_at) VALUES ('I-8FD7F81E', 1238, 22050, 'tarjeta', '2024-09-30', NOW());
INSERT INTO reservations (reservation_id, reservation_code, client_id, room_id, guest_name, guest_email, guest_phone, checkin_date, checkout_date, total, status, created_at) VALUES (1239, 'R-AF689E44', 1115, 1038, 'David Hernandez', 'david.hernandez6292@yahoo.com', '5510034783', '2024-01-27', '2024-01-31', 18000, 'checkout', NOW());
INSERT INTO reservations (reservation_id, reservation_code, client_id, room_id, guest_name, guest_email, guest_phone, checkin_date, checkout_date, total, status, created_at) VALUES (1240, 'R-4AE67BC3', 1015, 1017, 'Jorge Gonzalez', 'jorge.gonzalez1124@hotmail.com', '5598614565', '2024-05-29', '2024-06-05', 31500, 'facturada', NOW());
INSERT INTO reservation_services (reservation_id, service_id, quantity, unit_price, added_at, service_date) VALUES (1240, 1000, 3, 800, '2024-06-04 10:00:00', '2024-06-04');
INSERT INTO reservation_services (reservation_id, service_id, quantity, unit_price, added_at, service_date) VALUES (1240, 1005, 3, 500, '2024-05-29 10:00:00', '2024-05-29');
INSERT INTO invoices (invoice_code, reservation_id, total, method, invoice_date, created_at) VALUES ('I-7DB22F82', 1240, 35400, 'efectivo', '2024-06-05', NOW());
INSERT INTO reservations (reservation_id, reservation_code, client_id, room_id, guest_name, guest_email, guest_phone, checkin_date, checkout_date, total, status, created_at) VALUES (1241, 'R-183D9CA7', 1136, 1010, 'Marta Reyes', 'marta.reyes1880@hotmail.com', '5567578445', '2025-05-13', '2025-05-16', 3600, 'facturada', NOW());
INSERT INTO reservation_services (reservation_id, service_id, quantity, unit_price, added_at, service_date) VALUES (1241, 1003, 1, 1500, '2025-05-13 10:00:00', '2025-05-13');
INSERT INTO reservation_services (reservation_id, service_id, quantity, unit_price, added_at, service_date) VALUES (1241, 1006, 3, 150, '2025-05-14 10:00:00', '2025-05-14');
INSERT INTO reservation_services (reservation_id, service_id, quantity, unit_price, added_at, service_date) VALUES (1241, 1006, 3, 150, '2025-05-13 10:00:00', '2025-05-13');
INSERT INTO reservation_services (reservation_id, service_id, quantity, unit_price, added_at, service_date) VALUES (1241, 1001, 3, 600, '2025-05-15 10:00:00', '2025-05-15');
INSERT INTO invoices (invoice_code, reservation_id, total, method, invoice_date, created_at) VALUES ('I-C508F911', 1241, 7800, 'transferencia', '2025-05-16', NOW());
INSERT INTO reservations (reservation_id, reservation_code, client_id, room_id, guest_name, guest_email, guest_phone, checkin_date, checkout_date, total, status, created_at) VALUES (1242, 'R-AC2A585E', 1104, 1028, 'Luis Perez', 'luis.perez1352@hotmail.com', '5538571439', '2025-03-06', '2025-03-07', 1200, 'facturada', NOW());
INSERT INTO invoices (invoice_code, reservation_id, total, method, invoice_date, created_at) VALUES ('I-A08670E5', 1242, 1200, 'transferencia', '2025-03-07', NOW());
INSERT INTO reservations (reservation_id, reservation_code, client_id, room_id, guest_name, guest_email, guest_phone, checkin_date, checkout_date, total, status, created_at) VALUES (1243, 'R-74FECF84', 1017, 1009, 'Miguel Ramirez', 'miguel.ramirez3476@gmail.com', '5549286157', '2024-11-07', '2024-11-10', 3600, 'facturada', NOW());
INSERT INTO reservation_services (reservation_id, service_id, quantity, unit_price, added_at, service_date) VALUES (1243, 1004, 3, 400, '2024-11-07 10:00:00', '2024-11-07');
INSERT INTO invoices (invoice_code, reservation_id, total, method, invoice_date, created_at) VALUES ('I-6E97EEB7', 1243, 4800, 'efectivo', '2024-11-10', NOW());
INSERT INTO reservations (reservation_id, reservation_code, client_id, room_id, guest_name, guest_email, guest_phone, checkin_date, checkout_date, total, status, created_at) VALUES (1244, 'R-59AC5EBC', 1173, 1049, 'Carlos Gomez', 'carlos.gomez8272@gmail.com', '5573462546', '2025-03-20', '2025-03-22', 9000, 'facturada', NOW());
INSERT INTO reservation_services (reservation_id, service_id, quantity, unit_price, added_at, service_date) VALUES (1244, 1005, 3, 500, '2025-03-20 10:00:00', '2025-03-20');
INSERT INTO reservation_services (reservation_id, service_id, quantity, unit_price, added_at, service_date) VALUES (1244, 1005, 3, 500, '2025-03-20 10:00:00', '2025-03-20');
INSERT INTO reservation_services (reservation_id, service_id, quantity, unit_price, added_at, service_date) VALUES (1244, 1002, 3, 250, '2025-03-20 10:00:00', '2025-03-20');
INSERT INTO reservation_services (reservation_id, service_id, quantity, unit_price, added_at, service_date) VALUES (1244, 1001, 2, 600, '2025-03-21 10:00:00', '2025-03-21');
INSERT INTO invoices (invoice_code, reservation_id, total, method, invoice_date, created_at) VALUES ('I-1F4C18D4', 1244, 13950, 'efectivo', '2025-03-22', NOW());
INSERT INTO reservations (reservation_id, reservation_code, client_id, room_id, guest_name, guest_email, guest_phone, checkin_date, checkout_date, total, status, created_at) VALUES (1245, 'R-6E63CE89', 1002, 1010, 'Laura Rodriguez', 'pedro.sanchez544@hotel.com', '5549336946', '2024-08-02', '2024-08-08', 7200, 'checkout', NOW());
INSERT INTO reservation_services (reservation_id, service_id, quantity, unit_price, added_at, service_date) VALUES (1245, 1005, 3, 500, '2024-08-07 10:00:00', '2024-08-07');
INSERT INTO reservation_services (reservation_id, service_id, quantity, unit_price, added_at, service_date) VALUES (1245, 1002, 3, 250, '2024-08-05 10:00:00', '2024-08-05');
INSERT INTO reservation_services (reservation_id, service_id, quantity, unit_price, added_at, service_date) VALUES (1245, 1000, 1, 800, '2024-08-05 10:00:00', '2024-08-05');
INSERT INTO reservation_services (reservation_id, service_id, quantity, unit_price, added_at, service_date) VALUES (1245, 1003, 2, 1500, '2024-08-04 10:00:00', '2024-08-04');
INSERT INTO reservation_services (reservation_id, service_id, quantity, unit_price, added_at, service_date) VALUES (1245, 1004, 3, 400, '2024-08-04 10:00:00', '2024-08-04');
INSERT INTO reservations (reservation_id, reservation_code, client_id, room_id, guest_name, guest_email, guest_phone, checkin_date, checkout_date, total, status, created_at) VALUES (1246, 'R-0AEEF0C7', 1006, 1015, 'Lucia Rodriguez', 'lucia.rodriguez3808@gmail.com', '5546941401', '2025-05-04', '2025-05-06', 9000, 'facturada', NOW());
INSERT INTO reservation_services (reservation_id, service_id, quantity, unit_price, added_at, service_date) VALUES (1246, 1005, 3, 500, '2025-05-05 10:00:00', '2025-05-05');
INSERT INTO reservation_services (reservation_id, service_id, quantity, unit_price, added_at, service_date) VALUES (1246, 1004, 2, 400, '2025-05-04 10:00:00', '2025-05-04');
INSERT INTO reservation_services (reservation_id, service_id, quantity, unit_price, added_at, service_date) VALUES (1246, 1006, 2, 150, '2025-05-05 10:00:00', '2025-05-05');
INSERT INTO invoices (invoice_code, reservation_id, total, method, invoice_date, created_at) VALUES ('I-5A29FA61', 1246, 11600, 'efectivo', '2025-05-06', NOW());
INSERT INTO reservations (reservation_id, reservation_code, client_id, room_id, guest_name, guest_email, guest_phone, checkin_date, checkout_date, total, status, created_at) VALUES (1247, 'R-AABB3758', 1178, 1001, 'Jose Gomez', 'jose.gomez1411@gmail.com', '5568150823', '2024-12-18', '2024-12-19', 4500, 'facturada', NOW());
INSERT INTO reservation_services (reservation_id, service_id, quantity, unit_price, added_at, service_date) VALUES (1247, 1006, 3, 150, '2024-12-18 10:00:00', '2024-12-18');
INSERT INTO reservation_services (reservation_id, service_id, quantity, unit_price, added_at, service_date) VALUES (1247, 1004, 1, 400, '2024-12-18 10:00:00', '2024-12-18');
INSERT INTO reservation_services (reservation_id, service_id, quantity, unit_price, added_at, service_date) VALUES (1247, 1005, 2, 500, '2024-12-18 10:00:00', '2024-12-18');
INSERT INTO invoices (invoice_code, reservation_id, total, method, invoice_date, created_at) VALUES ('I-28953535', 1247, 6350, 'efectivo', '2024-12-19', NOW());
INSERT INTO reservations (reservation_id, reservation_code, client_id, room_id, guest_name, guest_email, guest_phone, checkin_date, checkout_date, total, status, created_at) VALUES (1248, 'R-C531AA97', 1112, 1035, 'Maria Perez', 'maria.perez3002@hotmail.com', '5563288227', '2024-11-25', '2024-11-30', 6000, 'facturada', NOW());
INSERT INTO reservation_services (reservation_id, service_id, quantity, unit_price, added_at, service_date) VALUES (1248, 1004, 1, 400, '2024-11-27 10:00:00', '2024-11-27');
INSERT INTO reservation_services (reservation_id, service_id, quantity, unit_price, added_at, service_date) VALUES (1248, 1004, 1, 400, '2024-11-26 10:00:00', '2024-11-26');
INSERT INTO reservation_services (reservation_id, service_id, quantity, unit_price, added_at, service_date) VALUES (1248, 1005, 1, 500, '2024-11-27 10:00:00', '2024-11-27');
INSERT INTO reservation_services (reservation_id, service_id, quantity, unit_price, added_at, service_date) VALUES (1248, 1000, 2, 800, '2024-11-28 10:00:00', '2024-11-28');
INSERT INTO invoices (invoice_code, reservation_id, total, method, invoice_date, created_at) VALUES ('I-EA34271C', 1248, 8900, 'tarjeta', '2024-11-30', NOW());
INSERT INTO reservations (reservation_id, reservation_code, client_id, room_id, guest_name, guest_email, guest_phone, checkin_date, checkout_date, total, status, created_at) VALUES (1249, 'R-8DD8BEF1', 1100, 1022, 'Jose Hernandez', 'jose.hernandez5911@gmail.com', '5521645197', '2025-04-12', '2025-04-18', 13200, 'checkout', NOW());
INSERT INTO reservations (reservation_id, reservation_code, client_id, room_id, guest_name, guest_email, guest_phone, checkin_date, checkout_date, total, status, created_at) VALUES (1250, 'R-E5572005', 1061, 1001, 'Paula Rodriguez', 'paula.rodriguez5011@hotel.com', '5516529683', '2025-05-06', '2025-05-12', 27000, 'facturada', NOW());
INSERT INTO reservation_services (reservation_id, service_id, quantity, unit_price, added_at, service_date) VALUES (1250, 1002, 3, 250, '2025-05-06 10:00:00', '2025-05-06');
INSERT INTO reservation_services (reservation_id, service_id, quantity, unit_price, added_at, service_date) VALUES (1250, 1002, 2, 250, '2025-05-07 10:00:00', '2025-05-07');
INSERT INTO invoices (invoice_code, reservation_id, total, method, invoice_date, created_at) VALUES ('I-164589D3', 1250, 28250, 'transferencia', '2025-05-12', NOW());
INSERT INTO reservations (reservation_id, reservation_code, client_id, room_id, guest_name, guest_email, guest_phone, checkin_date, checkout_date, total, status, created_at) VALUES (1251, 'R-C0FC201F', 1045, 1018, 'Laura Sanchez', 'laura.sanchez4752@yahoo.com', '5556170482', '2025-02-08', '2025-02-15', 15400, 'checkout', NOW());
INSERT INTO reservation_services (reservation_id, service_id, quantity, unit_price, added_at, service_date) VALUES (1251, 1003, 2, 1500, '2025-02-11 10:00:00', '2025-02-11');
INSERT INTO reservation_services (reservation_id, service_id, quantity, unit_price, added_at, service_date) VALUES (1251, 1006, 1, 150, '2025-02-11 10:00:00', '2025-02-11');
INSERT INTO reservation_services (reservation_id, service_id, quantity, unit_price, added_at, service_date) VALUES (1251, 1006, 1, 150, '2025-02-08 10:00:00', '2025-02-08');
INSERT INTO reservations (reservation_id, reservation_code, client_id, room_id, guest_name, guest_email, guest_phone, checkin_date, checkout_date, total, status, created_at) VALUES (1252, 'R-6D19D7D5', 1173, 1033, 'Carlos Gomez', 'carlos.gomez8272@gmail.com', '5542505937', '2025-01-16', '2025-01-23', 31500, 'checkout', NOW());
INSERT INTO reservation_services (reservation_id, service_id, quantity, unit_price, added_at, service_date) VALUES (1252, 1004, 1, 400, '2025-01-22 10:00:00', '2025-01-22');
INSERT INTO reservations (reservation_id, reservation_code, client_id, room_id, guest_name, guest_email, guest_phone, checkin_date, checkout_date, total, status, created_at) VALUES (1253, 'R-87C37285', 1094, 1007, 'Jorge Gomez', 'jorge.gomez3465@gmail.com', '5572783938', '2024-12-13', '2024-12-17', 8800, 'facturada', NOW());
INSERT INTO reservation_services (reservation_id, service_id, quantity, unit_price, added_at, service_date) VALUES (1253, 1003, 1, 1500, '2024-12-14 10:00:00', '2024-12-14');
INSERT INTO reservation_services (reservation_id, service_id, quantity, unit_price, added_at, service_date) VALUES (1253, 1002, 2, 250, '2024-12-15 10:00:00', '2024-12-15');
INSERT INTO reservation_services (reservation_id, service_id, quantity, unit_price, added_at, service_date) VALUES (1253, 1001, 1, 600, '2024-12-13 10:00:00', '2024-12-13');
INSERT INTO reservation_services (reservation_id, service_id, quantity, unit_price, added_at, service_date) VALUES (1253, 1002, 2, 250, '2024-12-15 10:00:00', '2024-12-15');
INSERT INTO reservation_services (reservation_id, service_id, quantity, unit_price, added_at, service_date) VALUES (1253, 1003, 2, 1500, '2024-12-13 10:00:00', '2024-12-13');
INSERT INTO invoices (invoice_code, reservation_id, total, method, invoice_date, created_at) VALUES ('I-54AFBCB0', 1253, 14900, 'efectivo', '2024-12-17', NOW());
INSERT INTO reservations (reservation_id, reservation_code, client_id, room_id, guest_name, guest_email, guest_phone, checkin_date, checkout_date, total, status, created_at) VALUES (1254, 'R-6CB45EDF', 1133, 1006, 'Juan Flores', 'juan.flores6586@hotel.com', '5569675439', '2025-01-01', '2025-01-06', 6000, 'checkout', NOW());
INSERT INTO reservations (reservation_id, reservation_code, client_id, room_id, guest_name, guest_email, guest_phone, checkin_date, checkout_date, total, status, created_at) VALUES (1255, 'R-4931AF04', 1152, 1013, 'Marta Rodriguez', 'marta.rodriguez5994@outlook.com', '5547617992', '2024-05-04', '2024-05-05', 2200, 'checkout', NOW());
INSERT INTO reservations (reservation_id, reservation_code, client_id, room_id, guest_name, guest_email, guest_phone, checkin_date, checkout_date, total, status, created_at) VALUES (1256, 'R-86F89E27', 1190, 1003, 'Luis Garcia', 'luis.garcia8584@hotmail.com', '5517472350', '2024-05-08', '2024-05-15', 15400, 'facturada', NOW());
INSERT INTO reservation_services (reservation_id, service_id, quantity, unit_price, added_at, service_date) VALUES (1256, 1005, 1, 500, '2024-05-09 10:00:00', '2024-05-09');
INSERT INTO reservation_services (reservation_id, service_id, quantity, unit_price, added_at, service_date) VALUES (1256, 1001, 3, 600, '2024-05-14 10:00:00', '2024-05-14');
INSERT INTO reservation_services (reservation_id, service_id, quantity, unit_price, added_at, service_date) VALUES (1256, 1002, 3, 250, '2024-05-12 10:00:00', '2024-05-12');
INSERT INTO reservation_services (reservation_id, service_id, quantity, unit_price, added_at, service_date) VALUES (1256, 1001, 3, 600, '2024-05-09 10:00:00', '2024-05-09');
INSERT INTO reservation_services (reservation_id, service_id, quantity, unit_price, added_at, service_date) VALUES (1256, 1000, 3, 800, '2024-05-13 10:00:00', '2024-05-13');
INSERT INTO invoices (invoice_code, reservation_id, total, method, invoice_date, created_at) VALUES ('I-110DF152', 1256, 22650, 'tarjeta', '2024-05-15', NOW());
INSERT INTO reservations (reservation_id, reservation_code, client_id, room_id, guest_name, guest_email, guest_phone, checkin_date, checkout_date, total, status, created_at) VALUES (1257, 'R-AB5D33CE', 1166, 1001, 'Luis Garcia', 'luis.garcia1860@hotmail.com', '5559668323', '2024-11-01', '2024-11-05', 18000, 'checkout', NOW());
INSERT INTO reservation_services (reservation_id, service_id, quantity, unit_price, added_at, service_date) VALUES (1257, 1000, 2, 800, '2024-11-02 10:00:00', '2024-11-02');
INSERT INTO reservation_services (reservation_id, service_id, quantity, unit_price, added_at, service_date) VALUES (1257, 1005, 2, 500, '2024-11-02 10:00:00', '2024-11-02');
INSERT INTO reservations (reservation_id, reservation_code, client_id, room_id, guest_name, guest_email, guest_phone, checkin_date, checkout_date, total, status, created_at) VALUES (1258, 'R-6A898BB8', 1035, 1001, 'Ana Rivera', 'ana.rivera4886@hotmail.com', '5523755122', '2024-02-28', '2024-03-03', 18000, 'facturada', NOW());
INSERT INTO reservation_services (reservation_id, service_id, quantity, unit_price, added_at, service_date) VALUES (1258, 1000, 1, 800, '2024-02-28 10:00:00', '2024-02-28');
INSERT INTO reservation_services (reservation_id, service_id, quantity, unit_price, added_at, service_date) VALUES (1258, 1002, 2, 250, '2024-02-29 10:00:00', '2024-02-29');
INSERT INTO reservation_services (reservation_id, service_id, quantity, unit_price, added_at, service_date) VALUES (1258, 1000, 1, 800, '2024-02-29 10:00:00', '2024-02-29');
INSERT INTO invoices (invoice_code, reservation_id, total, method, invoice_date, created_at) VALUES ('I-1E4E023D', 1258, 20100, 'efectivo', '2024-03-03', NOW());
INSERT INTO reservations (reservation_id, reservation_code, client_id, room_id, guest_name, guest_email, guest_phone, checkin_date, checkout_date, total, status, created_at) VALUES (1259, 'R-AA269CC7', 1177, 1000, 'Fernando Lopez', 'fernando.lopez8026@outlook.com', '5512593202', '2024-01-17', '2024-01-20', 13500, 'facturada', NOW());
INSERT INTO invoices (invoice_code, reservation_id, total, method, invoice_date, created_at) VALUES ('I-9F7E023B', 1259, 13500, 'tarjeta', '2024-01-20', NOW());
INSERT INTO reservations (reservation_id, reservation_code, client_id, room_id, guest_name, guest_email, guest_phone, checkin_date, checkout_date, total, status, created_at) VALUES (1260, 'R-D0376CB7', 1173, 1016, 'Carlos Gomez', 'carlos.gomez8272@gmail.com', '5591289168', '2024-04-17', '2024-04-24', 15400, 'facturada', NOW());
INSERT INTO reservation_services (reservation_id, service_id, quantity, unit_price, added_at, service_date) VALUES (1260, 1004, 3, 400, '2024-04-23 10:00:00', '2024-04-23');
INSERT INTO reservation_services (reservation_id, service_id, quantity, unit_price, added_at, service_date) VALUES (1260, 1002, 3, 250, '2024-04-18 10:00:00', '2024-04-18');
INSERT INTO reservation_services (reservation_id, service_id, quantity, unit_price, added_at, service_date) VALUES (1260, 1003, 2, 1500, '2024-04-21 10:00:00', '2024-04-21');
INSERT INTO invoices (invoice_code, reservation_id, total, method, invoice_date, created_at) VALUES ('I-09FF8A09', 1260, 20350, 'efectivo', '2024-04-24', NOW());
INSERT INTO reservations (reservation_id, reservation_code, client_id, room_id, guest_name, guest_email, guest_phone, checkin_date, checkout_date, total, status, created_at) VALUES (1261, 'R-4E9768DC', 1189, 1011, 'Isabel Lopez', 'isabel.lopez2618@gmail.com', '5525755874', '2025-01-01', '2025-01-02', 1200, 'facturada', NOW());
INSERT INTO invoices (invoice_code, reservation_id, total, method, invoice_date, created_at) VALUES ('I-E20FEC3D', 1261, 1200, 'transferencia', '2025-01-02', NOW());
INSERT INTO reservations (reservation_id, reservation_code, client_id, room_id, guest_name, guest_email, guest_phone, checkin_date, checkout_date, total, status, created_at) VALUES (1262, 'R-C8371333', 1176, 1011, 'Fernando Torres', 'fernando.torres4450@outlook.com', '5519205264', '2024-03-06', '2024-03-10', 4800, 'cancelada', NOW());
INSERT INTO reservations (reservation_id, reservation_code, client_id, room_id, guest_name, guest_email, guest_phone, checkin_date, checkout_date, total, status, created_at) VALUES (1263, 'R-EAE7278D', 1081, 1026, 'Fernando Martinez', 'fernando.martinez1145@gmail.com', '5544549625', '2024-04-07', '2024-04-11', 8800, 'facturada', NOW());
INSERT INTO reservation_services (reservation_id, service_id, quantity, unit_price, added_at, service_date) VALUES (1263, 1005, 3, 500, '2024-04-08 10:00:00', '2024-04-08');
INSERT INTO reservation_services (reservation_id, service_id, quantity, unit_price, added_at, service_date) VALUES (1263, 1006, 3, 150, '2024-04-07 10:00:00', '2024-04-07');
INSERT INTO reservation_services (reservation_id, service_id, quantity, unit_price, added_at, service_date) VALUES (1263, 1002, 2, 250, '2024-04-07 10:00:00', '2024-04-07');
INSERT INTO invoices (invoice_code, reservation_id, total, method, invoice_date, created_at) VALUES ('I-4E92B27D', 1263, 11250, 'efectivo', '2024-04-11', NOW());
INSERT INTO reservations (reservation_id, reservation_code, client_id, room_id, guest_name, guest_email, guest_phone, checkin_date, checkout_date, total, status, created_at) VALUES (1264, 'R-77A0172D', 1044, 1005, 'Elena Hernandez', 'elena.hernandez3495@gmail.com', '5571375797', '2024-10-03', '2024-10-07', 4800, 'facturada', NOW());
INSERT INTO reservation_services (reservation_id, service_id, quantity, unit_price, added_at, service_date) VALUES (1264, 1005, 3, 500, '2024-10-06 10:00:00', '2024-10-06');
INSERT INTO reservation_services (reservation_id, service_id, quantity, unit_price, added_at, service_date) VALUES (1264, 1004, 1, 400, '2024-10-03 10:00:00', '2024-10-03');
INSERT INTO reservation_services (reservation_id, service_id, quantity, unit_price, added_at, service_date) VALUES (1264, 1001, 1, 600, '2024-10-06 10:00:00', '2024-10-06');
INSERT INTO reservation_services (reservation_id, service_id, quantity, unit_price, added_at, service_date) VALUES (1264, 1000, 1, 800, '2024-10-05 10:00:00', '2024-10-05');
INSERT INTO invoices (invoice_code, reservation_id, total, method, invoice_date, created_at) VALUES ('I-56028C09', 1264, 8100, 'efectivo', '2024-10-07', NOW());
INSERT INTO reservations (reservation_id, reservation_code, client_id, room_id, guest_name, guest_email, guest_phone, checkin_date, checkout_date, total, status, created_at) VALUES (1265, 'R-6A5172F3', 1096, 1034, 'Juan Martinez', 'juan.martinez4362@gmail.com', '5578108650', '2025-05-09', '2025-05-10', 2200, 'checkout', NOW());
INSERT INTO reservation_services (reservation_id, service_id, quantity, unit_price, added_at, service_date) VALUES (1265, 1004, 2, 400, '2025-05-09 10:00:00', '2025-05-09');
INSERT INTO reservation_services (reservation_id, service_id, quantity, unit_price, added_at, service_date) VALUES (1265, 1005, 3, 500, '2025-05-09 10:00:00', '2025-05-09');
INSERT INTO reservation_services (reservation_id, service_id, quantity, unit_price, added_at, service_date) VALUES (1265, 1004, 2, 400, '2025-05-09 10:00:00', '2025-05-09');
INSERT INTO reservation_services (reservation_id, service_id, quantity, unit_price, added_at, service_date) VALUES (1265, 1006, 3, 150, '2025-05-09 10:00:00', '2025-05-09');
INSERT INTO reservation_services (reservation_id, service_id, quantity, unit_price, added_at, service_date) VALUES (1265, 1001, 2, 600, '2025-05-09 10:00:00', '2025-05-09');
INSERT INTO reservations (reservation_id, reservation_code, client_id, room_id, guest_name, guest_email, guest_phone, checkin_date, checkout_date, total, status, created_at) VALUES (1266, 'R-39556E2A', 1169, 1002, 'Juan Gomez', 'juan.gomez7189@yahoo.com', '5548336128', '2024-12-10', '2024-12-14', 8800, 'facturada', NOW());
INSERT INTO reservation_services (reservation_id, service_id, quantity, unit_price, added_at, service_date) VALUES (1266, 1006, 2, 150, '2024-12-12 10:00:00', '2024-12-12');
INSERT INTO reservation_services (reservation_id, service_id, quantity, unit_price, added_at, service_date) VALUES (1266, 1000, 2, 800, '2024-12-11 10:00:00', '2024-12-11');
INSERT INTO reservation_services (reservation_id, service_id, quantity, unit_price, added_at, service_date) VALUES (1266, 1003, 2, 1500, '2024-12-11 10:00:00', '2024-12-11');
INSERT INTO invoices (invoice_code, reservation_id, total, method, invoice_date, created_at) VALUES ('I-EFDA1B8E', 1266, 13700, 'efectivo', '2024-12-14', NOW());
INSERT INTO reservations (reservation_id, reservation_code, client_id, room_id, guest_name, guest_email, guest_phone, checkin_date, checkout_date, total, status, created_at) VALUES (1267, 'R-74F7A3B6', 1157, 1024, 'Isabel Perez', 'isabel.perez6330@hotmail.com', '5571524213', '2024-10-11', '2024-10-16', 11000, 'checkout', NOW());
INSERT INTO reservation_services (reservation_id, service_id, quantity, unit_price, added_at, service_date) VALUES (1267, 1002, 3, 250, '2024-10-15 10:00:00', '2024-10-15');
INSERT INTO reservation_services (reservation_id, service_id, quantity, unit_price, added_at, service_date) VALUES (1267, 1001, 1, 600, '2024-10-12 10:00:00', '2024-10-12');
INSERT INTO reservations (reservation_id, reservation_code, client_id, room_id, guest_name, guest_email, guest_phone, checkin_date, checkout_date, total, status, created_at) VALUES (1268, 'R-261BB909', 1058, 1047, 'Elena Lopez', 'elena.lopez8198@yahoo.com', '5510839395', '2024-05-11', '2024-05-16', 11000, 'facturada', NOW());
INSERT INTO reservation_services (reservation_id, service_id, quantity, unit_price, added_at, service_date) VALUES (1268, 1002, 3, 250, '2024-05-11 10:00:00', '2024-05-11');
INSERT INTO reservation_services (reservation_id, service_id, quantity, unit_price, added_at, service_date) VALUES (1268, 1001, 1, 600, '2024-05-11 10:00:00', '2024-05-11');
INSERT INTO invoices (invoice_code, reservation_id, total, method, invoice_date, created_at) VALUES ('I-E5C3019E', 1268, 12350, 'efectivo', '2024-05-16', NOW());
INSERT INTO reservations (reservation_id, reservation_code, client_id, room_id, guest_name, guest_email, guest_phone, checkin_date, checkout_date, total, status, created_at) VALUES (1269, 'R-DF673F77', 1101, 1003, 'Carlos Torres', 'carlos.torres2556@hotel.com', '5513634860', '2024-03-19', '2024-03-25', 13200, 'facturada', NOW());
INSERT INTO invoices (invoice_code, reservation_id, total, method, invoice_date, created_at) VALUES ('I-BD5C395B', 1269, 13200, 'tarjeta', '2024-03-25', NOW());
INSERT INTO reservations (reservation_id, reservation_code, client_id, room_id, guest_name, guest_email, guest_phone, checkin_date, checkout_date, total, status, created_at) VALUES (1270, 'R-56ABF32A', 1108, 1027, 'Marta Martinez', 'marta.martinez8108@hotmail.com', '5583806231', '2024-03-07', '2024-03-14', 8400, 'facturada', NOW());
INSERT INTO reservation_services (reservation_id, service_id, quantity, unit_price, added_at, service_date) VALUES (1270, 1002, 2, 250, '2024-03-09 10:00:00', '2024-03-09');
INSERT INTO reservation_services (reservation_id, service_id, quantity, unit_price, added_at, service_date) VALUES (1270, 1006, 3, 150, '2024-03-10 10:00:00', '2024-03-10');
INSERT INTO invoices (invoice_code, reservation_id, total, method, invoice_date, created_at) VALUES ('I-C99B2676', 1270, 9350, 'efectivo', '2024-03-14', NOW());
INSERT INTO reservations (reservation_id, reservation_code, client_id, room_id, guest_name, guest_email, guest_phone, checkin_date, checkout_date, total, status, created_at) VALUES (1271, 'R-850BD9EB', 1161, 1010, 'Carmen Flores', 'carmen.flores8781@hotel.com', '5553395634', '2024-03-23', '2024-03-27', 4800, 'facturada', NOW());
INSERT INTO reservation_services (reservation_id, service_id, quantity, unit_price, added_at, service_date) VALUES (1271, 1003, 3, 1500, '2024-03-25 10:00:00', '2024-03-25');
INSERT INTO invoices (invoice_code, reservation_id, total, method, invoice_date, created_at) VALUES ('I-1748FA39', 1271, 9300, 'tarjeta', '2024-03-27', NOW());
INSERT INTO reservations (reservation_id, reservation_code, client_id, room_id, guest_name, guest_email, guest_phone, checkin_date, checkout_date, total, status, created_at) VALUES (1272, 'R-FAFC669C', 1007, 1001, 'Jose Gomez', 'jose.gomez9460@outlook.com', '5585025320', '2025-03-15', '2025-03-22', 31500, 'facturada', NOW());
INSERT INTO reservation_services (reservation_id, service_id, quantity, unit_price, added_at, service_date) VALUES (1272, 1004, 3, 400, '2025-03-20 10:00:00', '2025-03-20');
INSERT INTO reservation_services (reservation_id, service_id, quantity, unit_price, added_at, service_date) VALUES (1272, 1002, 1, 250, '2025-03-21 10:00:00', '2025-03-21');
INSERT INTO reservation_services (reservation_id, service_id, quantity, unit_price, added_at, service_date) VALUES (1272, 1003, 3, 1500, '2025-03-15 10:00:00', '2025-03-15');
INSERT INTO reservation_services (reservation_id, service_id, quantity, unit_price, added_at, service_date) VALUES (1272, 1004, 2, 400, '2025-03-17 10:00:00', '2025-03-17');
INSERT INTO reservation_services (reservation_id, service_id, quantity, unit_price, added_at, service_date) VALUES (1272, 1003, 2, 1500, '2025-03-15 10:00:00', '2025-03-15');
INSERT INTO invoices (invoice_code, reservation_id, total, method, invoice_date, created_at) VALUES ('I-2B9CF5A5', 1272, 41250, 'efectivo', '2025-03-22', NOW());
INSERT INTO reservations (reservation_id, reservation_code, client_id, room_id, guest_name, guest_email, guest_phone, checkin_date, checkout_date, total, status, created_at) VALUES (1273, 'R-6B2900CC', 1192, 1023, 'Isabel Hernandez', 'isabel.hernandez1377@yahoo.com', '5550152398', '2024-12-31', '2025-01-07', 31500, 'checkout', NOW());
INSERT INTO reservations (reservation_id, reservation_code, client_id, room_id, guest_name, guest_email, guest_phone, checkin_date, checkout_date, total, status, created_at) VALUES (1274, 'R-3F0426DC', 1020, 1012, 'Carmen Reyes', 'carmen.reyes8719@yahoo.com', '5569360640', '2024-10-31', '2024-11-07', 8400, 'facturada', NOW());
INSERT INTO reservation_services (reservation_id, service_id, quantity, unit_price, added_at, service_date) VALUES (1274, 1005, 1, 500, '2024-10-31 10:00:00', '2024-10-31');
INSERT INTO reservation_services (reservation_id, service_id, quantity, unit_price, added_at, service_date) VALUES (1274, 1004, 1, 400, '2024-11-05 10:00:00', '2024-11-05');
INSERT INTO reservation_services (reservation_id, service_id, quantity, unit_price, added_at, service_date) VALUES (1274, 1005, 3, 500, '2024-11-01 10:00:00', '2024-11-01');
INSERT INTO reservation_services (reservation_id, service_id, quantity, unit_price, added_at, service_date) VALUES (1274, 1005, 2, 500, '2024-11-02 10:00:00', '2024-11-02');
INSERT INTO invoices (invoice_code, reservation_id, total, method, invoice_date, created_at) VALUES ('I-6D672965', 1274, 11800, 'efectivo', '2024-11-07', NOW());
INSERT INTO reservations (reservation_id, reservation_code, client_id, room_id, guest_name, guest_email, guest_phone, checkin_date, checkout_date, total, status, created_at) VALUES (1275, 'R-B9084F4A', 1143, 1029, 'Roberto Ramirez', 'roberto.ramirez5669@yahoo.com', '5585412666', '2024-12-06', '2024-12-12', 13200, 'facturada', NOW());
INSERT INTO reservation_services (reservation_id, service_id, quantity, unit_price, added_at, service_date) VALUES (1275, 1000, 3, 800, '2024-12-08 10:00:00', '2024-12-08');
INSERT INTO reservation_services (reservation_id, service_id, quantity, unit_price, added_at, service_date) VALUES (1275, 1006, 1, 150, '2024-12-07 10:00:00', '2024-12-07');
INSERT INTO reservation_services (reservation_id, service_id, quantity, unit_price, added_at, service_date) VALUES (1275, 1005, 2, 500, '2024-12-06 10:00:00', '2024-12-06');
INSERT INTO invoices (invoice_code, reservation_id, total, method, invoice_date, created_at) VALUES ('I-7790CE0B', 1275, 16750, 'transferencia', '2024-12-12', NOW());
INSERT INTO reservations (reservation_id, reservation_code, client_id, room_id, guest_name, guest_email, guest_phone, checkin_date, checkout_date, total, status, created_at) VALUES (1276, 'R-84A456F7', 1148, 1041, 'Maria Diaz', 'maria.diaz7558@hotel.com', '5577216488', '2025-04-02', '2025-04-09', 15400, 'facturada', NOW());
INSERT INTO invoices (invoice_code, reservation_id, total, method, invoice_date, created_at) VALUES ('I-ED5C3304', 1276, 15400, 'transferencia', '2025-04-09', NOW());
INSERT INTO reservations (reservation_id, reservation_code, client_id, room_id, guest_name, guest_email, guest_phone, checkin_date, checkout_date, total, status, created_at) VALUES (1277, 'R-E61D8EDC', 1073, 1015, 'Maria Gonzalez', 'maria.gonzalez2836@gmail.com', '5595128264', '2024-01-28', '2024-01-29', 4500, 'facturada', NOW());
INSERT INTO reservation_services (reservation_id, service_id, quantity, unit_price, added_at, service_date) VALUES (1277, 1001, 3, 600, '2024-01-28 10:00:00', '2024-01-28');
INSERT INTO reservation_services (reservation_id, service_id, quantity, unit_price, added_at, service_date) VALUES (1277, 1006, 3, 150, '2024-01-28 10:00:00', '2024-01-28');
INSERT INTO reservation_services (reservation_id, service_id, quantity, unit_price, added_at, service_date) VALUES (1277, 1005, 2, 500, '2024-01-28 10:00:00', '2024-01-28');
INSERT INTO invoices (invoice_code, reservation_id, total, method, invoice_date, created_at) VALUES ('I-87A87A91', 1277, 7750, 'efectivo', '2024-01-29', NOW());
INSERT INTO reservations (reservation_id, reservation_code, client_id, room_id, guest_name, guest_email, guest_phone, checkin_date, checkout_date, total, status, created_at) VALUES (1278, 'R-379B7C50', 1152, 1025, 'Marta Rodriguez', 'marta.rodriguez5994@outlook.com', '5529665661', '2024-01-12', '2024-01-17', 6000, 'facturada', NOW());
INSERT INTO invoices (invoice_code, reservation_id, total, method, invoice_date, created_at) VALUES ('I-238772A7', 1278, 6000, 'transferencia', '2024-01-17', NOW());
INSERT INTO reservations (reservation_id, reservation_code, client_id, room_id, guest_name, guest_email, guest_phone, checkin_date, checkout_date, total, status, created_at) VALUES (1279, 'R-EA10DBCB', 1140, 1024, 'Marta Torres', 'marta.torres7710@outlook.com', '5573072464', '2024-07-24', '2024-07-28', 8800, 'facturada', NOW());
INSERT INTO reservation_services (reservation_id, service_id, quantity, unit_price, added_at, service_date) VALUES (1279, 1000, 2, 800, '2024-07-24 10:00:00', '2024-07-24');
INSERT INTO reservation_services (reservation_id, service_id, quantity, unit_price, added_at, service_date) VALUES (1279, 1000, 3, 800, '2024-07-26 10:00:00', '2024-07-26');
INSERT INTO reservation_services (reservation_id, service_id, quantity, unit_price, added_at, service_date) VALUES (1279, 1004, 2, 400, '2024-07-25 10:00:00', '2024-07-25');
INSERT INTO reservation_services (reservation_id, service_id, quantity, unit_price, added_at, service_date) VALUES (1279, 1000, 1, 800, '2024-07-27 10:00:00', '2024-07-27');
INSERT INTO reservation_services (reservation_id, service_id, quantity, unit_price, added_at, service_date) VALUES (1279, 1005, 1, 500, '2024-07-27 10:00:00', '2024-07-27');
INSERT INTO invoices (invoice_code, reservation_id, total, method, invoice_date, created_at) VALUES ('I-A19E28A8', 1279, 14900, 'tarjeta', '2024-07-28', NOW());
INSERT INTO reservations (reservation_id, reservation_code, client_id, room_id, guest_name, guest_email, guest_phone, checkin_date, checkout_date, total, status, created_at) VALUES (1280, 'R-A8D9D548', 1042, 1047, 'Fernando Diaz', 'juan.gomez35@gmail.com', '5559106107', '2024-05-22', '2024-05-24', 4400, 'facturada', NOW());
INSERT INTO reservation_services (reservation_id, service_id, quantity, unit_price, added_at, service_date) VALUES (1280, 1001, 1, 600, '2024-05-23 10:00:00', '2024-05-23');
INSERT INTO reservation_services (reservation_id, service_id, quantity, unit_price, added_at, service_date) VALUES (1280, 1002, 3, 250, '2024-05-22 10:00:00', '2024-05-22');
INSERT INTO reservation_services (reservation_id, service_id, quantity, unit_price, added_at, service_date) VALUES (1280, 1003, 1, 1500, '2024-05-23 10:00:00', '2024-05-23');
INSERT INTO reservation_services (reservation_id, service_id, quantity, unit_price, added_at, service_date) VALUES (1280, 1004, 2, 400, '2024-05-22 10:00:00', '2024-05-22');
INSERT INTO invoices (invoice_code, reservation_id, total, method, invoice_date, created_at) VALUES ('I-E6CF2F8E', 1280, 8050, 'tarjeta', '2024-05-24', NOW());
INSERT INTO reservations (reservation_id, reservation_code, client_id, room_id, guest_name, guest_email, guest_phone, checkin_date, checkout_date, total, status, created_at) VALUES (1281, 'R-1B22D6F6', 1194, 1004, 'Roberto Hernandez', 'roberto.hernandez3860@gmail.com', '5545508666', '2024-03-09', '2024-03-13', 8800, 'facturada', NOW());
INSERT INTO reservation_services (reservation_id, service_id, quantity, unit_price, added_at, service_date) VALUES (1281, 1003, 2, 1500, '2024-03-12 10:00:00', '2024-03-12');
INSERT INTO reservation_services (reservation_id, service_id, quantity, unit_price, added_at, service_date) VALUES (1281, 1000, 1, 800, '2024-03-11 10:00:00', '2024-03-11');
INSERT INTO reservation_services (reservation_id, service_id, quantity, unit_price, added_at, service_date) VALUES (1281, 1003, 1, 1500, '2024-03-09 10:00:00', '2024-03-09');
INSERT INTO reservation_services (reservation_id, service_id, quantity, unit_price, added_at, service_date) VALUES (1281, 1001, 2, 600, '2024-03-12 10:00:00', '2024-03-12');
INSERT INTO invoices (invoice_code, reservation_id, total, method, invoice_date, created_at) VALUES ('I-F0835A21', 1281, 15300, 'tarjeta', '2024-03-13', NOW());
INSERT INTO reservations (reservation_id, reservation_code, client_id, room_id, guest_name, guest_email, guest_phone, checkin_date, checkout_date, total, status, created_at) VALUES (1282, 'R-4AF0851F', 1114, 1035, 'Carmen Diaz', 'carmen.diaz8999@hotel.com', '5529057840', '2024-09-27', '2024-10-02', 6000, 'facturada', NOW());
INSERT INTO reservation_services (reservation_id, service_id, quantity, unit_price, added_at, service_date) VALUES (1282, 1003, 2, 1500, '2024-09-29 10:00:00', '2024-09-29');
INSERT INTO reservation_services (reservation_id, service_id, quantity, unit_price, added_at, service_date) VALUES (1282, 1005, 1, 500, '2024-09-28 10:00:00', '2024-09-28');
INSERT INTO reservation_services (reservation_id, service_id, quantity, unit_price, added_at, service_date) VALUES (1282, 1000, 1, 800, '2024-09-30 10:00:00', '2024-09-30');
INSERT INTO reservation_services (reservation_id, service_id, quantity, unit_price, added_at, service_date) VALUES (1282, 1003, 3, 1500, '2024-09-28 10:00:00', '2024-09-28');
INSERT INTO invoices (invoice_code, reservation_id, total, method, invoice_date, created_at) VALUES ('I-6B552EAA', 1282, 14800, 'efectivo', '2024-10-02', NOW());
INSERT INTO reservations (reservation_id, reservation_code, client_id, room_id, guest_name, guest_email, guest_phone, checkin_date, checkout_date, total, status, created_at) VALUES (1283, 'R-3AF8F4B4', 1150, 1018, 'Paula Diaz', 'paula.diaz8916@hotel.com', '5594251353', '2024-12-13', '2024-12-20', 15400, 'facturada', NOW());
INSERT INTO invoices (invoice_code, reservation_id, total, method, invoice_date, created_at) VALUES ('I-E9CD2918', 1283, 15400, 'tarjeta', '2024-12-20', NOW());
INSERT INTO reservations (reservation_id, reservation_code, client_id, room_id, guest_name, guest_email, guest_phone, checkin_date, checkout_date, total, status, created_at) VALUES (1284, 'R-3835280A', 1134, 1017, 'Isabel Martinez', 'isabel.martinez2046@outlook.com', '5563420777', '2025-04-15', '2025-04-16', 4500, 'facturada', NOW());
INSERT INTO invoices (invoice_code, reservation_id, total, method, invoice_date, created_at) VALUES ('I-65A6C9B0', 1284, 4500, 'transferencia', '2025-04-16', NOW());
INSERT INTO reservations (reservation_id, reservation_code, client_id, room_id, guest_name, guest_email, guest_phone, checkin_date, checkout_date, total, status, created_at) VALUES (1285, 'R-D027641A', 1059, 1006, 'Maria Reyes', 'maria.reyes2868@hotmail.com', '5523989753', '2025-05-25', '2025-06-01', 8400, 'checkout', NOW());
INSERT INTO reservation_services (reservation_id, service_id, quantity, unit_price, added_at, service_date) VALUES (1285, 1004, 2, 400, '2025-05-29 10:00:00', '2025-05-29');
INSERT INTO reservation_services (reservation_id, service_id, quantity, unit_price, added_at, service_date) VALUES (1285, 1000, 2, 800, '2025-05-27 10:00:00', '2025-05-27');
INSERT INTO reservation_services (reservation_id, service_id, quantity, unit_price, added_at, service_date) VALUES (1285, 1002, 2, 250, '2025-05-29 10:00:00', '2025-05-29');
INSERT INTO reservation_services (reservation_id, service_id, quantity, unit_price, added_at, service_date) VALUES (1285, 1006, 3, 150, '2025-05-26 10:00:00', '2025-05-26');
INSERT INTO reservations (reservation_id, reservation_code, client_id, room_id, guest_name, guest_email, guest_phone, checkin_date, checkout_date, total, status, created_at) VALUES (1286, 'R-0696F536', 1086, 1013, 'Paula Sanchez', 'paula.sanchez4895@hotel.com', '5575982231', '2024-10-20', '2024-10-21', 2200, 'facturada', NOW());
INSERT INTO reservation_services (reservation_id, service_id, quantity, unit_price, added_at, service_date) VALUES (1286, 1000, 3, 800, '2024-10-20 10:00:00', '2024-10-20');
INSERT INTO invoices (invoice_code, reservation_id, total, method, invoice_date, created_at) VALUES ('I-F6D5CB05', 1286, 4600, 'transferencia', '2024-10-21', NOW());
INSERT INTO reservations (reservation_id, reservation_code, client_id, room_id, guest_name, guest_email, guest_phone, checkin_date, checkout_date, total, status, created_at) VALUES (1287, 'R-81B62E3F', 1074, 1006, 'Pedro Rivera', 'pedro.rivera4165@yahoo.com', '5530114083', '2024-10-22', '2024-10-23', 1200, 'facturada', NOW());
INSERT INTO reservation_services (reservation_id, service_id, quantity, unit_price, added_at, service_date) VALUES (1287, 1000, 2, 800, '2024-10-22 10:00:00', '2024-10-22');
INSERT INTO reservation_services (reservation_id, service_id, quantity, unit_price, added_at, service_date) VALUES (1287, 1004, 3, 400, '2024-10-22 10:00:00', '2024-10-22');
INSERT INTO invoices (invoice_code, reservation_id, total, method, invoice_date, created_at) VALUES ('I-498FAC7E', 1287, 4000, 'efectivo', '2024-10-23', NOW());
INSERT INTO reservations (reservation_id, reservation_code, client_id, room_id, guest_name, guest_email, guest_phone, checkin_date, checkout_date, total, status, created_at) VALUES (1288, 'R-615649A6', 1079, 1025, 'Roberto Torres', 'roberto.torres7006@outlook.com', '5513666029', '2024-05-14', '2024-05-20', 7200, 'facturada', NOW());
INSERT INTO reservation_services (reservation_id, service_id, quantity, unit_price, added_at, service_date) VALUES (1288, 1000, 3, 800, '2024-05-18 10:00:00', '2024-05-18');
INSERT INTO reservation_services (reservation_id, service_id, quantity, unit_price, added_at, service_date) VALUES (1288, 1006, 3, 150, '2024-05-19 10:00:00', '2024-05-19');
INSERT INTO invoices (invoice_code, reservation_id, total, method, invoice_date, created_at) VALUES ('I-0846B65D', 1288, 10050, 'efectivo', '2024-05-20', NOW());
INSERT INTO reservations (reservation_id, reservation_code, client_id, room_id, guest_name, guest_email, guest_phone, checkin_date, checkout_date, total, status, created_at) VALUES (1289, 'R-A905230E', 1018, 1001, 'Marta Diaz', 'lucia.reyes504@outlook.com', '5592689224', '2024-03-19', '2024-03-22', 13500, 'facturada', NOW());
INSERT INTO reservation_services (reservation_id, service_id, quantity, unit_price, added_at, service_date) VALUES (1289, 1000, 3, 800, '2024-03-20 10:00:00', '2024-03-20');
INSERT INTO reservation_services (reservation_id, service_id, quantity, unit_price, added_at, service_date) VALUES (1289, 1004, 3, 400, '2024-03-19 10:00:00', '2024-03-19');
INSERT INTO reservation_services (reservation_id, service_id, quantity, unit_price, added_at, service_date) VALUES (1289, 1000, 2, 800, '2024-03-19 10:00:00', '2024-03-19');
INSERT INTO invoices (invoice_code, reservation_id, total, method, invoice_date, created_at) VALUES ('I-8722B9F0', 1289, 18700, 'efectivo', '2024-03-22', NOW());
INSERT INTO reservations (reservation_id, reservation_code, client_id, room_id, guest_name, guest_email, guest_phone, checkin_date, checkout_date, total, status, created_at) VALUES (1290, 'R-EEBFE914', 1032, 1044, 'Maria Sanchez', 'maria.sanchez5978@outlook.com', '5534663942', '2024-09-24', '2024-09-30', 7200, 'facturada', NOW());
INSERT INTO reservation_services (reservation_id, service_id, quantity, unit_price, added_at, service_date) VALUES (1290, 1002, 3, 250, '2024-09-29 10:00:00', '2024-09-29');
INSERT INTO reservation_services (reservation_id, service_id, quantity, unit_price, added_at, service_date) VALUES (1290, 1001, 3, 600, '2024-09-27 10:00:00', '2024-09-27');
INSERT INTO reservation_services (reservation_id, service_id, quantity, unit_price, added_at, service_date) VALUES (1290, 1000, 3, 800, '2024-09-26 10:00:00', '2024-09-26');
INSERT INTO reservation_services (reservation_id, service_id, quantity, unit_price, added_at, service_date) VALUES (1290, 1003, 3, 1500, '2024-09-24 10:00:00', '2024-09-24');
INSERT INTO reservation_services (reservation_id, service_id, quantity, unit_price, added_at, service_date) VALUES (1290, 1004, 2, 400, '2024-09-26 10:00:00', '2024-09-26');
INSERT INTO invoices (invoice_code, reservation_id, total, method, invoice_date, created_at) VALUES ('I-32EF25F8', 1290, 17450, 'transferencia', '2024-09-30', NOW());
INSERT INTO reservations (reservation_id, reservation_code, client_id, room_id, guest_name, guest_email, guest_phone, checkin_date, checkout_date, total, status, created_at) VALUES (1291, 'R-41634AA3', 1190, 1004, 'Luis Garcia', 'luis.garcia8584@hotmail.com', '5538034497', '2024-08-01', '2024-08-07', 13200, 'checkout', NOW());
INSERT INTO reservation_services (reservation_id, service_id, quantity, unit_price, added_at, service_date) VALUES (1291, 1006, 1, 150, '2024-08-06 10:00:00', '2024-08-06');
INSERT INTO reservation_services (reservation_id, service_id, quantity, unit_price, added_at, service_date) VALUES (1291, 1006, 3, 150, '2024-08-03 10:00:00', '2024-08-03');
INSERT INTO reservation_services (reservation_id, service_id, quantity, unit_price, added_at, service_date) VALUES (1291, 1002, 3, 250, '2024-08-05 10:00:00', '2024-08-05');
INSERT INTO reservation_services (reservation_id, service_id, quantity, unit_price, added_at, service_date) VALUES (1291, 1000, 1, 800, '2024-08-01 10:00:00', '2024-08-01');
INSERT INTO reservations (reservation_id, reservation_code, client_id, room_id, guest_name, guest_email, guest_phone, checkin_date, checkout_date, total, status, created_at) VALUES (1292, 'R-573E5C7F', 1172, 1040, 'Elena Lopez', 'elena.lopez6074@gmail.com', '5579900501', '2024-08-11', '2024-08-14', 3600, 'facturada', NOW());
INSERT INTO reservation_services (reservation_id, service_id, quantity, unit_price, added_at, service_date) VALUES (1292, 1003, 1, 1500, '2024-08-13 10:00:00', '2024-08-13');
INSERT INTO reservation_services (reservation_id, service_id, quantity, unit_price, added_at, service_date) VALUES (1292, 1005, 1, 500, '2024-08-13 10:00:00', '2024-08-13');
INSERT INTO invoices (invoice_code, reservation_id, total, method, invoice_date, created_at) VALUES ('I-6540A4B8', 1292, 5600, 'efectivo', '2024-08-14', NOW());
INSERT INTO reservations (reservation_id, reservation_code, client_id, room_id, guest_name, guest_email, guest_phone, checkin_date, checkout_date, total, status, created_at) VALUES (1293, 'R-DCB09C8E', 1042, 1019, 'Fernando Diaz', 'juan.gomez35@gmail.com', '5581233481', '2024-01-17', '2024-01-24', 15400, 'checkout', NOW());
INSERT INTO reservation_services (reservation_id, service_id, quantity, unit_price, added_at, service_date) VALUES (1293, 1005, 2, 500, '2024-01-19 10:00:00', '2024-01-19');
INSERT INTO reservations (reservation_id, reservation_code, client_id, room_id, guest_name, guest_email, guest_phone, checkin_date, checkout_date, total, status, created_at) VALUES (1294, 'R-8A9F6B52', 1066, 1018, 'Lucia Reyes', 'lucia.reyes8438@hotel.com', '5574866842', '2024-09-10', '2024-09-16', 13200, 'facturada', NOW());
INSERT INTO invoices (invoice_code, reservation_id, total, method, invoice_date, created_at) VALUES ('I-4B5CE240', 1294, 13200, 'tarjeta', '2024-09-16', NOW());
INSERT INTO reservations (reservation_id, reservation_code, client_id, room_id, guest_name, guest_email, guest_phone, checkin_date, checkout_date, total, status, created_at) VALUES (1295, 'R-1B5C1FE4', 1061, 1001, 'Paula Rodriguez', 'paula.rodriguez5011@hotel.com', '5514328192', '2024-02-18', '2024-02-21', 13500, 'cancelada', NOW());
INSERT INTO reservations (reservation_id, reservation_code, client_id, room_id, guest_name, guest_email, guest_phone, checkin_date, checkout_date, total, status, created_at) VALUES (1296, 'R-0DC11D81', 1182, 1039, 'Roberto Hernandez', 'roberto.hernandez9953@hotmail.com', '5537253241', '2024-06-17', '2024-06-19', 2400, 'facturada', NOW());
INSERT INTO reservation_services (reservation_id, service_id, quantity, unit_price, added_at, service_date) VALUES (1296, 1006, 3, 150, '2024-06-18 10:00:00', '2024-06-18');
INSERT INTO reservation_services (reservation_id, service_id, quantity, unit_price, added_at, service_date) VALUES (1296, 1004, 2, 400, '2024-06-17 10:00:00', '2024-06-17');
INSERT INTO invoices (invoice_code, reservation_id, total, method, invoice_date, created_at) VALUES ('I-F39B5BCA', 1296, 3650, 'transferencia', '2024-06-19', NOW());
INSERT INTO reservations (reservation_id, reservation_code, client_id, room_id, guest_name, guest_email, guest_phone, checkin_date, checkout_date, total, status, created_at) VALUES (1297, 'R-9B77E23E', 1164, 1048, 'Paula Gonzalez', 'paula.gonzalez8496@hotmail.com', '5543508809', '2025-01-13', '2025-01-19', 7200, 'facturada', NOW());
INSERT INTO reservation_services (reservation_id, service_id, quantity, unit_price, added_at, service_date) VALUES (1297, 1006, 1, 150, '2025-01-16 10:00:00', '2025-01-16');
INSERT INTO reservation_services (reservation_id, service_id, quantity, unit_price, added_at, service_date) VALUES (1297, 1003, 1, 1500, '2025-01-13 10:00:00', '2025-01-13');
INSERT INTO reservation_services (reservation_id, service_id, quantity, unit_price, added_at, service_date) VALUES (1297, 1002, 3, 250, '2025-01-14 10:00:00', '2025-01-14');
INSERT INTO reservation_services (reservation_id, service_id, quantity, unit_price, added_at, service_date) VALUES (1297, 1005, 2, 500, '2025-01-15 10:00:00', '2025-01-15');
INSERT INTO invoices (invoice_code, reservation_id, total, method, invoice_date, created_at) VALUES ('I-B6F82C15', 1297, 10600, 'tarjeta', '2025-01-19', NOW());
INSERT INTO reservations (reservation_id, reservation_code, client_id, room_id, guest_name, guest_email, guest_phone, checkin_date, checkout_date, total, status, created_at) VALUES (1298, 'R-16EFB64B', 1179, 1031, 'Fernando Hernandez', 'fernando.hernandez7325@outlook.com', '5588747514', '2024-12-06', '2024-12-12', 27000, 'facturada', NOW());
INSERT INTO reservation_services (reservation_id, service_id, quantity, unit_price, added_at, service_date) VALUES (1298, 1006, 1, 150, '2024-12-09 10:00:00', '2024-12-09');
INSERT INTO reservation_services (reservation_id, service_id, quantity, unit_price, added_at, service_date) VALUES (1298, 1005, 3, 500, '2024-12-11 10:00:00', '2024-12-11');
INSERT INTO reservation_services (reservation_id, service_id, quantity, unit_price, added_at, service_date) VALUES (1298, 1005, 1, 500, '2024-12-11 10:00:00', '2024-12-11');
INSERT INTO reservation_services (reservation_id, service_id, quantity, unit_price, added_at, service_date) VALUES (1298, 1006, 2, 150, '2024-12-07 10:00:00', '2024-12-07');
INSERT INTO invoices (invoice_code, reservation_id, total, method, invoice_date, created_at) VALUES ('I-B8E7CE6D', 1298, 29450, 'efectivo', '2024-12-12', NOW());
INSERT INTO reservations (reservation_id, reservation_code, client_id, room_id, guest_name, guest_email, guest_phone, checkin_date, checkout_date, total, status, created_at) VALUES (1299, 'R-4DDC6170', 1128, 1049, 'Elena Gonzalez', 'elena.gonzalez9466@hotel.com', '5538256650', '2024-04-10', '2024-04-16', 27000, 'checkout', NOW());
INSERT INTO reservation_services (reservation_id, service_id, quantity, unit_price, added_at, service_date) VALUES (1299, 1005, 3, 500, '2024-04-12 10:00:00', '2024-04-12');
INSERT INTO reservation_services (reservation_id, service_id, quantity, unit_price, added_at, service_date) VALUES (1299, 1005, 1, 500, '2024-04-15 10:00:00', '2024-04-15');
INSERT INTO reservation_services (reservation_id, service_id, quantity, unit_price, added_at, service_date) VALUES (1299, 1003, 3, 1500, '2024-04-10 10:00:00', '2024-04-10');
INSERT INTO reservations (reservation_id, reservation_code, client_id, room_id, guest_name, guest_email, guest_phone, checkin_date, checkout_date, total, status, created_at) VALUES (1300, 'R-9C76B441', 1169, 1005, 'Juan Gomez', 'juan.gomez7189@yahoo.com', '5524680153', '2024-04-15', '2024-04-20', 6000, 'facturada', NOW());
INSERT INTO reservation_services (reservation_id, service_id, quantity, unit_price, added_at, service_date) VALUES (1300, 1004, 1, 400, '2024-04-19 10:00:00', '2024-04-19');
INSERT INTO reservation_services (reservation_id, service_id, quantity, unit_price, added_at, service_date) VALUES (1300, 1004, 1, 400, '2024-04-18 10:00:00', '2024-04-18');
INSERT INTO reservation_services (reservation_id, service_id, quantity, unit_price, added_at, service_date) VALUES (1300, 1003, 1, 1500, '2024-04-19 10:00:00', '2024-04-19');
INSERT INTO reservation_services (reservation_id, service_id, quantity, unit_price, added_at, service_date) VALUES (1300, 1005, 3, 500, '2024-04-16 10:00:00', '2024-04-16');
INSERT INTO invoices (invoice_code, reservation_id, total, method, invoice_date, created_at) VALUES ('I-88477C45', 1300, 9800, 'tarjeta', '2024-04-20', NOW());
INSERT INTO reservations (reservation_id, reservation_code, client_id, room_id, guest_name, guest_email, guest_phone, checkin_date, checkout_date, total, status, created_at) VALUES (1301, 'R-89176DA6', 1106, 1023, 'Marta Gonzalez', 'marta.gonzalez6241@yahoo.com', '5532207877', '2024-03-28', '2024-03-30', 9000, 'facturada', NOW());
INSERT INTO reservation_services (reservation_id, service_id, quantity, unit_price, added_at, service_date) VALUES (1301, 1006, 2, 150, '2024-03-28 10:00:00', '2024-03-28');
INSERT INTO reservation_services (reservation_id, service_id, quantity, unit_price, added_at, service_date) VALUES (1301, 1005, 2, 500, '2024-03-29 10:00:00', '2024-03-29');
INSERT INTO reservation_services (reservation_id, service_id, quantity, unit_price, added_at, service_date) VALUES (1301, 1001, 1, 600, '2024-03-28 10:00:00', '2024-03-28');
INSERT INTO invoices (invoice_code, reservation_id, total, method, invoice_date, created_at) VALUES ('I-22CFB2B3', 1301, 10900, 'efectivo', '2024-03-30', NOW());
INSERT INTO reservations (reservation_id, reservation_code, client_id, room_id, guest_name, guest_email, guest_phone, checkin_date, checkout_date, total, status, created_at) VALUES (1302, 'R-91347309', 1164, 1048, 'Paula Gonzalez', 'paula.gonzalez8496@hotmail.com', '5554099488', '2025-05-07', '2025-05-13', 7200, 'facturada', NOW());
INSERT INTO reservation_services (reservation_id, service_id, quantity, unit_price, added_at, service_date) VALUES (1302, 1001, 2, 600, '2025-05-11 10:00:00', '2025-05-11');
INSERT INTO reservation_services (reservation_id, service_id, quantity, unit_price, added_at, service_date) VALUES (1302, 1000, 1, 800, '2025-05-07 10:00:00', '2025-05-07');
INSERT INTO reservation_services (reservation_id, service_id, quantity, unit_price, added_at, service_date) VALUES (1302, 1006, 2, 150, '2025-05-08 10:00:00', '2025-05-08');
INSERT INTO invoices (invoice_code, reservation_id, total, method, invoice_date, created_at) VALUES ('I-708238B7', 1302, 9500, 'efectivo', '2025-05-13', NOW());
INSERT INTO reservations (reservation_id, reservation_code, client_id, room_id, guest_name, guest_email, guest_phone, checkin_date, checkout_date, total, status, created_at) VALUES (1303, 'R-3B68195F', 1056, 1048, 'Carlos Torres', 'carlos.torres6698@hotel.com', '5526561900', '2024-04-03', '2024-04-05', 2400, 'facturada', NOW());
INSERT INTO reservation_services (reservation_id, service_id, quantity, unit_price, added_at, service_date) VALUES (1303, 1004, 3, 400, '2024-04-04 10:00:00', '2024-04-04');
INSERT INTO reservation_services (reservation_id, service_id, quantity, unit_price, added_at, service_date) VALUES (1303, 1000, 3, 800, '2024-04-04 10:00:00', '2024-04-04');
INSERT INTO reservation_services (reservation_id, service_id, quantity, unit_price, added_at, service_date) VALUES (1303, 1001, 3, 600, '2024-04-04 10:00:00', '2024-04-04');
INSERT INTO reservation_services (reservation_id, service_id, quantity, unit_price, added_at, service_date) VALUES (1303, 1006, 3, 150, '2024-04-04 10:00:00', '2024-04-04');
INSERT INTO reservation_services (reservation_id, service_id, quantity, unit_price, added_at, service_date) VALUES (1303, 1002, 3, 250, '2024-04-04 10:00:00', '2024-04-04');
INSERT INTO invoices (invoice_code, reservation_id, total, method, invoice_date, created_at) VALUES ('I-A4292C24', 1303, 9000, 'transferencia', '2024-04-05', NOW());
INSERT INTO reservations (reservation_id, reservation_code, client_id, room_id, guest_name, guest_email, guest_phone, checkin_date, checkout_date, total, status, created_at) VALUES (1304, 'R-AA7C36D2', 1118, 1025, 'Lucia Hernandez', 'lucia.hernandez1343@hotmail.com', '5521014115', '2024-09-01', '2024-09-06', 6000, 'checkout', NOW());
INSERT INTO reservation_services (reservation_id, service_id, quantity, unit_price, added_at, service_date) VALUES (1304, 1004, 2, 400, '2024-09-05 10:00:00', '2024-09-05');
INSERT INTO reservations (reservation_id, reservation_code, client_id, room_id, guest_name, guest_email, guest_phone, checkin_date, checkout_date, total, status, created_at) VALUES (1305, 'R-3B028597', 1029, 1005, 'Elena Hernandez', 'elena.hernandez1358@outlook.com', '5543836040', '2025-01-04', '2025-01-07', 3600, 'checkout', NOW());
INSERT INTO reservation_services (reservation_id, service_id, quantity, unit_price, added_at, service_date) VALUES (1305, 1005, 2, 500, '2025-01-04 10:00:00', '2025-01-04');
INSERT INTO reservation_services (reservation_id, service_id, quantity, unit_price, added_at, service_date) VALUES (1305, 1003, 1, 1500, '2025-01-05 10:00:00', '2025-01-05');
INSERT INTO reservation_services (reservation_id, service_id, quantity, unit_price, added_at, service_date) VALUES (1305, 1000, 1, 800, '2025-01-06 10:00:00', '2025-01-06');
INSERT INTO reservations (reservation_id, reservation_code, client_id, room_id, guest_name, guest_email, guest_phone, checkin_date, checkout_date, total, status, created_at) VALUES (1306, 'R-706B1EC8', 1134, 1017, 'Isabel Martinez', 'isabel.martinez2046@outlook.com', '5551155934', '2025-01-19', '2025-01-26', 31500, 'facturada', NOW());
INSERT INTO reservation_services (reservation_id, service_id, quantity, unit_price, added_at, service_date) VALUES (1306, 1005, 3, 500, '2025-01-20 10:00:00', '2025-01-20');
INSERT INTO reservation_services (reservation_id, service_id, quantity, unit_price, added_at, service_date) VALUES (1306, 1003, 3, 1500, '2025-01-21 10:00:00', '2025-01-21');
INSERT INTO reservation_services (reservation_id, service_id, quantity, unit_price, added_at, service_date) VALUES (1306, 1005, 3, 500, '2025-01-20 10:00:00', '2025-01-20');
INSERT INTO reservation_services (reservation_id, service_id, quantity, unit_price, added_at, service_date) VALUES (1306, 1003, 1, 1500, '2025-01-22 10:00:00', '2025-01-22');
INSERT INTO reservation_services (reservation_id, service_id, quantity, unit_price, added_at, service_date) VALUES (1306, 1001, 2, 600, '2025-01-21 10:00:00', '2025-01-21');
INSERT INTO invoices (invoice_code, reservation_id, total, method, invoice_date, created_at) VALUES ('I-669335DB', 1306, 41700, 'transferencia', '2025-01-26', NOW());
INSERT INTO reservations (reservation_id, reservation_code, client_id, room_id, guest_name, guest_email, guest_phone, checkin_date, checkout_date, total, status, created_at) VALUES (1307, 'R-1F487BAA', 1110, 1025, 'Carlos Flores', 'carlos.flores1723@hotel.com', '5579559736', '2025-01-23', '2025-01-26', 3600, 'facturada', NOW());
INSERT INTO reservation_services (reservation_id, service_id, quantity, unit_price, added_at, service_date) VALUES (1307, 1000, 2, 800, '2025-01-25 10:00:00', '2025-01-25');
INSERT INTO invoices (invoice_code, reservation_id, total, method, invoice_date, created_at) VALUES ('I-DCE5B4F3', 1307, 5200, 'efectivo', '2025-01-26', NOW());
INSERT INTO reservations (reservation_id, reservation_code, client_id, room_id, guest_name, guest_email, guest_phone, checkin_date, checkout_date, total, status, created_at) VALUES (1308, 'R-96F5C7C9', 1128, 1009, 'Elena Gonzalez', 'elena.gonzalez9466@hotel.com', '5584497311', '2025-04-09', '2025-04-14', 6000, 'facturada', NOW());
INSERT INTO reservation_services (reservation_id, service_id, quantity, unit_price, added_at, service_date) VALUES (1308, 1001, 2, 600, '2025-04-11 10:00:00', '2025-04-11');
INSERT INTO reservation_services (reservation_id, service_id, quantity, unit_price, added_at, service_date) VALUES (1308, 1003, 3, 1500, '2025-04-11 10:00:00', '2025-04-11');
INSERT INTO reservation_services (reservation_id, service_id, quantity, unit_price, added_at, service_date) VALUES (1308, 1004, 3, 400, '2025-04-11 10:00:00', '2025-04-11');
INSERT INTO reservation_services (reservation_id, service_id, quantity, unit_price, added_at, service_date) VALUES (1308, 1005, 2, 500, '2025-04-13 10:00:00', '2025-04-13');
INSERT INTO invoices (invoice_code, reservation_id, total, method, invoice_date, created_at) VALUES ('I-31DA8C38', 1308, 13900, 'tarjeta', '2025-04-14', NOW());
INSERT INTO reservations (reservation_id, reservation_code, client_id, room_id, guest_name, guest_email, guest_phone, checkin_date, checkout_date, total, status, created_at) VALUES (1309, 'R-5144008A', 1066, 1023, 'Lucia Reyes', 'lucia.reyes8438@hotel.com', '5582487968', '2024-01-14', '2024-01-17', 13500, 'facturada', NOW());
INSERT INTO invoices (invoice_code, reservation_id, total, method, invoice_date, created_at) VALUES ('I-740614AA', 1309, 13500, 'efectivo', '2024-01-17', NOW());
INSERT INTO reservations (reservation_id, reservation_code, client_id, room_id, guest_name, guest_email, guest_phone, checkin_date, checkout_date, total, status, created_at) VALUES (1310, 'R-960EAB07', 1115, 1048, 'David Hernandez', 'david.hernandez6292@yahoo.com', '5563113296', '2024-07-07', '2024-07-08', 1200, 'facturada', NOW());
INSERT INTO reservation_services (reservation_id, service_id, quantity, unit_price, added_at, service_date) VALUES (1310, 1005, 1, 500, '2024-07-07 10:00:00', '2024-07-07');
INSERT INTO reservation_services (reservation_id, service_id, quantity, unit_price, added_at, service_date) VALUES (1310, 1004, 2, 400, '2024-07-07 10:00:00', '2024-07-07');
INSERT INTO reservation_services (reservation_id, service_id, quantity, unit_price, added_at, service_date) VALUES (1310, 1000, 2, 800, '2024-07-07 10:00:00', '2024-07-07');
INSERT INTO invoices (invoice_code, reservation_id, total, method, invoice_date, created_at) VALUES ('I-A378CCC3', 1310, 4100, 'efectivo', '2024-07-08', NOW());
INSERT INTO reservations (reservation_id, reservation_code, client_id, room_id, guest_name, guest_email, guest_phone, checkin_date, checkout_date, total, status, created_at) VALUES (1311, 'R-C13A60E6', 1048, 1041, 'Elena Hernandez', 'elena.hernandez2864@hotel.com', '5553809514', '2024-07-02', '2024-07-04', 4400, 'facturada', NOW());
INSERT INTO reservation_services (reservation_id, service_id, quantity, unit_price, added_at, service_date) VALUES (1311, 1005, 1, 500, '2024-07-02 10:00:00', '2024-07-02');
INSERT INTO reservation_services (reservation_id, service_id, quantity, unit_price, added_at, service_date) VALUES (1311, 1006, 1, 150, '2024-07-03 10:00:00', '2024-07-03');
INSERT INTO reservation_services (reservation_id, service_id, quantity, unit_price, added_at, service_date) VALUES (1311, 1001, 1, 600, '2024-07-03 10:00:00', '2024-07-03');
INSERT INTO reservation_services (reservation_id, service_id, quantity, unit_price, added_at, service_date) VALUES (1311, 1002, 2, 250, '2024-07-03 10:00:00', '2024-07-03');
INSERT INTO reservation_services (reservation_id, service_id, quantity, unit_price, added_at, service_date) VALUES (1311, 1001, 1, 600, '2024-07-03 10:00:00', '2024-07-03');
INSERT INTO invoices (invoice_code, reservation_id, total, method, invoice_date, created_at) VALUES ('I-54C27B2F', 1311, 6750, 'transferencia', '2024-07-04', NOW());
INSERT INTO reservations (reservation_id, reservation_code, client_id, room_id, guest_name, guest_email, guest_phone, checkin_date, checkout_date, total, status, created_at) VALUES (1312, 'R-A77113B9', 1082, 1003, 'Ana Torres', 'ana.torres7266@yahoo.com', '5561504688', '2025-04-13', '2025-04-19', 13200, 'facturada', NOW());
INSERT INTO reservation_services (reservation_id, service_id, quantity, unit_price, added_at, service_date) VALUES (1312, 1003, 1, 1500, '2025-04-17 10:00:00', '2025-04-17');
INSERT INTO reservation_services (reservation_id, service_id, quantity, unit_price, added_at, service_date) VALUES (1312, 1002, 3, 250, '2025-04-13 10:00:00', '2025-04-13');
INSERT INTO reservation_services (reservation_id, service_id, quantity, unit_price, added_at, service_date) VALUES (1312, 1004, 1, 400, '2025-04-13 10:00:00', '2025-04-13');
INSERT INTO reservation_services (reservation_id, service_id, quantity, unit_price, added_at, service_date) VALUES (1312, 1004, 2, 400, '2025-04-15 10:00:00', '2025-04-15');
INSERT INTO invoices (invoice_code, reservation_id, total, method, invoice_date, created_at) VALUES ('I-CB2B77CB', 1312, 16650, 'tarjeta', '2025-04-19', NOW());
INSERT INTO reservations (reservation_id, reservation_code, client_id, room_id, guest_name, guest_email, guest_phone, checkin_date, checkout_date, total, status, created_at) VALUES (1313, 'R-86242B67', 1146, 1013, 'Sofia Torres', 'sofia.torres8480@hotel.com', '5586369337', '2024-08-28', '2024-09-01', 8800, 'facturada', NOW());
INSERT INTO invoices (invoice_code, reservation_id, total, method, invoice_date, created_at) VALUES ('I-6C1A6753', 1313, 8800, 'efectivo', '2024-09-01', NOW());
INSERT INTO reservations (reservation_id, reservation_code, client_id, room_id, guest_name, guest_email, guest_phone, checkin_date, checkout_date, total, status, created_at) VALUES (1314, 'R-D19A48BD', 1163, 1029, 'Luis Flores', 'luis.flores7000@gmail.com', '5514456258', '2024-08-20', '2024-08-27', 15400, 'facturada', NOW());
INSERT INTO reservation_services (reservation_id, service_id, quantity, unit_price, added_at, service_date) VALUES (1314, 1006, 2, 150, '2024-08-24 10:00:00', '2024-08-24');
INSERT INTO reservation_services (reservation_id, service_id, quantity, unit_price, added_at, service_date) VALUES (1314, 1005, 2, 500, '2024-08-25 10:00:00', '2024-08-25');
INSERT INTO invoices (invoice_code, reservation_id, total, method, invoice_date, created_at) VALUES ('I-B1C927A7', 1314, 16700, 'transferencia', '2024-08-27', NOW());
INSERT INTO reservations (reservation_id, reservation_code, client_id, room_id, guest_name, guest_email, guest_phone, checkin_date, checkout_date, total, status, created_at) VALUES (1315, 'R-BE677479', 1070, 1007, 'Lucia Reyes', 'lucia.reyes9355@hotel.com', '5526596365', '2024-06-29', '2024-07-02', 6600, 'checkout', NOW());
INSERT INTO reservation_services (reservation_id, service_id, quantity, unit_price, added_at, service_date) VALUES (1315, 1006, 1, 150, '2024-07-01 10:00:00', '2024-07-01');
INSERT INTO reservation_services (reservation_id, service_id, quantity, unit_price, added_at, service_date) VALUES (1315, 1002, 2, 250, '2024-06-30 10:00:00', '2024-06-30');
INSERT INTO reservation_services (reservation_id, service_id, quantity, unit_price, added_at, service_date) VALUES (1315, 1001, 2, 600, '2024-06-29 10:00:00', '2024-06-29');
INSERT INTO reservations (reservation_id, reservation_code, client_id, room_id, guest_name, guest_email, guest_phone, checkin_date, checkout_date, total, status, created_at) VALUES (1316, 'R-FA858172', 1129, 1043, 'Pedro Ramirez', 'pedro.ramirez7258@gmail.com', '5587989714', '2025-01-29', '2025-02-01', 13500, 'facturada', NOW());
INSERT INTO reservation_services (reservation_id, service_id, quantity, unit_price, added_at, service_date) VALUES (1316, 1004, 2, 400, '2025-01-31 10:00:00', '2025-01-31');
INSERT INTO reservation_services (reservation_id, service_id, quantity, unit_price, added_at, service_date) VALUES (1316, 1005, 3, 500, '2025-01-31 10:00:00', '2025-01-31');
INSERT INTO invoices (invoice_code, reservation_id, total, method, invoice_date, created_at) VALUES ('I-BF3CE546', 1316, 15800, 'transferencia', '2025-02-01', NOW());
INSERT INTO reservations (reservation_id, reservation_code, client_id, room_id, guest_name, guest_email, guest_phone, checkin_date, checkout_date, total, status, created_at) VALUES (1317, 'R-EA36DEC5', 1073, 1045, 'Maria Gonzalez', 'maria.gonzalez2836@gmail.com', '5521792145', '2024-11-15', '2024-11-18', 13500, 'facturada', NOW());
INSERT INTO reservation_services (reservation_id, service_id, quantity, unit_price, added_at, service_date) VALUES (1317, 1005, 3, 500, '2024-11-15 10:00:00', '2024-11-15');
INSERT INTO invoices (invoice_code, reservation_id, total, method, invoice_date, created_at) VALUES ('I-5CD83468', 1317, 15000, 'tarjeta', '2024-11-18', NOW());
INSERT INTO reservations (reservation_id, reservation_code, client_id, room_id, guest_name, guest_email, guest_phone, checkin_date, checkout_date, total, status, created_at) VALUES (1318, 'R-D0406595', 1000, 1030, 'Maria Rodriguez', 'maria.rodriguez5126@yahoo.com', '5569539616', '2024-01-02', '2024-01-04', 9000, 'facturada', NOW());
INSERT INTO reservation_services (reservation_id, service_id, quantity, unit_price, added_at, service_date) VALUES (1318, 1006, 2, 150, '2024-01-03 10:00:00', '2024-01-03');
INSERT INTO reservation_services (reservation_id, service_id, quantity, unit_price, added_at, service_date) VALUES (1318, 1004, 1, 400, '2024-01-03 10:00:00', '2024-01-03');
INSERT INTO invoices (invoice_code, reservation_id, total, method, invoice_date, created_at) VALUES ('I-2B3AD0F7', 1318, 9700, 'tarjeta', '2024-01-04', NOW());
INSERT INTO reservations (reservation_id, reservation_code, client_id, room_id, guest_name, guest_email, guest_phone, checkin_date, checkout_date, total, status, created_at) VALUES (1319, 'R-516A0906', 1078, 1008, 'Paula Rivera', 'paula.rivera9759@gmail.com', '5564406775', '2024-12-10', '2024-12-13', 3600, 'cancelada', NOW());
INSERT INTO reservations (reservation_id, reservation_code, client_id, room_id, guest_name, guest_email, guest_phone, checkin_date, checkout_date, total, status, created_at) VALUES (1320, 'R-6774D780', 1059, 1017, 'Maria Reyes', 'maria.reyes2868@hotmail.com', '5576309799', '2024-04-26', '2024-05-01', 22500, 'facturada', NOW());
INSERT INTO invoices (invoice_code, reservation_id, total, method, invoice_date, created_at) VALUES ('I-F66DFA39', 1320, 22500, 'transferencia', '2024-05-01', NOW());
INSERT INTO reservations (reservation_id, reservation_code, client_id, room_id, guest_name, guest_email, guest_phone, checkin_date, checkout_date, total, status, created_at) VALUES (1321, 'R-DB7D7964', 1168, 1009, 'Sofia Reyes', 'sofia.reyes1846@gmail.com', '5570651096', '2025-04-16', '2025-04-19', 3600, 'facturada', NOW());
INSERT INTO reservation_services (reservation_id, service_id, quantity, unit_price, added_at, service_date) VALUES (1321, 1005, 3, 500, '2025-04-16 10:00:00', '2025-04-16');
INSERT INTO reservation_services (reservation_id, service_id, quantity, unit_price, added_at, service_date) VALUES (1321, 1006, 3, 150, '2025-04-18 10:00:00', '2025-04-18');
INSERT INTO reservation_services (reservation_id, service_id, quantity, unit_price, added_at, service_date) VALUES (1321, 1001, 2, 600, '2025-04-18 10:00:00', '2025-04-18');
INSERT INTO invoices (invoice_code, reservation_id, total, method, invoice_date, created_at) VALUES ('I-68E0588E', 1321, 6750, 'tarjeta', '2025-04-19', NOW());
INSERT INTO reservations (reservation_id, reservation_code, client_id, room_id, guest_name, guest_email, guest_phone, checkin_date, checkout_date, total, status, created_at) VALUES (1322, 'R-6192AB18', 1011, 1022, 'Jose Garcia', 'jose.garcia3447@outlook.com', '5549170264', '2024-01-16', '2024-01-19', 6600, 'facturada', NOW());
INSERT INTO reservation_services (reservation_id, service_id, quantity, unit_price, added_at, service_date) VALUES (1322, 1001, 1, 600, '2024-01-16 10:00:00', '2024-01-16');
INSERT INTO reservation_services (reservation_id, service_id, quantity, unit_price, added_at, service_date) VALUES (1322, 1005, 3, 500, '2024-01-17 10:00:00', '2024-01-17');
INSERT INTO reservation_services (reservation_id, service_id, quantity, unit_price, added_at, service_date) VALUES (1322, 1006, 1, 150, '2024-01-17 10:00:00', '2024-01-17');
INSERT INTO invoices (invoice_code, reservation_id, total, method, invoice_date, created_at) VALUES ('I-2A6B3B19', 1322, 8850, 'transferencia', '2024-01-19', NOW());
INSERT INTO reservations (reservation_id, reservation_code, client_id, room_id, guest_name, guest_email, guest_phone, checkin_date, checkout_date, total, status, created_at) VALUES (1323, 'R-697902A4', 1045, 1036, 'Laura Sanchez', 'laura.sanchez4752@yahoo.com', '5583806074', '2025-04-17', '2025-04-18', 4500, 'facturada', NOW());
INSERT INTO reservation_services (reservation_id, service_id, quantity, unit_price, added_at, service_date) VALUES (1323, 1001, 3, 600, '2025-04-17 10:00:00', '2025-04-17');
INSERT INTO invoices (invoice_code, reservation_id, total, method, invoice_date, created_at) VALUES ('I-AD3BF589', 1323, 6300, 'efectivo', '2025-04-18', NOW());
INSERT INTO reservations (reservation_id, reservation_code, client_id, room_id, guest_name, guest_email, guest_phone, checkin_date, checkout_date, total, status, created_at) VALUES (1324, 'R-6816B78B', 1111, 1024, 'Pedro Sanchez', 'pedro.sanchez6500@gmail.com', '5564747408', '2025-03-23', '2025-03-26', 6600, 'facturada', NOW());
INSERT INTO reservation_services (reservation_id, service_id, quantity, unit_price, added_at, service_date) VALUES (1324, 1006, 2, 150, '2025-03-24 10:00:00', '2025-03-24');
INSERT INTO reservation_services (reservation_id, service_id, quantity, unit_price, added_at, service_date) VALUES (1324, 1005, 3, 500, '2025-03-24 10:00:00', '2025-03-24');
INSERT INTO invoices (invoice_code, reservation_id, total, method, invoice_date, created_at) VALUES ('I-245E1492', 1324, 8400, 'tarjeta', '2025-03-26', NOW());
INSERT INTO reservations (reservation_id, reservation_code, client_id, room_id, guest_name, guest_email, guest_phone, checkin_date, checkout_date, total, status, created_at) VALUES (1325, 'R-B65E5C19', 1165, 1045, 'Fernando Ramirez', 'fernando.ramirez1308@gmail.com', '5530786196', '2024-01-04', '2024-01-10', 27000, 'facturada', NOW());
INSERT INTO reservation_services (reservation_id, service_id, quantity, unit_price, added_at, service_date) VALUES (1325, 1004, 3, 400, '2024-01-07 10:00:00', '2024-01-07');
INSERT INTO invoices (invoice_code, reservation_id, total, method, invoice_date, created_at) VALUES ('I-5F6E0C8A', 1325, 28200, 'tarjeta', '2024-01-10', NOW());
INSERT INTO reservations (reservation_id, reservation_code, client_id, room_id, guest_name, guest_email, guest_phone, checkin_date, checkout_date, total, status, created_at) VALUES (1326, 'R-DD589D02', 1076, 1041, 'Maria Torres', 'maria.torres6521@hotel.com', '5520063670', '2024-10-17', '2024-10-23', 13200, 'checkout', NOW());
INSERT INTO reservation_services (reservation_id, service_id, quantity, unit_price, added_at, service_date) VALUES (1326, 1001, 1, 600, '2024-10-17 10:00:00', '2024-10-17');
INSERT INTO reservation_services (reservation_id, service_id, quantity, unit_price, added_at, service_date) VALUES (1326, 1001, 3, 600, '2024-10-19 10:00:00', '2024-10-19');
INSERT INTO reservations (reservation_id, reservation_code, client_id, room_id, guest_name, guest_email, guest_phone, checkin_date, checkout_date, total, status, created_at) VALUES (1327, 'R-78CDEF1A', 1051, 1010, 'Carmen Gomez', 'carmen.gomez7437@yahoo.com', '5598909696', '2024-02-08', '2024-02-11', 3600, 'checkout', NOW());
INSERT INTO reservation_services (reservation_id, service_id, quantity, unit_price, added_at, service_date) VALUES (1327, 1006, 3, 150, '2024-02-10 10:00:00', '2024-02-10');
INSERT INTO reservation_services (reservation_id, service_id, quantity, unit_price, added_at, service_date) VALUES (1327, 1000, 1, 800, '2024-02-09 10:00:00', '2024-02-09');
INSERT INTO reservation_services (reservation_id, service_id, quantity, unit_price, added_at, service_date) VALUES (1327, 1000, 2, 800, '2024-02-10 10:00:00', '2024-02-10');
INSERT INTO reservation_services (reservation_id, service_id, quantity, unit_price, added_at, service_date) VALUES (1327, 1005, 3, 500, '2024-02-08 10:00:00', '2024-02-08');
INSERT INTO reservation_services (reservation_id, service_id, quantity, unit_price, added_at, service_date) VALUES (1327, 1003, 3, 1500, '2024-02-08 10:00:00', '2024-02-08');
INSERT INTO reservations (reservation_id, reservation_code, client_id, room_id, guest_name, guest_email, guest_phone, checkin_date, checkout_date, total, status, created_at) VALUES (1328, 'R-A701212E', 1015, 1029, 'Jorge Gonzalez', 'jorge.gonzalez1124@hotmail.com', '5585601053', '2024-02-28', '2024-02-29', 2200, 'facturada', NOW());
INSERT INTO reservation_services (reservation_id, service_id, quantity, unit_price, added_at, service_date) VALUES (1328, 1002, 2, 250, '2024-02-28 10:00:00', '2024-02-28');
INSERT INTO reservation_services (reservation_id, service_id, quantity, unit_price, added_at, service_date) VALUES (1328, 1004, 1, 400, '2024-02-28 10:00:00', '2024-02-28');
INSERT INTO invoices (invoice_code, reservation_id, total, method, invoice_date, created_at) VALUES ('I-92AB037E', 1328, 3100, 'efectivo', '2024-02-29', NOW());
INSERT INTO reservations (reservation_id, reservation_code, client_id, room_id, guest_name, guest_email, guest_phone, checkin_date, checkout_date, total, status, created_at) VALUES (1329, 'R-BDAD2AFE', 1165, 1041, 'Fernando Ramirez', 'fernando.ramirez1308@gmail.com', '5579455705', '2024-11-06', '2024-11-10', 8800, 'facturada', NOW());
INSERT INTO invoices (invoice_code, reservation_id, total, method, invoice_date, created_at) VALUES ('I-37629C53', 1329, 8800, 'efectivo', '2024-11-10', NOW());
INSERT INTO reservations (reservation_id, reservation_code, client_id, room_id, guest_name, guest_email, guest_phone, checkin_date, checkout_date, total, status, created_at) VALUES (1330, 'R-785D6903', 1090, 1029, 'Sofia Hernandez', 'sofia.hernandez2447@hotel.com', '5551625834', '2024-06-02', '2024-06-06', 8800, 'checkout', NOW());
INSERT INTO reservation_services (reservation_id, service_id, quantity, unit_price, added_at, service_date) VALUES (1330, 1006, 2, 150, '2024-06-04 10:00:00', '2024-06-04');
INSERT INTO reservations (reservation_id, reservation_code, client_id, room_id, guest_name, guest_email, guest_phone, checkin_date, checkout_date, total, status, created_at) VALUES (1331, 'R-8F8DC223', 1105, 1033, 'Ana Lopez', 'ana.lopez2487@outlook.com', '5552251412', '2024-04-05', '2024-04-12', 31500, 'facturada', NOW());
INSERT INTO reservation_services (reservation_id, service_id, quantity, unit_price, added_at, service_date) VALUES (1331, 1000, 2, 800, '2024-04-09 10:00:00', '2024-04-09');
INSERT INTO reservation_services (reservation_id, service_id, quantity, unit_price, added_at, service_date) VALUES (1331, 1006, 3, 150, '2024-04-09 10:00:00', '2024-04-09');
INSERT INTO reservation_services (reservation_id, service_id, quantity, unit_price, added_at, service_date) VALUES (1331, 1001, 3, 600, '2024-04-08 10:00:00', '2024-04-08');
INSERT INTO invoices (invoice_code, reservation_id, total, method, invoice_date, created_at) VALUES ('I-E350285D', 1331, 35350, 'tarjeta', '2024-04-12', NOW());
INSERT INTO reservations (reservation_id, reservation_code, client_id, room_id, guest_name, guest_email, guest_phone, checkin_date, checkout_date, total, status, created_at) VALUES (1332, 'R-3116C91F', 1086, 1025, 'Paula Sanchez', 'paula.sanchez4895@hotel.com', '5536103214', '2024-07-16', '2024-07-22', 7200, 'facturada', NOW());
INSERT INTO reservation_services (reservation_id, service_id, quantity, unit_price, added_at, service_date) VALUES (1332, 1003, 3, 1500, '2024-07-18 10:00:00', '2024-07-18');
INSERT INTO reservation_services (reservation_id, service_id, quantity, unit_price, added_at, service_date) VALUES (1332, 1005, 1, 500, '2024-07-19 10:00:00', '2024-07-19');
INSERT INTO reservation_services (reservation_id, service_id, quantity, unit_price, added_at, service_date) VALUES (1332, 1006, 3, 150, '2024-07-20 10:00:00', '2024-07-20');
INSERT INTO reservation_services (reservation_id, service_id, quantity, unit_price, added_at, service_date) VALUES (1332, 1002, 2, 250, '2024-07-20 10:00:00', '2024-07-20');
INSERT INTO invoices (invoice_code, reservation_id, total, method, invoice_date, created_at) VALUES ('I-F468B75E', 1332, 13150, 'efectivo', '2024-07-22', NOW());
INSERT INTO reservations (reservation_id, reservation_code, client_id, room_id, guest_name, guest_email, guest_phone, checkin_date, checkout_date, total, status, created_at) VALUES (1333, 'R-C2D81984', 1104, 1016, 'Luis Perez', 'luis.perez1352@hotmail.com', '5540242356', '2024-09-24', '2024-09-25', 2200, 'checkout', NOW());
INSERT INTO reservation_services (reservation_id, service_id, quantity, unit_price, added_at, service_date) VALUES (1333, 1006, 2, 150, '2024-09-24 10:00:00', '2024-09-24');
INSERT INTO reservation_services (reservation_id, service_id, quantity, unit_price, added_at, service_date) VALUES (1333, 1001, 3, 600, '2024-09-24 10:00:00', '2024-09-24');
INSERT INTO reservation_services (reservation_id, service_id, quantity, unit_price, added_at, service_date) VALUES (1333, 1002, 3, 250, '2024-09-24 10:00:00', '2024-09-24');
INSERT INTO reservations (reservation_id, reservation_code, client_id, room_id, guest_name, guest_email, guest_phone, checkin_date, checkout_date, total, status, created_at) VALUES (1334, 'R-CCC7BCF0', 1107, 1028, 'Maria Gomez', 'maria.gomez7977@outlook.com', '5587482971', '2024-11-23', '2024-11-24', 1200, 'checkout', NOW());
INSERT INTO reservation_services (reservation_id, service_id, quantity, unit_price, added_at, service_date) VALUES (1334, 1003, 3, 1500, '2024-11-23 10:00:00', '2024-11-23');
INSERT INTO reservation_services (reservation_id, service_id, quantity, unit_price, added_at, service_date) VALUES (1334, 1004, 3, 400, '2024-11-23 10:00:00', '2024-11-23');
INSERT INTO reservation_services (reservation_id, service_id, quantity, unit_price, added_at, service_date) VALUES (1334, 1006, 3, 150, '2024-11-23 10:00:00', '2024-11-23');
INSERT INTO reservation_services (reservation_id, service_id, quantity, unit_price, added_at, service_date) VALUES (1334, 1002, 3, 250, '2024-11-23 10:00:00', '2024-11-23');
INSERT INTO reservations (reservation_id, reservation_code, client_id, room_id, guest_name, guest_email, guest_phone, checkin_date, checkout_date, total, status, created_at) VALUES (1335, 'R-4B236863', 1112, 1028, 'Maria Perez', 'maria.perez3002@hotmail.com', '5588721609', '2024-01-27', '2024-02-03', 8400, 'facturada', NOW());
INSERT INTO reservation_services (reservation_id, service_id, quantity, unit_price, added_at, service_date) VALUES (1335, 1001, 1, 600, '2024-02-02 10:00:00', '2024-02-02');
INSERT INTO reservation_services (reservation_id, service_id, quantity, unit_price, added_at, service_date) VALUES (1335, 1001, 1, 600, '2024-01-29 10:00:00', '2024-01-29');
INSERT INTO reservation_services (reservation_id, service_id, quantity, unit_price, added_at, service_date) VALUES (1335, 1001, 3, 600, '2024-01-27 10:00:00', '2024-01-27');
INSERT INTO reservation_services (reservation_id, service_id, quantity, unit_price, added_at, service_date) VALUES (1335, 1006, 3, 150, '2024-01-28 10:00:00', '2024-01-28');
INSERT INTO invoices (invoice_code, reservation_id, total, method, invoice_date, created_at) VALUES ('I-7B4985A3', 1335, 11850, 'transferencia', '2024-02-03', NOW());
INSERT INTO reservations (reservation_id, reservation_code, client_id, room_id, guest_name, guest_email, guest_phone, checkin_date, checkout_date, total, status, created_at) VALUES (1336, 'R-CBAF9359', 1035, 1017, 'Ana Rivera', 'ana.rivera4886@hotmail.com', '5528438461', '2024-10-28', '2024-10-29', 4500, 'checkout', NOW());
INSERT INTO reservation_services (reservation_id, service_id, quantity, unit_price, added_at, service_date) VALUES (1336, 1005, 3, 500, '2024-10-28 10:00:00', '2024-10-28');
INSERT INTO reservations (reservation_id, reservation_code, client_id, room_id, guest_name, guest_email, guest_phone, checkin_date, checkout_date, total, status, created_at) VALUES (1337, 'R-A9D7C2DA', 1015, 1024, 'Jorge Gonzalez', 'jorge.gonzalez1124@hotmail.com', '5597912654', '2024-01-22', '2024-01-27', 11000, 'facturada', NOW());
INSERT INTO reservation_services (reservation_id, service_id, quantity, unit_price, added_at, service_date) VALUES (1337, 1002, 2, 250, '2024-01-24 10:00:00', '2024-01-24');
INSERT INTO reservation_services (reservation_id, service_id, quantity, unit_price, added_at, service_date) VALUES (1337, 1004, 1, 400, '2024-01-24 10:00:00', '2024-01-24');
INSERT INTO reservation_services (reservation_id, service_id, quantity, unit_price, added_at, service_date) VALUES (1337, 1002, 1, 250, '2024-01-24 10:00:00', '2024-01-24');
INSERT INTO reservation_services (reservation_id, service_id, quantity, unit_price, added_at, service_date) VALUES (1337, 1005, 1, 500, '2024-01-23 10:00:00', '2024-01-23');
INSERT INTO invoices (invoice_code, reservation_id, total, method, invoice_date, created_at) VALUES ('I-6A644E33', 1337, 12650, 'efectivo', '2024-01-27', NOW());
INSERT INTO reservations (reservation_id, reservation_code, client_id, room_id, guest_name, guest_email, guest_phone, checkin_date, checkout_date, total, status, created_at) VALUES (1338, 'R-F6CA67C0', 1120, 1035, 'David Sanchez', 'david.sanchez9835@yahoo.com', '5523660166', '2024-06-26', '2024-07-03', 8400, 'facturada', NOW());
INSERT INTO reservation_services (reservation_id, service_id, quantity, unit_price, added_at, service_date) VALUES (1338, 1000, 3, 800, '2024-06-26 10:00:00', '2024-06-26');
INSERT INTO reservation_services (reservation_id, service_id, quantity, unit_price, added_at, service_date) VALUES (1338, 1004, 3, 400, '2024-06-26 10:00:00', '2024-06-26');
INSERT INTO reservation_services (reservation_id, service_id, quantity, unit_price, added_at, service_date) VALUES (1338, 1003, 3, 1500, '2024-07-01 10:00:00', '2024-07-01');
INSERT INTO invoices (invoice_code, reservation_id, total, method, invoice_date, created_at) VALUES ('I-B44E9E43', 1338, 16500, 'transferencia', '2024-07-03', NOW());
INSERT INTO reservations (reservation_id, reservation_code, client_id, room_id, guest_name, guest_email, guest_phone, checkin_date, checkout_date, total, status, created_at) VALUES (1339, 'R-CA12E800', 1164, 1024, 'Paula Gonzalez', 'paula.gonzalez8496@hotmail.com', '5597073203', '2024-02-12', '2024-02-17', 11000, 'checkout', NOW());
INSERT INTO reservation_services (reservation_id, service_id, quantity, unit_price, added_at, service_date) VALUES (1339, 1003, 1, 1500, '2024-02-14 10:00:00', '2024-02-14');
INSERT INTO reservation_services (reservation_id, service_id, quantity, unit_price, added_at, service_date) VALUES (1339, 1002, 3, 250, '2024-02-13 10:00:00', '2024-02-13');
INSERT INTO reservation_services (reservation_id, service_id, quantity, unit_price, added_at, service_date) VALUES (1339, 1004, 1, 400, '2024-02-16 10:00:00', '2024-02-16');
INSERT INTO reservation_services (reservation_id, service_id, quantity, unit_price, added_at, service_date) VALUES (1339, 1006, 3, 150, '2024-02-14 10:00:00', '2024-02-14');
INSERT INTO reservation_services (reservation_id, service_id, quantity, unit_price, added_at, service_date) VALUES (1339, 1005, 2, 500, '2024-02-14 10:00:00', '2024-02-14');
INSERT INTO reservations (reservation_id, reservation_code, client_id, room_id, guest_name, guest_email, guest_phone, checkin_date, checkout_date, total, status, created_at) VALUES (1340, 'R-79A467A4', 1138, 1000, 'Miguel Reyes', 'miguel.reyes1235@outlook.com', '5557452490', '2024-03-13', '2024-03-14', 4500, 'checkout', NOW());
INSERT INTO reservation_services (reservation_id, service_id, quantity, unit_price, added_at, service_date) VALUES (1340, 1004, 2, 400, '2024-03-13 10:00:00', '2024-03-13');
INSERT INTO reservation_services (reservation_id, service_id, quantity, unit_price, added_at, service_date) VALUES (1340, 1002, 2, 250, '2024-03-13 10:00:00', '2024-03-13');
INSERT INTO reservation_services (reservation_id, service_id, quantity, unit_price, added_at, service_date) VALUES (1340, 1003, 3, 1500, '2024-03-13 10:00:00', '2024-03-13');
INSERT INTO reservation_services (reservation_id, service_id, quantity, unit_price, added_at, service_date) VALUES (1340, 1002, 1, 250, '2024-03-13 10:00:00', '2024-03-13');
INSERT INTO reservations (reservation_id, reservation_code, client_id, room_id, guest_name, guest_email, guest_phone, checkin_date, checkout_date, total, status, created_at) VALUES (1341, 'R-AB54EB2D', 1140, 1031, 'Marta Torres', 'marta.torres7710@outlook.com', '5557092609', '2025-02-11', '2025-02-15', 18000, 'cancelada', NOW());
INSERT INTO reservations (reservation_id, reservation_code, client_id, room_id, guest_name, guest_email, guest_phone, checkin_date, checkout_date, total, status, created_at) VALUES (1342, 'R-D7762464', 1071, 1031, 'Luis Reyes', 'luis.reyes5944@hotmail.com', '5519835667', '2024-03-07', '2024-03-11', 18000, 'facturada', NOW());
INSERT INTO reservation_services (reservation_id, service_id, quantity, unit_price, added_at, service_date) VALUES (1342, 1004, 2, 400, '2024-03-07 10:00:00', '2024-03-07');
INSERT INTO reservation_services (reservation_id, service_id, quantity, unit_price, added_at, service_date) VALUES (1342, 1001, 1, 600, '2024-03-07 10:00:00', '2024-03-07');
INSERT INTO invoices (invoice_code, reservation_id, total, method, invoice_date, created_at) VALUES ('I-613E69F8', 1342, 19400, 'tarjeta', '2024-03-11', NOW());
INSERT INTO reservations (reservation_id, reservation_code, client_id, room_id, guest_name, guest_email, guest_phone, checkin_date, checkout_date, total, status, created_at) VALUES (1343, 'R-4701623A', 1149, 1044, 'Pedro Gonzalez', 'pedro.gonzalez1596@gmail.com', '5595479217', '2024-07-24', '2024-07-29', 6000, 'facturada', NOW());
INSERT INTO reservation_services (reservation_id, service_id, quantity, unit_price, added_at, service_date) VALUES (1343, 1006, 2, 150, '2024-07-24 10:00:00', '2024-07-24');
INSERT INTO reservation_services (reservation_id, service_id, quantity, unit_price, added_at, service_date) VALUES (1343, 1003, 1, 1500, '2024-07-27 10:00:00', '2024-07-27');
INSERT INTO reservation_services (reservation_id, service_id, quantity, unit_price, added_at, service_date) VALUES (1343, 1005, 2, 500, '2024-07-28 10:00:00', '2024-07-28');
INSERT INTO reservation_services (reservation_id, service_id, quantity, unit_price, added_at, service_date) VALUES (1343, 1003, 2, 1500, '2024-07-26 10:00:00', '2024-07-26');
INSERT INTO invoices (invoice_code, reservation_id, total, method, invoice_date, created_at) VALUES ('I-1D2C906E', 1343, 11800, 'tarjeta', '2024-07-29', NOW());
INSERT INTO reservations (reservation_id, reservation_code, client_id, room_id, guest_name, guest_email, guest_phone, checkin_date, checkout_date, total, status, created_at) VALUES (1344, 'R-D6416E89', 1010, 1000, 'David Rodriguez', 'david.rodriguez7916@hotel.com', '5554921977', '2024-09-28', '2024-10-01', 13500, 'facturada', NOW());
INSERT INTO reservation_services (reservation_id, service_id, quantity, unit_price, added_at, service_date) VALUES (1344, 1004, 2, 400, '2024-09-28 10:00:00', '2024-09-28');
INSERT INTO reservation_services (reservation_id, service_id, quantity, unit_price, added_at, service_date) VALUES (1344, 1004, 2, 400, '2024-09-28 10:00:00', '2024-09-28');
INSERT INTO reservation_services (reservation_id, service_id, quantity, unit_price, added_at, service_date) VALUES (1344, 1002, 3, 250, '2024-09-28 10:00:00', '2024-09-28');
INSERT INTO reservation_services (reservation_id, service_id, quantity, unit_price, added_at, service_date) VALUES (1344, 1002, 1, 250, '2024-09-28 10:00:00', '2024-09-28');
INSERT INTO invoices (invoice_code, reservation_id, total, method, invoice_date, created_at) VALUES ('I-45C7B17A', 1344, 16100, 'efectivo', '2024-10-01', NOW());
INSERT INTO reservations (reservation_id, reservation_code, client_id, room_id, guest_name, guest_email, guest_phone, checkin_date, checkout_date, total, status, created_at) VALUES (1345, 'R-6F7E34E9', 1070, 1026, 'Lucia Reyes', 'lucia.reyes9355@hotel.com', '5597189311', '2025-03-03', '2025-03-04', 2200, 'cancelada', NOW());
INSERT INTO reservations (reservation_id, reservation_code, client_id, room_id, guest_name, guest_email, guest_phone, checkin_date, checkout_date, total, status, created_at) VALUES (1346, 'R-3B2D06A3', 1189, 1045, 'Isabel Lopez', 'isabel.lopez2618@gmail.com', '5513388396', '2024-04-08', '2024-04-09', 4500, 'checkout', NOW());
INSERT INTO reservations (reservation_id, reservation_code, client_id, room_id, guest_name, guest_email, guest_phone, checkin_date, checkout_date, total, status, created_at) VALUES (1347, 'R-4C28F7DD', 1017, 1002, 'Miguel Ramirez', 'miguel.ramirez3476@gmail.com', '5519404591', '2024-06-13', '2024-06-17', 8800, 'facturada', NOW());
INSERT INTO reservation_services (reservation_id, service_id, quantity, unit_price, added_at, service_date) VALUES (1347, 1002, 3, 250, '2024-06-15 10:00:00', '2024-06-15');
INSERT INTO invoices (invoice_code, reservation_id, total, method, invoice_date, created_at) VALUES ('I-B3A24ED7', 1347, 9550, 'tarjeta', '2024-06-17', NOW());
INSERT INTO reservations (reservation_id, reservation_code, client_id, room_id, guest_name, guest_email, guest_phone, checkin_date, checkout_date, total, status, created_at) VALUES (1348, 'R-5B5A26D1', 1110, 1004, 'Carlos Flores', 'carlos.flores1723@hotel.com', '5593160231', '2024-01-21', '2024-01-23', 4400, 'checkout', NOW());
INSERT INTO reservation_services (reservation_id, service_id, quantity, unit_price, added_at, service_date) VALUES (1348, 1006, 2, 150, '2024-01-21 10:00:00', '2024-01-21');
INSERT INTO reservation_services (reservation_id, service_id, quantity, unit_price, added_at, service_date) VALUES (1348, 1000, 3, 800, '2024-01-22 10:00:00', '2024-01-22');
INSERT INTO reservations (reservation_id, reservation_code, client_id, room_id, guest_name, guest_email, guest_phone, checkin_date, checkout_date, total, status, created_at) VALUES (1349, 'R-9DA7030D', 1001, 1026, 'Ana Perez', 'ana.perez8393@hotel.com', '5576247066', '2025-03-10', '2025-03-13', 6600, 'checkout', NOW());
INSERT INTO reservation_services (reservation_id, service_id, quantity, unit_price, added_at, service_date) VALUES (1349, 1001, 2, 600, '2025-03-10 10:00:00', '2025-03-10');
INSERT INTO reservation_services (reservation_id, service_id, quantity, unit_price, added_at, service_date) VALUES (1349, 1001, 3, 600, '2025-03-12 10:00:00', '2025-03-12');
INSERT INTO reservation_services (reservation_id, service_id, quantity, unit_price, added_at, service_date) VALUES (1349, 1004, 1, 400, '2025-03-10 10:00:00', '2025-03-10');
INSERT INTO reservation_services (reservation_id, service_id, quantity, unit_price, added_at, service_date) VALUES (1349, 1005, 3, 500, '2025-03-10 10:00:00', '2025-03-10');
INSERT INTO reservations (reservation_id, reservation_code, client_id, room_id, guest_name, guest_email, guest_phone, checkin_date, checkout_date, total, status, created_at) VALUES (1350, 'R-0ED1231D', 1073, 1031, 'Maria Gonzalez', 'maria.gonzalez2836@gmail.com', '5598506611', '2024-06-24', '2024-06-29', 22500, 'facturada', NOW());
INSERT INTO reservation_services (reservation_id, service_id, quantity, unit_price, added_at, service_date) VALUES (1350, 1002, 3, 250, '2024-06-24 10:00:00', '2024-06-24');
INSERT INTO reservation_services (reservation_id, service_id, quantity, unit_price, added_at, service_date) VALUES (1350, 1003, 2, 1500, '2024-06-27 10:00:00', '2024-06-27');
INSERT INTO reservation_services (reservation_id, service_id, quantity, unit_price, added_at, service_date) VALUES (1350, 1000, 1, 800, '2024-06-28 10:00:00', '2024-06-28');
INSERT INTO reservation_services (reservation_id, service_id, quantity, unit_price, added_at, service_date) VALUES (1350, 1006, 3, 150, '2024-06-27 10:00:00', '2024-06-27');
INSERT INTO reservation_services (reservation_id, service_id, quantity, unit_price, added_at, service_date) VALUES (1350, 1002, 1, 250, '2024-06-26 10:00:00', '2024-06-26');
INSERT INTO invoices (invoice_code, reservation_id, total, method, invoice_date, created_at) VALUES ('I-3D7F1A47', 1350, 27750, 'tarjeta', '2024-06-29', NOW());
INSERT INTO reservations (reservation_id, reservation_code, client_id, room_id, guest_name, guest_email, guest_phone, checkin_date, checkout_date, total, status, created_at) VALUES (1351, 'R-D4A62A4D', 1050, 1031, 'Laura Hernandez', 'laura.hernandez6444@hotmail.com', '5566288555', '2024-05-15', '2024-05-19', 18000, 'facturada', NOW());
INSERT INTO invoices (invoice_code, reservation_id, total, method, invoice_date, created_at) VALUES ('I-02A59A02', 1351, 18000, 'transferencia', '2024-05-19', NOW());
INSERT INTO reservations (reservation_id, reservation_code, client_id, room_id, guest_name, guest_email, guest_phone, checkin_date, checkout_date, total, status, created_at) VALUES (1352, 'R-F0F79C7A', 1026, 1007, 'Sofia Rodriguez', 'miguel.gonzalez88@yahoo.com', '5568546521', '2024-04-04', '2024-04-09', 11000, 'facturada', NOW());
INSERT INTO reservation_services (reservation_id, service_id, quantity, unit_price, added_at, service_date) VALUES (1352, 1001, 1, 600, '2024-04-04 10:00:00', '2024-04-04');
INSERT INTO invoices (invoice_code, reservation_id, total, method, invoice_date, created_at) VALUES ('I-C99194CF', 1352, 11600, 'transferencia', '2024-04-09', NOW());
INSERT INTO reservations (reservation_id, reservation_code, client_id, room_id, guest_name, guest_email, guest_phone, checkin_date, checkout_date, total, status, created_at) VALUES (1353, 'R-18B555AB', 1138, 1031, 'Miguel Reyes', 'miguel.reyes1235@outlook.com', '5583457403', '2024-07-10', '2024-07-15', 22500, 'facturada', NOW());
INSERT INTO reservation_services (reservation_id, service_id, quantity, unit_price, added_at, service_date) VALUES (1353, 1004, 1, 400, '2024-07-10 10:00:00', '2024-07-10');
INSERT INTO reservation_services (reservation_id, service_id, quantity, unit_price, added_at, service_date) VALUES (1353, 1004, 2, 400, '2024-07-10 10:00:00', '2024-07-10');
INSERT INTO reservation_services (reservation_id, service_id, quantity, unit_price, added_at, service_date) VALUES (1353, 1001, 1, 600, '2024-07-12 10:00:00', '2024-07-12');
INSERT INTO reservation_services (reservation_id, service_id, quantity, unit_price, added_at, service_date) VALUES (1353, 1005, 3, 500, '2024-07-11 10:00:00', '2024-07-11');
INSERT INTO reservation_services (reservation_id, service_id, quantity, unit_price, added_at, service_date) VALUES (1353, 1005, 2, 500, '2024-07-11 10:00:00', '2024-07-11');
INSERT INTO invoices (invoice_code, reservation_id, total, method, invoice_date, created_at) VALUES ('I-DC4377E4', 1353, 26800, 'efectivo', '2024-07-15', NOW());
INSERT INTO reservations (reservation_id, reservation_code, client_id, room_id, guest_name, guest_email, guest_phone, checkin_date, checkout_date, total, status, created_at) VALUES (1354, 'R-21AD61EF', 1155, 1047, 'Carlos Reyes', 'carlos.reyes8837@outlook.com', '5532093031', '2024-07-13', '2024-07-17', 8800, 'checkout', NOW());
INSERT INTO reservation_services (reservation_id, service_id, quantity, unit_price, added_at, service_date) VALUES (1354, 1005, 1, 500, '2024-07-13 10:00:00', '2024-07-13');
INSERT INTO reservation_services (reservation_id, service_id, quantity, unit_price, added_at, service_date) VALUES (1354, 1006, 1, 150, '2024-07-16 10:00:00', '2024-07-16');
INSERT INTO reservation_services (reservation_id, service_id, quantity, unit_price, added_at, service_date) VALUES (1354, 1004, 2, 400, '2024-07-15 10:00:00', '2024-07-15');
INSERT INTO reservations (reservation_id, reservation_code, client_id, room_id, guest_name, guest_email, guest_phone, checkin_date, checkout_date, total, status, created_at) VALUES (1355, 'R-C736C891', 1084, 1029, 'Juan Garcia', 'juan.garcia6947@gmail.com', '5598822990', '2024-06-15', '2024-06-19', 8800, 'facturada', NOW());
INSERT INTO reservation_services (reservation_id, service_id, quantity, unit_price, added_at, service_date) VALUES (1355, 1006, 3, 150, '2024-06-16 10:00:00', '2024-06-16');
INSERT INTO reservation_services (reservation_id, service_id, quantity, unit_price, added_at, service_date) VALUES (1355, 1000, 3, 800, '2024-06-15 10:00:00', '2024-06-15');
INSERT INTO reservation_services (reservation_id, service_id, quantity, unit_price, added_at, service_date) VALUES (1355, 1001, 1, 600, '2024-06-18 10:00:00', '2024-06-18');
INSERT INTO reservation_services (reservation_id, service_id, quantity, unit_price, added_at, service_date) VALUES (1355, 1002, 1, 250, '2024-06-15 10:00:00', '2024-06-15');
INSERT INTO invoices (invoice_code, reservation_id, total, method, invoice_date, created_at) VALUES ('I-01C84C4F', 1355, 12500, 'efectivo', '2024-06-19', NOW());
INSERT INTO reservations (reservation_id, reservation_code, client_id, room_id, guest_name, guest_email, guest_phone, checkin_date, checkout_date, total, status, created_at) VALUES (1356, 'R-2F115FFA', 1094, 1042, 'Jorge Gomez', 'jorge.gomez3465@gmail.com', '5552981024', '2025-05-25', '2025-05-28', 13500, 'checkout', NOW());
INSERT INTO reservation_services (reservation_id, service_id, quantity, unit_price, added_at, service_date) VALUES (1356, 1005, 3, 500, '2025-05-26 10:00:00', '2025-05-26');
INSERT INTO reservations (reservation_id, reservation_code, client_id, room_id, guest_name, guest_email, guest_phone, checkin_date, checkout_date, total, status, created_at) VALUES (1357, 'R-E694B56E', 1117, 1004, 'Juan Perez', 'juan.perez7569@outlook.com', '5565681712', '2024-06-15', '2024-06-16', 2200, 'facturada', NOW());
INSERT INTO invoices (invoice_code, reservation_id, total, method, invoice_date, created_at) VALUES ('I-7C1B91DE', 1357, 2200, 'tarjeta', '2024-06-16', NOW());
INSERT INTO reservations (reservation_id, reservation_code, client_id, room_id, guest_name, guest_email, guest_phone, checkin_date, checkout_date, total, status, created_at) VALUES (1358, 'R-20560125', 1057, 1020, 'Jose Perez', 'jose.perez2701@hotel.com', '5546214226', '2025-02-02', '2025-02-03', 4500, 'checkout', NOW());
INSERT INTO reservation_services (reservation_id, service_id, quantity, unit_price, added_at, service_date) VALUES (1358, 1003, 1, 1500, '2025-02-02 10:00:00', '2025-02-02');
INSERT INTO reservation_services (reservation_id, service_id, quantity, unit_price, added_at, service_date) VALUES (1358, 1004, 3, 400, '2025-02-02 10:00:00', '2025-02-02');
INSERT INTO reservation_services (reservation_id, service_id, quantity, unit_price, added_at, service_date) VALUES (1358, 1005, 3, 500, '2025-02-02 10:00:00', '2025-02-02');
INSERT INTO reservations (reservation_id, reservation_code, client_id, room_id, guest_name, guest_email, guest_phone, checkin_date, checkout_date, total, status, created_at) VALUES (1359, 'R-834F3D3D', 1089, 1011, 'Maria Hernandez', 'maria.hernandez7471@gmail.com', '5599359477', '2024-11-10', '2024-11-17', 8400, 'facturada', NOW());
INSERT INTO reservation_services (reservation_id, service_id, quantity, unit_price, added_at, service_date) VALUES (1359, 1004, 3, 400, '2024-11-11 10:00:00', '2024-11-11');
INSERT INTO reservation_services (reservation_id, service_id, quantity, unit_price, added_at, service_date) VALUES (1359, 1003, 3, 1500, '2024-11-15 10:00:00', '2024-11-15');
INSERT INTO invoices (invoice_code, reservation_id, total, method, invoice_date, created_at) VALUES ('I-39326459', 1359, 14100, 'efectivo', '2024-11-17', NOW());
INSERT INTO reservations (reservation_id, reservation_code, client_id, room_id, guest_name, guest_email, guest_phone, checkin_date, checkout_date, total, status, created_at) VALUES (1360, 'R-80C92211', 1030, 1039, 'David Reyes', 'david.reyes5874@outlook.com', '5543354878', '2024-08-14', '2024-08-19', 6000, 'facturada', NOW());
INSERT INTO reservation_services (reservation_id, service_id, quantity, unit_price, added_at, service_date) VALUES (1360, 1001, 1, 600, '2024-08-17 10:00:00', '2024-08-17');
INSERT INTO reservation_services (reservation_id, service_id, quantity, unit_price, added_at, service_date) VALUES (1360, 1006, 3, 150, '2024-08-17 10:00:00', '2024-08-17');
INSERT INTO reservation_services (reservation_id, service_id, quantity, unit_price, added_at, service_date) VALUES (1360, 1006, 1, 150, '2024-08-14 10:00:00', '2024-08-14');
INSERT INTO reservation_services (reservation_id, service_id, quantity, unit_price, added_at, service_date) VALUES (1360, 1005, 1, 500, '2024-08-17 10:00:00', '2024-08-17');
INSERT INTO invoices (invoice_code, reservation_id, total, method, invoice_date, created_at) VALUES ('I-74FB47EA', 1360, 7700, 'efectivo', '2024-08-19', NOW());
INSERT INTO reservations (reservation_id, reservation_code, client_id, room_id, guest_name, guest_email, guest_phone, checkin_date, checkout_date, total, status, created_at) VALUES (1361, 'R-7B6BBB48', 1039, 1037, 'David Gonzalez', 'david.gonzalez6512@outlook.com', '5552844255', '2024-05-05', '2024-05-07', 4400, 'checkout', NOW());
INSERT INTO reservation_services (reservation_id, service_id, quantity, unit_price, added_at, service_date) VALUES (1361, 1001, 2, 600, '2024-05-05 10:00:00', '2024-05-05');
INSERT INTO reservation_services (reservation_id, service_id, quantity, unit_price, added_at, service_date) VALUES (1361, 1006, 1, 150, '2024-05-06 10:00:00', '2024-05-06');
INSERT INTO reservation_services (reservation_id, service_id, quantity, unit_price, added_at, service_date) VALUES (1361, 1004, 3, 400, '2024-05-05 10:00:00', '2024-05-05');
INSERT INTO reservations (reservation_id, reservation_code, client_id, room_id, guest_name, guest_email, guest_phone, checkin_date, checkout_date, total, status, created_at) VALUES (1362, 'R-BAE72830', 1133, 1043, 'Juan Flores', 'juan.flores6586@hotel.com', '5545202906', '2025-05-20', '2025-05-23', 13500, 'facturada', NOW());
INSERT INTO reservation_services (reservation_id, service_id, quantity, unit_price, added_at, service_date) VALUES (1362, 1000, 3, 800, '2025-05-21 10:00:00', '2025-05-21');
INSERT INTO reservation_services (reservation_id, service_id, quantity, unit_price, added_at, service_date) VALUES (1362, 1006, 3, 150, '2025-05-20 10:00:00', '2025-05-20');
INSERT INTO reservation_services (reservation_id, service_id, quantity, unit_price, added_at, service_date) VALUES (1362, 1001, 3, 600, '2025-05-22 10:00:00', '2025-05-22');
INSERT INTO reservation_services (reservation_id, service_id, quantity, unit_price, added_at, service_date) VALUES (1362, 1005, 1, 500, '2025-05-20 10:00:00', '2025-05-20');
INSERT INTO invoices (invoice_code, reservation_id, total, method, invoice_date, created_at) VALUES ('I-2F5D543D', 1362, 18650, 'transferencia', '2025-05-23', NOW());
INSERT INTO reservations (reservation_id, reservation_code, client_id, room_id, guest_name, guest_email, guest_phone, checkin_date, checkout_date, total, status, created_at) VALUES (1363, 'R-A380D2DD', 1102, 1013, 'Miguel Gomez', 'miguel.gomez1711@hotel.com', '5575544751', '2024-10-27', '2024-11-02', 13200, 'facturada', NOW());
INSERT INTO reservation_services (reservation_id, service_id, quantity, unit_price, added_at, service_date) VALUES (1363, 1005, 1, 500, '2024-10-30 10:00:00', '2024-10-30');
INSERT INTO reservation_services (reservation_id, service_id, quantity, unit_price, added_at, service_date) VALUES (1363, 1003, 2, 1500, '2024-11-01 10:00:00', '2024-11-01');
INSERT INTO reservation_services (reservation_id, service_id, quantity, unit_price, added_at, service_date) VALUES (1363, 1004, 3, 400, '2024-10-31 10:00:00', '2024-10-31');
INSERT INTO reservation_services (reservation_id, service_id, quantity, unit_price, added_at, service_date) VALUES (1363, 1004, 3, 400, '2024-10-29 10:00:00', '2024-10-29');
INSERT INTO invoices (invoice_code, reservation_id, total, method, invoice_date, created_at) VALUES ('I-4C8199D0', 1363, 19100, 'efectivo', '2024-11-02', NOW());
INSERT INTO reservations (reservation_id, reservation_code, client_id, room_id, guest_name, guest_email, guest_phone, checkin_date, checkout_date, total, status, created_at) VALUES (1364, 'R-323C0FA5', 1131, 1026, 'Pedro Reyes', 'pedro.reyes1114@hotmail.com', '5581302858', '2024-01-04', '2024-01-08', 8800, 'facturada', NOW());
INSERT INTO invoices (invoice_code, reservation_id, total, method, invoice_date, created_at) VALUES ('I-253AA029', 1364, 8800, 'transferencia', '2024-01-08', NOW());
INSERT INTO reservations (reservation_id, reservation_code, client_id, room_id, guest_name, guest_email, guest_phone, checkin_date, checkout_date, total, status, created_at) VALUES (1365, 'R-8CDBB11B', 1137, 1023, 'Maria Flores', 'maria.flores7214@hotel.com', '5528323716', '2025-05-12', '2025-05-19', 31500, 'facturada', NOW());
INSERT INTO reservation_services (reservation_id, service_id, quantity, unit_price, added_at, service_date) VALUES (1365, 1006, 1, 150, '2025-05-17 10:00:00', '2025-05-17');
INSERT INTO reservation_services (reservation_id, service_id, quantity, unit_price, added_at, service_date) VALUES (1365, 1002, 2, 250, '2025-05-17 10:00:00', '2025-05-17');
INSERT INTO reservation_services (reservation_id, service_id, quantity, unit_price, added_at, service_date) VALUES (1365, 1001, 2, 600, '2025-05-13 10:00:00', '2025-05-13');
INSERT INTO invoices (invoice_code, reservation_id, total, method, invoice_date, created_at) VALUES ('I-07631C3C', 1365, 33350, 'transferencia', '2025-05-19', NOW());
INSERT INTO reservations (reservation_id, reservation_code, client_id, room_id, guest_name, guest_email, guest_phone, checkin_date, checkout_date, total, status, created_at) VALUES (1366, 'R-D79EB499', 1197, 1002, 'Carmen Gonzalez', 'carmen.gonzalez1671@yahoo.com', '5517887727', '2025-05-04', '2025-05-08', 8800, 'facturada', NOW());
INSERT INTO reservation_services (reservation_id, service_id, quantity, unit_price, added_at, service_date) VALUES (1366, 1003, 3, 1500, '2025-05-07 10:00:00', '2025-05-07');
INSERT INTO reservation_services (reservation_id, service_id, quantity, unit_price, added_at, service_date) VALUES (1366, 1001, 3, 600, '2025-05-04 10:00:00', '2025-05-04');
INSERT INTO invoices (invoice_code, reservation_id, total, method, invoice_date, created_at) VALUES ('I-CB8412FE', 1366, 15100, 'transferencia', '2025-05-08', NOW());
INSERT INTO reservations (reservation_id, reservation_code, client_id, room_id, guest_name, guest_email, guest_phone, checkin_date, checkout_date, total, status, created_at) VALUES (1367, 'R-5BD740D0', 1127, 1033, 'Pedro Ramirez', 'pedro.ramirez3576@hotel.com', '5580347527', '2024-03-23', '2024-03-24', 4500, 'facturada', NOW());
INSERT INTO reservation_services (reservation_id, service_id, quantity, unit_price, added_at, service_date) VALUES (1367, 1000, 1, 800, '2024-03-23 10:00:00', '2024-03-23');
INSERT INTO invoices (invoice_code, reservation_id, total, method, invoice_date, created_at) VALUES ('I-10729439', 1367, 5300, 'transferencia', '2024-03-24', NOW());
INSERT INTO reservations (reservation_id, reservation_code, client_id, room_id, guest_name, guest_email, guest_phone, checkin_date, checkout_date, total, status, created_at) VALUES (1368, 'R-9B3D66D0', 1013, 1013, 'Maria Martinez', 'maria.martinez8836@hotmail.com', '5528377318', '2025-04-30', '2025-05-05', 11000, 'facturada', NOW());
INSERT INTO reservation_services (reservation_id, service_id, quantity, unit_price, added_at, service_date) VALUES (1368, 1004, 3, 400, '2025-04-30 10:00:00', '2025-04-30');
INSERT INTO reservation_services (reservation_id, service_id, quantity, unit_price, added_at, service_date) VALUES (1368, 1001, 2, 600, '2025-05-03 10:00:00', '2025-05-03');
INSERT INTO invoices (invoice_code, reservation_id, total, method, invoice_date, created_at) VALUES ('I-72B79DF9', 1368, 13400, 'efectivo', '2025-05-05', NOW());
INSERT INTO reservations (reservation_id, reservation_code, client_id, room_id, guest_name, guest_email, guest_phone, checkin_date, checkout_date, total, status, created_at) VALUES (1369, 'R-03F7B6F1', 1146, 1007, 'Sofia Torres', 'sofia.torres8480@hotel.com', '5534749090', '2025-02-08', '2025-02-15', 15400, 'facturada', NOW());
INSERT INTO reservation_services (reservation_id, service_id, quantity, unit_price, added_at, service_date) VALUES (1369, 1006, 2, 150, '2025-02-14 10:00:00', '2025-02-14');
INSERT INTO reservation_services (reservation_id, service_id, quantity, unit_price, added_at, service_date) VALUES (1369, 1004, 2, 400, '2025-02-12 10:00:00', '2025-02-12');
INSERT INTO reservation_services (reservation_id, service_id, quantity, unit_price, added_at, service_date) VALUES (1369, 1004, 2, 400, '2025-02-12 10:00:00', '2025-02-12');
INSERT INTO invoices (invoice_code, reservation_id, total, method, invoice_date, created_at) VALUES ('I-C023ED26', 1369, 17300, 'efectivo', '2025-02-15', NOW());
INSERT INTO reservations (reservation_id, reservation_code, client_id, room_id, guest_name, guest_email, guest_phone, checkin_date, checkout_date, total, status, created_at) VALUES (1370, 'R-352474A0', 1071, 1001, 'Luis Reyes', 'luis.reyes5944@hotmail.com', '5555970846', '2024-06-03', '2024-06-06', 13500, 'facturada', NOW());
INSERT INTO reservation_services (reservation_id, service_id, quantity, unit_price, added_at, service_date) VALUES (1370, 1005, 3, 500, '2024-06-04 10:00:00', '2024-06-04');
INSERT INTO reservation_services (reservation_id, service_id, quantity, unit_price, added_at, service_date) VALUES (1370, 1002, 1, 250, '2024-06-04 10:00:00', '2024-06-04');
INSERT INTO reservation_services (reservation_id, service_id, quantity, unit_price, added_at, service_date) VALUES (1370, 1003, 3, 1500, '2024-06-05 10:00:00', '2024-06-05');
INSERT INTO reservation_services (reservation_id, service_id, quantity, unit_price, added_at, service_date) VALUES (1370, 1004, 3, 400, '2024-06-05 10:00:00', '2024-06-05');
INSERT INTO reservation_services (reservation_id, service_id, quantity, unit_price, added_at, service_date) VALUES (1370, 1002, 3, 250, '2024-06-05 10:00:00', '2024-06-05');
INSERT INTO invoices (invoice_code, reservation_id, total, method, invoice_date, created_at) VALUES ('I-DF2502C2', 1370, 21700, 'transferencia', '2024-06-06', NOW());
INSERT INTO reservations (reservation_id, reservation_code, client_id, room_id, guest_name, guest_email, guest_phone, checkin_date, checkout_date, total, status, created_at) VALUES (1371, 'R-AA608B29', 1167, 1014, 'Luis Rivera', 'luis.rivera9883@yahoo.com', '5578333127', '2024-02-20', '2024-02-23', 6600, 'facturada', NOW());
INSERT INTO reservation_services (reservation_id, service_id, quantity, unit_price, added_at, service_date) VALUES (1371, 1001, 3, 600, '2024-02-21 10:00:00', '2024-02-21');
INSERT INTO reservation_services (reservation_id, service_id, quantity, unit_price, added_at, service_date) VALUES (1371, 1006, 2, 150, '2024-02-21 10:00:00', '2024-02-21');
INSERT INTO reservation_services (reservation_id, service_id, quantity, unit_price, added_at, service_date) VALUES (1371, 1005, 1, 500, '2024-02-20 10:00:00', '2024-02-20');
INSERT INTO reservation_services (reservation_id, service_id, quantity, unit_price, added_at, service_date) VALUES (1371, 1001, 1, 600, '2024-02-22 10:00:00', '2024-02-22');
INSERT INTO invoices (invoice_code, reservation_id, total, method, invoice_date, created_at) VALUES ('I-3862947F', 1371, 9800, 'efectivo', '2024-02-23', NOW());
INSERT INTO reservations (reservation_id, reservation_code, client_id, room_id, guest_name, guest_email, guest_phone, checkin_date, checkout_date, total, status, created_at) VALUES (1372, 'R-79A48CC6', 1055, 1042, 'Roberto Lopez', 'roberto.lopez4539@yahoo.com', '5593666873', '2024-03-29', '2024-03-31', 9000, 'checkout', NOW());
INSERT INTO reservation_services (reservation_id, service_id, quantity, unit_price, added_at, service_date) VALUES (1372, 1003, 2, 1500, '2024-03-30 10:00:00', '2024-03-30');
INSERT INTO reservation_services (reservation_id, service_id, quantity, unit_price, added_at, service_date) VALUES (1372, 1005, 2, 500, '2024-03-29 10:00:00', '2024-03-29');
INSERT INTO reservation_services (reservation_id, service_id, quantity, unit_price, added_at, service_date) VALUES (1372, 1005, 3, 500, '2024-03-30 10:00:00', '2024-03-30');
INSERT INTO reservations (reservation_id, reservation_code, client_id, room_id, guest_name, guest_email, guest_phone, checkin_date, checkout_date, total, status, created_at) VALUES (1373, 'R-E2242307', 1052, 1005, 'Fernando Lopez', 'fernando.lopez2188@outlook.com', '5520374491', '2024-04-29', '2024-04-30', 1200, 'facturada', NOW());
INSERT INTO reservation_services (reservation_id, service_id, quantity, unit_price, added_at, service_date) VALUES (1373, 1003, 3, 1500, '2024-04-29 10:00:00', '2024-04-29');
INSERT INTO reservation_services (reservation_id, service_id, quantity, unit_price, added_at, service_date) VALUES (1373, 1003, 2, 1500, '2024-04-29 10:00:00', '2024-04-29');
INSERT INTO invoices (invoice_code, reservation_id, total, method, invoice_date, created_at) VALUES ('I-2BCB7CB4', 1373, 8700, 'efectivo', '2024-04-30', NOW());
INSERT INTO reservations (reservation_id, reservation_code, client_id, room_id, guest_name, guest_email, guest_phone, checkin_date, checkout_date, total, status, created_at) VALUES (1374, 'R-ED51F654', 1112, 1014, 'Maria Perez', 'maria.perez3002@hotmail.com', '5579858889', '2024-09-02', '2024-09-03', 2200, 'facturada', NOW());
INSERT INTO reservation_services (reservation_id, service_id, quantity, unit_price, added_at, service_date) VALUES (1374, 1002, 1, 250, '2024-09-02 10:00:00', '2024-09-02');
INSERT INTO reservation_services (reservation_id, service_id, quantity, unit_price, added_at, service_date) VALUES (1374, 1002, 1, 250, '2024-09-02 10:00:00', '2024-09-02');
INSERT INTO invoices (invoice_code, reservation_id, total, method, invoice_date, created_at) VALUES ('I-7C914DD8', 1374, 2700, 'efectivo', '2024-09-03', NOW());
INSERT INTO reservations (reservation_id, reservation_code, client_id, room_id, guest_name, guest_email, guest_phone, checkin_date, checkout_date, total, status, created_at) VALUES (1375, 'R-EC0110A8', 1198, 1022, 'Marta Rodriguez', 'marta.rodriguez3488@outlook.com', '5544337639', '2024-03-11', '2024-03-12', 2200, 'facturada', NOW());
INSERT INTO invoices (invoice_code, reservation_id, total, method, invoice_date, created_at) VALUES ('I-7413B000', 1375, 2200, 'transferencia', '2024-03-12', NOW());
INSERT INTO reservations (reservation_id, reservation_code, client_id, room_id, guest_name, guest_email, guest_phone, checkin_date, checkout_date, total, status, created_at) VALUES (1376, 'R-D2D5C0AD', 1093, 1018, 'Maria Garcia', 'maria.garcia3268@yahoo.com', '5557091102', '2025-03-09', '2025-03-11', 4400, 'facturada', NOW());
INSERT INTO invoices (invoice_code, reservation_id, total, method, invoice_date, created_at) VALUES ('I-E7CA5024', 1376, 4400, 'transferencia', '2025-03-11', NOW());
INSERT INTO reservations (reservation_id, reservation_code, client_id, room_id, guest_name, guest_email, guest_phone, checkin_date, checkout_date, total, status, created_at) VALUES (1377, 'R-C60DC335', 1022, 1031, 'Sofia Hernandez', 'sofia.hernandez9168@hotmail.com', '5548684019', '2025-01-19', '2025-01-26', 31500, 'facturada', NOW());
INSERT INTO reservation_services (reservation_id, service_id, quantity, unit_price, added_at, service_date) VALUES (1377, 1006, 1, 150, '2025-01-20 10:00:00', '2025-01-20');
INSERT INTO reservation_services (reservation_id, service_id, quantity, unit_price, added_at, service_date) VALUES (1377, 1005, 1, 500, '2025-01-21 10:00:00', '2025-01-21');
INSERT INTO reservation_services (reservation_id, service_id, quantity, unit_price, added_at, service_date) VALUES (1377, 1001, 3, 600, '2025-01-22 10:00:00', '2025-01-22');
INSERT INTO invoices (invoice_code, reservation_id, total, method, invoice_date, created_at) VALUES ('I-A55C002E', 1377, 33950, 'tarjeta', '2025-01-26', NOW());
INSERT INTO reservations (reservation_id, reservation_code, client_id, room_id, guest_name, guest_email, guest_phone, checkin_date, checkout_date, total, status, created_at) VALUES (1378, 'R-B373BF3C', 1072, 1001, 'Carlos Gomez', 'carlos.gomez7967@outlook.com', '5533392765', '2025-01-23', '2025-01-25', 9000, 'checkout', NOW());
INSERT INTO reservation_services (reservation_id, service_id, quantity, unit_price, added_at, service_date) VALUES (1378, 1005, 1, 500, '2025-01-23 10:00:00', '2025-01-23');
INSERT INTO reservation_services (reservation_id, service_id, quantity, unit_price, added_at, service_date) VALUES (1378, 1001, 2, 600, '2025-01-23 10:00:00', '2025-01-23');
INSERT INTO reservation_services (reservation_id, service_id, quantity, unit_price, added_at, service_date) VALUES (1378, 1001, 2, 600, '2025-01-23 10:00:00', '2025-01-23');
INSERT INTO reservation_services (reservation_id, service_id, quantity, unit_price, added_at, service_date) VALUES (1378, 1005, 3, 500, '2025-01-23 10:00:00', '2025-01-23');
INSERT INTO reservations (reservation_id, reservation_code, client_id, room_id, guest_name, guest_email, guest_phone, checkin_date, checkout_date, total, status, created_at) VALUES (1379, 'R-3671B572', 1158, 1001, 'Carlos Sanchez', 'carlos.sanchez8061@yahoo.com', '5526361938', '2024-07-08', '2024-07-14', 27000, 'checkout', NOW());
INSERT INTO reservation_services (reservation_id, service_id, quantity, unit_price, added_at, service_date) VALUES (1379, 1005, 1, 500, '2024-07-10 10:00:00', '2024-07-10');
INSERT INTO reservation_services (reservation_id, service_id, quantity, unit_price, added_at, service_date) VALUES (1379, 1001, 2, 600, '2024-07-13 10:00:00', '2024-07-13');
INSERT INTO reservations (reservation_id, reservation_code, client_id, room_id, guest_name, guest_email, guest_phone, checkin_date, checkout_date, total, status, created_at) VALUES (1380, 'R-5C7C888D', 1091, 1042, 'Laura Gomez', 'laura.gomez8942@hotmail.com', '5555654161', '2025-04-01', '2025-04-07', 27000, 'facturada', NOW());
INSERT INTO reservation_services (reservation_id, service_id, quantity, unit_price, added_at, service_date) VALUES (1380, 1006, 2, 150, '2025-04-01 10:00:00', '2025-04-01');
INSERT INTO reservation_services (reservation_id, service_id, quantity, unit_price, added_at, service_date) VALUES (1380, 1003, 3, 1500, '2025-04-06 10:00:00', '2025-04-06');
INSERT INTO reservation_services (reservation_id, service_id, quantity, unit_price, added_at, service_date) VALUES (1380, 1003, 3, 1500, '2025-04-02 10:00:00', '2025-04-02');
INSERT INTO invoices (invoice_code, reservation_id, total, method, invoice_date, created_at) VALUES ('I-BAF2C9E2', 1380, 36300, 'transferencia', '2025-04-07', NOW());
INSERT INTO reservations (reservation_id, reservation_code, client_id, room_id, guest_name, guest_email, guest_phone, checkin_date, checkout_date, total, status, created_at) VALUES (1381, 'R-81D11C36', 1188, 1046, 'Elena Diaz', 'elena.diaz3033@yahoo.com', '5550778496', '2024-01-23', '2024-01-29', 13200, 'cancelada', NOW());
INSERT INTO reservations (reservation_id, reservation_code, client_id, room_id, guest_name, guest_email, guest_phone, checkin_date, checkout_date, total, status, created_at) VALUES (1382, 'R-ECC1DBF7', 1190, 1012, 'Luis Garcia', 'luis.garcia8584@hotmail.com', '5558754856', '2024-06-16', '2024-06-21', 6000, 'facturada', NOW());
INSERT INTO reservation_services (reservation_id, service_id, quantity, unit_price, added_at, service_date) VALUES (1382, 1004, 2, 400, '2024-06-19 10:00:00', '2024-06-19');
INSERT INTO reservation_services (reservation_id, service_id, quantity, unit_price, added_at, service_date) VALUES (1382, 1005, 2, 500, '2024-06-19 10:00:00', '2024-06-19');
INSERT INTO reservation_services (reservation_id, service_id, quantity, unit_price, added_at, service_date) VALUES (1382, 1003, 3, 1500, '2024-06-19 10:00:00', '2024-06-19');
INSERT INTO reservation_services (reservation_id, service_id, quantity, unit_price, added_at, service_date) VALUES (1382, 1003, 1, 1500, '2024-06-18 10:00:00', '2024-06-18');
INSERT INTO invoices (invoice_code, reservation_id, total, method, invoice_date, created_at) VALUES ('I-4DC4C557', 1382, 13800, 'transferencia', '2024-06-21', NOW());
INSERT INTO reservations (reservation_id, reservation_code, client_id, room_id, guest_name, guest_email, guest_phone, checkin_date, checkout_date, total, status, created_at) VALUES (1383, 'R-0FC09B9B', 1163, 1002, 'Luis Flores', 'luis.flores7000@gmail.com', '5565249659', '2024-01-07', '2024-01-11', 8800, 'checkout', NOW());
INSERT INTO reservations (reservation_id, reservation_code, client_id, room_id, guest_name, guest_email, guest_phone, checkin_date, checkout_date, total, status, created_at) VALUES (1384, 'R-12196C6A', 1100, 1005, 'Jose Hernandez', 'jose.hernandez5911@gmail.com', '5547056135', '2024-07-03', '2024-07-04', 1200, 'facturada', NOW());
INSERT INTO invoices (invoice_code, reservation_id, total, method, invoice_date, created_at) VALUES ('I-A90264D2', 1384, 1200, 'efectivo', '2024-07-04', NOW());
INSERT INTO reservations (reservation_id, reservation_code, client_id, room_id, guest_name, guest_email, guest_phone, checkin_date, checkout_date, total, status, created_at) VALUES (1385, 'R-2C0BCF19', 1059, 1028, 'Maria Reyes', 'maria.reyes2868@hotmail.com', '5576547677', '2024-04-08', '2024-04-10', 2400, 'checkout', NOW());
INSERT INTO reservation_services (reservation_id, service_id, quantity, unit_price, added_at, service_date) VALUES (1385, 1006, 2, 150, '2024-04-08 10:00:00', '2024-04-08');
INSERT INTO reservations (reservation_id, reservation_code, client_id, room_id, guest_name, guest_email, guest_phone, checkin_date, checkout_date, total, status, created_at) VALUES (1386, 'R-915AF4FC', 1076, 1033, 'Maria Torres', 'maria.torres6521@hotel.com', '5598736615', '2024-09-16', '2024-09-20', 18000, 'facturada', NOW());
INSERT INTO reservation_services (reservation_id, service_id, quantity, unit_price, added_at, service_date) VALUES (1386, 1003, 1, 1500, '2024-09-17 10:00:00', '2024-09-17');
INSERT INTO reservation_services (reservation_id, service_id, quantity, unit_price, added_at, service_date) VALUES (1386, 1005, 1, 500, '2024-09-18 10:00:00', '2024-09-18');
INSERT INTO reservation_services (reservation_id, service_id, quantity, unit_price, added_at, service_date) VALUES (1386, 1000, 1, 800, '2024-09-19 10:00:00', '2024-09-19');
INSERT INTO invoices (invoice_code, reservation_id, total, method, invoice_date, created_at) VALUES ('I-741B2019', 1386, 20800, 'efectivo', '2024-09-20', NOW());
INSERT INTO reservations (reservation_id, reservation_code, client_id, room_id, guest_name, guest_email, guest_phone, checkin_date, checkout_date, total, status, created_at) VALUES (1387, 'R-B3FCFAC0', 1056, 1039, 'Carlos Torres', 'carlos.torres6698@hotel.com', '5532764403', '2024-09-13', '2024-09-17', 4800, 'facturada', NOW());
INSERT INTO reservation_services (reservation_id, service_id, quantity, unit_price, added_at, service_date) VALUES (1387, 1002, 3, 250, '2024-09-15 10:00:00', '2024-09-15');
INSERT INTO reservation_services (reservation_id, service_id, quantity, unit_price, added_at, service_date) VALUES (1387, 1000, 2, 800, '2024-09-16 10:00:00', '2024-09-16');
INSERT INTO invoices (invoice_code, reservation_id, total, method, invoice_date, created_at) VALUES ('I-288BBC18', 1387, 7150, 'transferencia', '2024-09-17', NOW());
INSERT INTO reservations (reservation_id, reservation_code, client_id, room_id, guest_name, guest_email, guest_phone, checkin_date, checkout_date, total, status, created_at) VALUES (1388, 'R-ACF0AABE', 1012, 1046, 'Pedro Gomez', 'jose.reyes341@hotel.com', '5533584878', '2025-02-01', '2025-02-05', 8800, 'facturada', NOW());
INSERT INTO reservation_services (reservation_id, service_id, quantity, unit_price, added_at, service_date) VALUES (1388, 1006, 3, 150, '2025-02-02 10:00:00', '2025-02-02');
INSERT INTO reservation_services (reservation_id, service_id, quantity, unit_price, added_at, service_date) VALUES (1388, 1001, 2, 600, '2025-02-02 10:00:00', '2025-02-02');
INSERT INTO invoices (invoice_code, reservation_id, total, method, invoice_date, created_at) VALUES ('I-6BE42E0A', 1388, 10450, 'transferencia', '2025-02-05', NOW());
INSERT INTO reservations (reservation_id, reservation_code, client_id, room_id, guest_name, guest_email, guest_phone, checkin_date, checkout_date, total, status, created_at) VALUES (1389, 'R-4D81F70A', 1199, 1017, 'Isabel Ramirez', 'isabel.ramirez9999@hotel.com', '5540743940', '2024-10-02', '2024-10-05', 13500, 'facturada', NOW());
INSERT INTO reservation_services (reservation_id, service_id, quantity, unit_price, added_at, service_date) VALUES (1389, 1003, 3, 1500, '2024-10-03 10:00:00', '2024-10-03');
INSERT INTO reservation_services (reservation_id, service_id, quantity, unit_price, added_at, service_date) VALUES (1389, 1005, 3, 500, '2024-10-02 10:00:00', '2024-10-02');
INSERT INTO invoices (invoice_code, reservation_id, total, method, invoice_date, created_at) VALUES ('I-1880CA3A', 1389, 19500, 'efectivo', '2024-10-05', NOW());
INSERT INTO reservations (reservation_id, reservation_code, client_id, room_id, guest_name, guest_email, guest_phone, checkin_date, checkout_date, total, status, created_at) VALUES (1390, 'R-71934736', 1198, 1004, 'Marta Rodriguez', 'marta.rodriguez3488@outlook.com', '5520529864', '2024-12-04', '2024-12-09', 11000, 'checkout', NOW());
INSERT INTO reservation_services (reservation_id, service_id, quantity, unit_price, added_at, service_date) VALUES (1390, 1001, 1, 600, '2024-12-07 10:00:00', '2024-12-07');
INSERT INTO reservation_services (reservation_id, service_id, quantity, unit_price, added_at, service_date) VALUES (1390, 1000, 1, 800, '2024-12-08 10:00:00', '2024-12-08');
INSERT INTO reservation_services (reservation_id, service_id, quantity, unit_price, added_at, service_date) VALUES (1390, 1002, 3, 250, '2024-12-06 10:00:00', '2024-12-06');
INSERT INTO reservations (reservation_id, reservation_code, client_id, room_id, guest_name, guest_email, guest_phone, checkin_date, checkout_date, total, status, created_at) VALUES (1391, 'R-E8CBCA32', 1177, 1015, 'Fernando Lopez', 'fernando.lopez8026@outlook.com', '5590836207', '2025-01-15', '2025-01-22', 31500, 'facturada', NOW());
INSERT INTO reservation_services (reservation_id, service_id, quantity, unit_price, added_at, service_date) VALUES (1391, 1004, 1, 400, '2025-01-17 10:00:00', '2025-01-17');
INSERT INTO reservation_services (reservation_id, service_id, quantity, unit_price, added_at, service_date) VALUES (1391, 1000, 3, 800, '2025-01-21 10:00:00', '2025-01-21');
INSERT INTO reservation_services (reservation_id, service_id, quantity, unit_price, added_at, service_date) VALUES (1391, 1001, 2, 600, '2025-01-15 10:00:00', '2025-01-15');
INSERT INTO reservation_services (reservation_id, service_id, quantity, unit_price, added_at, service_date) VALUES (1391, 1003, 3, 1500, '2025-01-20 10:00:00', '2025-01-20');
INSERT INTO invoices (invoice_code, reservation_id, total, method, invoice_date, created_at) VALUES ('I-1A24B7B9', 1391, 40000, 'transferencia', '2025-01-22', NOW());
INSERT INTO reservations (reservation_id, reservation_code, client_id, room_id, guest_name, guest_email, guest_phone, checkin_date, checkout_date, total, status, created_at) VALUES (1392, 'R-98CCB8E1', 1105, 1042, 'Ana Lopez', 'ana.lopez2487@outlook.com', '5582675642', '2024-01-30', '2024-02-01', 9000, 'facturada', NOW());
INSERT INTO invoices (invoice_code, reservation_id, total, method, invoice_date, created_at) VALUES ('I-593FB2CE', 1392, 9000, 'transferencia', '2024-02-01', NOW());
INSERT INTO reservations (reservation_id, reservation_code, client_id, room_id, guest_name, guest_email, guest_phone, checkin_date, checkout_date, total, status, created_at) VALUES (1393, 'R-A8B6A51E', 1023, 1007, 'David Garcia', 'miguel.hernandez754@outlook.com', '5550256952', '2024-02-27', '2024-03-04', 13200, 'facturada', NOW());
INSERT INTO reservation_services (reservation_id, service_id, quantity, unit_price, added_at, service_date) VALUES (1393, 1003, 1, 1500, '2024-03-03 10:00:00', '2024-03-03');
INSERT INTO reservation_services (reservation_id, service_id, quantity, unit_price, added_at, service_date) VALUES (1393, 1004, 3, 400, '2024-02-27 10:00:00', '2024-02-27');
INSERT INTO reservation_services (reservation_id, service_id, quantity, unit_price, added_at, service_date) VALUES (1393, 1003, 3, 1500, '2024-03-03 10:00:00', '2024-03-03');
INSERT INTO reservation_services (reservation_id, service_id, quantity, unit_price, added_at, service_date) VALUES (1393, 1000, 1, 800, '2024-02-28 10:00:00', '2024-02-28');
INSERT INTO reservation_services (reservation_id, service_id, quantity, unit_price, added_at, service_date) VALUES (1393, 1002, 3, 250, '2024-02-29 10:00:00', '2024-02-29');
INSERT INTO invoices (invoice_code, reservation_id, total, method, invoice_date, created_at) VALUES ('I-BFD43E79', 1393, 21950, 'transferencia', '2024-03-04', NOW());
INSERT INTO reservations (reservation_id, reservation_code, client_id, room_id, guest_name, guest_email, guest_phone, checkin_date, checkout_date, total, status, created_at) VALUES (1394, 'R-C8A27E5A', 1058, 1020, 'Elena Lopez', 'elena.lopez8198@yahoo.com', '5576936918', '2024-07-14', '2024-07-15', 4500, 'facturada', NOW());
INSERT INTO reservation_services (reservation_id, service_id, quantity, unit_price, added_at, service_date) VALUES (1394, 1000, 1, 800, '2024-07-14 10:00:00', '2024-07-14');
INSERT INTO reservation_services (reservation_id, service_id, quantity, unit_price, added_at, service_date) VALUES (1394, 1001, 3, 600, '2024-07-14 10:00:00', '2024-07-14');
INSERT INTO reservation_services (reservation_id, service_id, quantity, unit_price, added_at, service_date) VALUES (1394, 1004, 1, 400, '2024-07-14 10:00:00', '2024-07-14');
INSERT INTO invoices (invoice_code, reservation_id, total, method, invoice_date, created_at) VALUES ('I-0F7CF58E', 1394, 7500, 'tarjeta', '2024-07-15', NOW());
INSERT INTO reservations (reservation_id, reservation_code, client_id, room_id, guest_name, guest_email, guest_phone, checkin_date, checkout_date, total, status, created_at) VALUES (1395, 'R-00277194', 1194, 1026, 'Roberto Hernandez', 'roberto.hernandez3860@gmail.com', '5582426036', '2025-02-15', '2025-02-18', 6600, 'cancelada', NOW());
INSERT INTO reservations (reservation_id, reservation_code, client_id, room_id, guest_name, guest_email, guest_phone, checkin_date, checkout_date, total, status, created_at) VALUES (1396, 'R-22BE95DC', 1187, 1041, 'David Ramirez', 'david.ramirez9015@gmail.com', '5578367327', '2024-12-03', '2024-12-06', 6600, 'checkout', NOW());
INSERT INTO reservation_services (reservation_id, service_id, quantity, unit_price, added_at, service_date) VALUES (1396, 1002, 3, 250, '2024-12-04 10:00:00', '2024-12-04');
INSERT INTO reservation_services (reservation_id, service_id, quantity, unit_price, added_at, service_date) VALUES (1396, 1001, 1, 600, '2024-12-05 10:00:00', '2024-12-05');
INSERT INTO reservation_services (reservation_id, service_id, quantity, unit_price, added_at, service_date) VALUES (1396, 1005, 2, 500, '2024-12-04 10:00:00', '2024-12-04');
INSERT INTO reservation_services (reservation_id, service_id, quantity, unit_price, added_at, service_date) VALUES (1396, 1004, 3, 400, '2024-12-05 10:00:00', '2024-12-05');
INSERT INTO reservations (reservation_id, reservation_code, client_id, room_id, guest_name, guest_email, guest_phone, checkin_date, checkout_date, total, status, created_at) VALUES (1397, 'R-0F6E94E5', 1076, 1036, 'Maria Torres', 'maria.torres6521@hotel.com', '5594052974', '2024-07-17', '2024-07-18', 4500, 'facturada', NOW());
INSERT INTO reservation_services (reservation_id, service_id, quantity, unit_price, added_at, service_date) VALUES (1397, 1004, 3, 400, '2024-07-17 10:00:00', '2024-07-17');
INSERT INTO reservation_services (reservation_id, service_id, quantity, unit_price, added_at, service_date) VALUES (1397, 1002, 3, 250, '2024-07-17 10:00:00', '2024-07-17');
INSERT INTO reservation_services (reservation_id, service_id, quantity, unit_price, added_at, service_date) VALUES (1397, 1000, 3, 800, '2024-07-17 10:00:00', '2024-07-17');
INSERT INTO invoices (invoice_code, reservation_id, total, method, invoice_date, created_at) VALUES ('I-4F740B37', 1397, 8850, 'tarjeta', '2024-07-18', NOW());
INSERT INTO reservations (reservation_id, reservation_code, client_id, room_id, guest_name, guest_email, guest_phone, checkin_date, checkout_date, total, status, created_at) VALUES (1398, 'R-EA057145', 1181, 1045, 'Elena Rivera', 'elena.rivera2476@gmail.com', '5570441212', '2024-10-31', '2024-11-05', 22500, 'facturada', NOW());
INSERT INTO reservation_services (reservation_id, service_id, quantity, unit_price, added_at, service_date) VALUES (1398, 1006, 2, 150, '2024-11-04 10:00:00', '2024-11-04');
INSERT INTO reservation_services (reservation_id, service_id, quantity, unit_price, added_at, service_date) VALUES (1398, 1001, 2, 600, '2024-10-31 10:00:00', '2024-10-31');
INSERT INTO invoices (invoice_code, reservation_id, total, method, invoice_date, created_at) VALUES ('I-44010612', 1398, 24000, 'transferencia', '2024-11-05', NOW());
INSERT INTO reservations (reservation_id, reservation_code, client_id, room_id, guest_name, guest_email, guest_phone, checkin_date, checkout_date, total, status, created_at) VALUES (1399, 'R-3C09508F', 1072, 1008, 'Carlos Gomez', 'carlos.gomez7967@outlook.com', '5538985939', '2024-10-25', '2024-10-29', 4800, 'facturada', NOW());
INSERT INTO reservation_services (reservation_id, service_id, quantity, unit_price, added_at, service_date) VALUES (1399, 1004, 3, 400, '2024-10-27 10:00:00', '2024-10-27');
INSERT INTO invoices (invoice_code, reservation_id, total, method, invoice_date, created_at) VALUES ('I-94105A80', 1399, 6000, 'efectivo', '2024-10-29', NOW());
INSERT INTO reservations (reservation_id, reservation_code, client_id, room_id, guest_name, guest_email, guest_phone, checkin_date, checkout_date, total, status, created_at) VALUES (1400, 'R-169412B3', 1034, 1037, 'Miguel Martinez', 'carlos.hernandez670@outlook.com', '5517821431', '2024-11-08', '2024-11-14', 13200, 'cancelada', NOW());
INSERT INTO reservations (reservation_id, reservation_code, client_id, room_id, guest_name, guest_email, guest_phone, checkin_date, checkout_date, total, status, created_at) VALUES (1401, 'R-44C45F7A', 1040, 1049, 'Jorge Ramirez', 'jorge.ramirez8642@yahoo.com', '5560734018', '2024-06-14', '2024-06-17', 13500, 'checkout', NOW());
INSERT INTO reservation_services (reservation_id, service_id, quantity, unit_price, added_at, service_date) VALUES (1401, 1005, 1, 500, '2024-06-15 10:00:00', '2024-06-15');
INSERT INTO reservation_services (reservation_id, service_id, quantity, unit_price, added_at, service_date) VALUES (1401, 1003, 2, 1500, '2024-06-14 10:00:00', '2024-06-14');
INSERT INTO reservation_services (reservation_id, service_id, quantity, unit_price, added_at, service_date) VALUES (1401, 1005, 2, 500, '2024-06-15 10:00:00', '2024-06-15');
INSERT INTO reservations (reservation_id, reservation_code, client_id, room_id, guest_name, guest_email, guest_phone, checkin_date, checkout_date, total, status, created_at) VALUES (1402, 'R-C1663CA5', 1142, 1011, 'David Torres', 'david.torres2878@yahoo.com', '5548692427', '2024-02-26', '2024-03-03', 7200, 'facturada', NOW());
INSERT INTO reservation_services (reservation_id, service_id, quantity, unit_price, added_at, service_date) VALUES (1402, 1002, 2, 250, '2024-03-02 10:00:00', '2024-03-02');
INSERT INTO reservation_services (reservation_id, service_id, quantity, unit_price, added_at, service_date) VALUES (1402, 1004, 3, 400, '2024-02-27 10:00:00', '2024-02-27');
INSERT INTO reservation_services (reservation_id, service_id, quantity, unit_price, added_at, service_date) VALUES (1402, 1001, 1, 600, '2024-02-27 10:00:00', '2024-02-27');
INSERT INTO reservation_services (reservation_id, service_id, quantity, unit_price, added_at, service_date) VALUES (1402, 1003, 1, 1500, '2024-03-02 10:00:00', '2024-03-02');
INSERT INTO reservation_services (reservation_id, service_id, quantity, unit_price, added_at, service_date) VALUES (1402, 1000, 3, 800, '2024-02-29 10:00:00', '2024-02-29');
INSERT INTO invoices (invoice_code, reservation_id, total, method, invoice_date, created_at) VALUES ('I-4F4A2A3C', 1402, 13400, 'tarjeta', '2024-03-03', NOW());
INSERT INTO reservations (reservation_id, reservation_code, client_id, room_id, guest_name, guest_email, guest_phone, checkin_date, checkout_date, total, status, created_at) VALUES (1403, 'R-C7F2856F', 1191, 1025, 'Jose Lopez', 'jose.lopez7262@yahoo.com', '5539465437', '2024-11-20', '2024-11-21', 1200, 'facturada', NOW());
INSERT INTO reservation_services (reservation_id, service_id, quantity, unit_price, added_at, service_date) VALUES (1403, 1003, 2, 1500, '2024-11-20 10:00:00', '2024-11-20');
INSERT INTO reservation_services (reservation_id, service_id, quantity, unit_price, added_at, service_date) VALUES (1403, 1003, 1, 1500, '2024-11-20 10:00:00', '2024-11-20');
INSERT INTO reservation_services (reservation_id, service_id, quantity, unit_price, added_at, service_date) VALUES (1403, 1002, 1, 250, '2024-11-20 10:00:00', '2024-11-20');
INSERT INTO invoices (invoice_code, reservation_id, total, method, invoice_date, created_at) VALUES ('I-EB1C4B83', 1403, 5950, 'efectivo', '2024-11-21', NOW());
INSERT INTO reservations (reservation_id, reservation_code, client_id, room_id, guest_name, guest_email, guest_phone, checkin_date, checkout_date, total, status, created_at) VALUES (1404, 'R-FA1D7F55', 1005, 1024, 'Miguel Rivera', 'miguel.rivera9606@hotmail.com', '5596583302', '2024-02-17', '2024-02-22', 11000, 'facturada', NOW());
INSERT INTO invoices (invoice_code, reservation_id, total, method, invoice_date, created_at) VALUES ('I-1F16D757', 1404, 11000, 'tarjeta', '2024-02-22', NOW());
INSERT INTO reservations (reservation_id, reservation_code, client_id, room_id, guest_name, guest_email, guest_phone, checkin_date, checkout_date, total, status, created_at) VALUES (1405, 'R-15FE9750', 1099, 1011, 'Lucia Diaz', 'lucia.diaz7714@hotel.com', '5563934372', '2024-02-02', '2024-02-04', 2400, 'facturada', NOW());
INSERT INTO invoices (invoice_code, reservation_id, total, method, invoice_date, created_at) VALUES ('I-EAD7A2BA', 1405, 2400, 'tarjeta', '2024-02-04', NOW());
INSERT INTO reservations (reservation_id, reservation_code, client_id, room_id, guest_name, guest_email, guest_phone, checkin_date, checkout_date, total, status, created_at) VALUES (1406, 'R-9510496F', 1198, 1009, 'Marta Rodriguez', 'marta.rodriguez3488@outlook.com', '5541919785', '2024-12-23', '2024-12-26', 3600, 'facturada', NOW());
INSERT INTO reservation_services (reservation_id, service_id, quantity, unit_price, added_at, service_date) VALUES (1406, 1005, 3, 500, '2024-12-24 10:00:00', '2024-12-24');
INSERT INTO reservation_services (reservation_id, service_id, quantity, unit_price, added_at, service_date) VALUES (1406, 1005, 1, 500, '2024-12-23 10:00:00', '2024-12-23');
INSERT INTO reservation_services (reservation_id, service_id, quantity, unit_price, added_at, service_date) VALUES (1406, 1006, 3, 150, '2024-12-24 10:00:00', '2024-12-24');
INSERT INTO reservation_services (reservation_id, service_id, quantity, unit_price, added_at, service_date) VALUES (1406, 1003, 3, 1500, '2024-12-24 10:00:00', '2024-12-24');
INSERT INTO reservation_services (reservation_id, service_id, quantity, unit_price, added_at, service_date) VALUES (1406, 1000, 2, 800, '2024-12-24 10:00:00', '2024-12-24');
INSERT INTO invoices (invoice_code, reservation_id, total, method, invoice_date, created_at) VALUES ('I-D0C0CD43', 1406, 12150, 'tarjeta', '2024-12-26', NOW());
INSERT INTO reservations (reservation_id, reservation_code, client_id, room_id, guest_name, guest_email, guest_phone, checkin_date, checkout_date, total, status, created_at) VALUES (1407, 'R-D81446C0', 1028, 1023, 'Carmen Rodriguez', 'carmen.rodriguez5978@hotmail.com', '5569684362', '2024-09-12', '2024-09-13', 4500, 'facturada', NOW());
INSERT INTO reservation_services (reservation_id, service_id, quantity, unit_price, added_at, service_date) VALUES (1407, 1004, 1, 400, '2024-09-12 10:00:00', '2024-09-12');
INSERT INTO invoices (invoice_code, reservation_id, total, method, invoice_date, created_at) VALUES ('I-0D56E061', 1407, 4900, 'transferencia', '2024-09-13', NOW());
INSERT INTO reservations (reservation_id, reservation_code, client_id, room_id, guest_name, guest_email, guest_phone, checkin_date, checkout_date, total, status, created_at) VALUES (1408, 'R-3EB5042A', 1044, 1044, 'Elena Hernandez', 'elena.hernandez3495@gmail.com', '5538236407', '2024-11-09', '2024-11-10', 1200, 'facturada', NOW());
INSERT INTO reservation_services (reservation_id, service_id, quantity, unit_price, added_at, service_date) VALUES (1408, 1006, 1, 150, '2024-11-09 10:00:00', '2024-11-09');
INSERT INTO invoices (invoice_code, reservation_id, total, method, invoice_date, created_at) VALUES ('I-497D44BB', 1408, 1350, 'efectivo', '2024-11-10', NOW());
INSERT INTO reservations (reservation_id, reservation_code, client_id, room_id, guest_name, guest_email, guest_phone, checkin_date, checkout_date, total, status, created_at) VALUES (1409, 'R-590ADEF3', 1085, 1029, 'Lucia Rodriguez', 'lucia.rodriguez5755@outlook.com', '5567186484', '2025-05-18', '2025-05-23', 11000, 'facturada', NOW());
INSERT INTO invoices (invoice_code, reservation_id, total, method, invoice_date, created_at) VALUES ('I-CD97EE75', 1409, 11000, 'efectivo', '2025-05-23', NOW());
INSERT INTO reservations (reservation_id, reservation_code, client_id, room_id, guest_name, guest_email, guest_phone, checkin_date, checkout_date, total, status, created_at) VALUES (1410, 'R-A21BC0F6', 1000, 1011, 'Maria Rodriguez', 'maria.rodriguez5126@yahoo.com', '5561243544', '2024-04-19', '2024-04-22', 3600, 'checkout', NOW());
INSERT INTO reservation_services (reservation_id, service_id, quantity, unit_price, added_at, service_date) VALUES (1410, 1002, 2, 250, '2024-04-20 10:00:00', '2024-04-20');
INSERT INTO reservation_services (reservation_id, service_id, quantity, unit_price, added_at, service_date) VALUES (1410, 1000, 2, 800, '2024-04-20 10:00:00', '2024-04-20');
INSERT INTO reservation_services (reservation_id, service_id, quantity, unit_price, added_at, service_date) VALUES (1410, 1005, 1, 500, '2024-04-19 10:00:00', '2024-04-19');
INSERT INTO reservations (reservation_id, reservation_code, client_id, room_id, guest_name, guest_email, guest_phone, checkin_date, checkout_date, total, status, created_at) VALUES (1411, 'R-6693C6AF', 1041, 1013, 'Roberto Rodriguez', 'roberto.rodriguez5348@hotel.com', '5591935243', '2024-04-30', '2024-05-02', 4400, 'checkout', NOW());
INSERT INTO reservation_services (reservation_id, service_id, quantity, unit_price, added_at, service_date) VALUES (1411, 1004, 2, 400, '2024-05-01 10:00:00', '2024-05-01');
INSERT INTO reservations (reservation_id, reservation_code, client_id, room_id, guest_name, guest_email, guest_phone, checkin_date, checkout_date, total, status, created_at) VALUES (1412, 'R-9F09D9FE', 1170, 1037, 'David Torres', 'david.torres8388@yahoo.com', '5516598125', '2025-03-27', '2025-04-03', 15400, 'facturada', NOW());
INSERT INTO invoices (invoice_code, reservation_id, total, method, invoice_date, created_at) VALUES ('I-7A5B8146', 1412, 15400, 'tarjeta', '2025-04-03', NOW());
INSERT INTO reservations (reservation_id, reservation_code, client_id, room_id, guest_name, guest_email, guest_phone, checkin_date, checkout_date, total, status, created_at) VALUES (1413, 'R-40A2CB8F', 1049, 1025, 'Roberto Gonzalez', 'roberto.gonzalez9093@yahoo.com', '5534734891', '2025-05-15', '2025-05-17', 2400, 'facturada', NOW());
INSERT INTO reservation_services (reservation_id, service_id, quantity, unit_price, added_at, service_date) VALUES (1413, 1002, 3, 250, '2025-05-15 10:00:00', '2025-05-15');
INSERT INTO reservation_services (reservation_id, service_id, quantity, unit_price, added_at, service_date) VALUES (1413, 1001, 2, 600, '2025-05-16 10:00:00', '2025-05-16');
INSERT INTO reservation_services (reservation_id, service_id, quantity, unit_price, added_at, service_date) VALUES (1413, 1002, 1, 250, '2025-05-15 10:00:00', '2025-05-15');
INSERT INTO reservation_services (reservation_id, service_id, quantity, unit_price, added_at, service_date) VALUES (1413, 1004, 3, 400, '2025-05-15 10:00:00', '2025-05-15');
INSERT INTO invoices (invoice_code, reservation_id, total, method, invoice_date, created_at) VALUES ('I-24D22BED', 1413, 5800, 'tarjeta', '2025-05-17', NOW());
INSERT INTO reservations (reservation_id, reservation_code, client_id, room_id, guest_name, guest_email, guest_phone, checkin_date, checkout_date, total, status, created_at) VALUES (1414, 'R-95A456ED', 1142, 1045, 'David Torres', 'david.torres2878@yahoo.com', '5554668271', '2024-07-31', '2024-08-05', 22500, 'facturada', NOW());
INSERT INTO reservation_services (reservation_id, service_id, quantity, unit_price, added_at, service_date) VALUES (1414, 1002, 3, 250, '2024-08-04 10:00:00', '2024-08-04');
INSERT INTO reservation_services (reservation_id, service_id, quantity, unit_price, added_at, service_date) VALUES (1414, 1001, 1, 600, '2024-08-01 10:00:00', '2024-08-01');
INSERT INTO reservation_services (reservation_id, service_id, quantity, unit_price, added_at, service_date) VALUES (1414, 1005, 1, 500, '2024-08-04 10:00:00', '2024-08-04');
INSERT INTO invoices (invoice_code, reservation_id, total, method, invoice_date, created_at) VALUES ('I-AF659EB2', 1414, 24350, 'tarjeta', '2024-08-05', NOW());
INSERT INTO reservations (reservation_id, reservation_code, client_id, room_id, guest_name, guest_email, guest_phone, checkin_date, checkout_date, total, status, created_at) VALUES (1415, 'R-17F99F49', 1121, 1039, 'Elena Sanchez', 'elena.sanchez6290@yahoo.com', '5556411220', '2024-03-16', '2024-03-18', 2400, 'facturada', NOW());
INSERT INTO reservation_services (reservation_id, service_id, quantity, unit_price, added_at, service_date) VALUES (1415, 1002, 2, 250, '2024-03-17 10:00:00', '2024-03-17');
INSERT INTO reservation_services (reservation_id, service_id, quantity, unit_price, added_at, service_date) VALUES (1415, 1006, 2, 150, '2024-03-17 10:00:00', '2024-03-17');
INSERT INTO invoices (invoice_code, reservation_id, total, method, invoice_date, created_at) VALUES ('I-85E369B5', 1415, 3200, 'efectivo', '2024-03-18', NOW());
INSERT INTO reservations (reservation_id, reservation_code, client_id, room_id, guest_name, guest_email, guest_phone, checkin_date, checkout_date, total, status, created_at) VALUES (1416, 'R-397C99BB', 1152, 1022, 'Marta Rodriguez', 'marta.rodriguez5994@outlook.com', '5530960312', '2024-03-03', '2024-03-09', 13200, 'facturada', NOW());
INSERT INTO reservation_services (reservation_id, service_id, quantity, unit_price, added_at, service_date) VALUES (1416, 1005, 1, 500, '2024-03-08 10:00:00', '2024-03-08');
INSERT INTO reservation_services (reservation_id, service_id, quantity, unit_price, added_at, service_date) VALUES (1416, 1003, 1, 1500, '2024-03-04 10:00:00', '2024-03-04');
INSERT INTO reservation_services (reservation_id, service_id, quantity, unit_price, added_at, service_date) VALUES (1416, 1000, 3, 800, '2024-03-08 10:00:00', '2024-03-08');
INSERT INTO reservation_services (reservation_id, service_id, quantity, unit_price, added_at, service_date) VALUES (1416, 1003, 3, 1500, '2024-03-04 10:00:00', '2024-03-04');
INSERT INTO reservation_services (reservation_id, service_id, quantity, unit_price, added_at, service_date) VALUES (1416, 1001, 2, 600, '2024-03-03 10:00:00', '2024-03-03');
INSERT INTO invoices (invoice_code, reservation_id, total, method, invoice_date, created_at) VALUES ('I-14637C64', 1416, 23300, 'tarjeta', '2024-03-09', NOW());
INSERT INTO reservations (reservation_id, reservation_code, client_id, room_id, guest_name, guest_email, guest_phone, checkin_date, checkout_date, total, status, created_at) VALUES (1417, 'R-569A7E7D', 1015, 1030, 'Jorge Gonzalez', 'jorge.gonzalez1124@hotmail.com', '5584204377', '2024-12-13', '2024-12-15', 9000, 'facturada', NOW());
INSERT INTO reservation_services (reservation_id, service_id, quantity, unit_price, added_at, service_date) VALUES (1417, 1003, 2, 1500, '2024-12-13 10:00:00', '2024-12-13');
INSERT INTO reservation_services (reservation_id, service_id, quantity, unit_price, added_at, service_date) VALUES (1417, 1005, 3, 500, '2024-12-13 10:00:00', '2024-12-13');
INSERT INTO reservation_services (reservation_id, service_id, quantity, unit_price, added_at, service_date) VALUES (1417, 1000, 2, 800, '2024-12-14 10:00:00', '2024-12-14');
INSERT INTO reservation_services (reservation_id, service_id, quantity, unit_price, added_at, service_date) VALUES (1417, 1005, 2, 500, '2024-12-13 10:00:00', '2024-12-13');
INSERT INTO invoices (invoice_code, reservation_id, total, method, invoice_date, created_at) VALUES ('I-5C10B7F4', 1417, 16100, 'tarjeta', '2024-12-15', NOW());
INSERT INTO reservations (reservation_id, reservation_code, client_id, room_id, guest_name, guest_email, guest_phone, checkin_date, checkout_date, total, status, created_at) VALUES (1418, 'R-12A74A86', 1149, 1030, 'Pedro Gonzalez', 'pedro.gonzalez1596@gmail.com', '5568019486', '2025-05-25', '2025-05-30', 22500, 'facturada', NOW());
INSERT INTO reservation_services (reservation_id, service_id, quantity, unit_price, added_at, service_date) VALUES (1418, 1003, 2, 1500, '2025-05-26 10:00:00', '2025-05-26');
INSERT INTO reservation_services (reservation_id, service_id, quantity, unit_price, added_at, service_date) VALUES (1418, 1006, 1, 150, '2025-05-26 10:00:00', '2025-05-26');
INSERT INTO invoices (invoice_code, reservation_id, total, method, invoice_date, created_at) VALUES ('I-83E494CF', 1418, 25650, 'tarjeta', '2025-05-30', NOW());
INSERT INTO reservations (reservation_id, reservation_code, client_id, room_id, guest_name, guest_email, guest_phone, checkin_date, checkout_date, total, status, created_at) VALUES (1419, 'R-1FC0BAB0', 1119, 1028, 'Lucia Hernandez', 'lucia.hernandez1432@gmail.com', '5572871910', '2025-05-28', '2025-05-31', 3600, 'facturada', NOW());
INSERT INTO reservation_services (reservation_id, service_id, quantity, unit_price, added_at, service_date) VALUES (1419, 1002, 1, 250, '2025-05-29 10:00:00', '2025-05-29');
INSERT INTO reservation_services (reservation_id, service_id, quantity, unit_price, added_at, service_date) VALUES (1419, 1002, 2, 250, '2025-05-30 10:00:00', '2025-05-30');
INSERT INTO reservation_services (reservation_id, service_id, quantity, unit_price, added_at, service_date) VALUES (1419, 1001, 3, 600, '2025-05-30 10:00:00', '2025-05-30');
INSERT INTO reservation_services (reservation_id, service_id, quantity, unit_price, added_at, service_date) VALUES (1419, 1004, 1, 400, '2025-05-30 10:00:00', '2025-05-30');
INSERT INTO reservation_services (reservation_id, service_id, quantity, unit_price, added_at, service_date) VALUES (1419, 1000, 2, 800, '2025-05-29 10:00:00', '2025-05-29');
INSERT INTO invoices (invoice_code, reservation_id, total, method, invoice_date, created_at) VALUES ('I-350E6110', 1419, 8150, 'transferencia', '2025-05-31', NOW());
INSERT INTO reservations (reservation_id, reservation_code, client_id, room_id, guest_name, guest_email, guest_phone, checkin_date, checkout_date, total, status, created_at) VALUES (1420, 'R-065F8981', 1104, 1017, 'Luis Perez', 'luis.perez1352@hotmail.com', '5519324910', '2025-04-16', '2025-04-22', 27000, 'facturada', NOW());
INSERT INTO invoices (invoice_code, reservation_id, total, method, invoice_date, created_at) VALUES ('I-307D8752', 1420, 27000, 'efectivo', '2025-04-22', NOW());
INSERT INTO reservations (reservation_id, reservation_code, client_id, room_id, guest_name, guest_email, guest_phone, checkin_date, checkout_date, total, status, created_at) VALUES (1421, 'R-1463CBA8', 1026, 1008, 'Sofia Rodriguez', 'miguel.gonzalez88@yahoo.com', '5528185756', '2024-05-13', '2024-05-16', 3600, 'facturada', NOW());
INSERT INTO reservation_services (reservation_id, service_id, quantity, unit_price, added_at, service_date) VALUES (1421, 1001, 2, 600, '2024-05-15 10:00:00', '2024-05-15');
INSERT INTO invoices (invoice_code, reservation_id, total, method, invoice_date, created_at) VALUES ('I-B7DEC014', 1421, 4800, 'transferencia', '2024-05-16', NOW());
INSERT INTO reservations (reservation_id, reservation_code, client_id, room_id, guest_name, guest_email, guest_phone, checkin_date, checkout_date, total, status, created_at) VALUES (1422, 'R-B5825AC9', 1189, 1021, 'Isabel Lopez', 'isabel.lopez2618@gmail.com', '5591155655', '2024-09-13', '2024-09-20', 31500, 'facturada', NOW());
INSERT INTO reservation_services (reservation_id, service_id, quantity, unit_price, added_at, service_date) VALUES (1422, 1003, 1, 1500, '2024-09-19 10:00:00', '2024-09-19');
INSERT INTO reservation_services (reservation_id, service_id, quantity, unit_price, added_at, service_date) VALUES (1422, 1005, 3, 500, '2024-09-16 10:00:00', '2024-09-16');
INSERT INTO reservation_services (reservation_id, service_id, quantity, unit_price, added_at, service_date) VALUES (1422, 1004, 3, 400, '2024-09-15 10:00:00', '2024-09-15');
INSERT INTO reservation_services (reservation_id, service_id, quantity, unit_price, added_at, service_date) VALUES (1422, 1001, 2, 600, '2024-09-18 10:00:00', '2024-09-18');
INSERT INTO invoices (invoice_code, reservation_id, total, method, invoice_date, created_at) VALUES ('I-66352EF1', 1422, 36900, 'tarjeta', '2024-09-20', NOW());
INSERT INTO reservations (reservation_id, reservation_code, client_id, room_id, guest_name, guest_email, guest_phone, checkin_date, checkout_date, total, status, created_at) VALUES (1423, 'R-67AAF0F4', 1159, 1013, 'Maria Garcia', 'maria.garcia8277@gmail.com', '5537862203', '2025-01-09', '2025-01-15', 13200, 'facturada', NOW());
INSERT INTO reservation_services (reservation_id, service_id, quantity, unit_price, added_at, service_date) VALUES (1423, 1004, 1, 400, '2025-01-12 10:00:00', '2025-01-12');
INSERT INTO invoices (invoice_code, reservation_id, total, method, invoice_date, created_at) VALUES ('I-D2AEB134', 1423, 13600, 'efectivo', '2025-01-15', NOW());
INSERT INTO reservations (reservation_id, reservation_code, client_id, room_id, guest_name, guest_email, guest_phone, checkin_date, checkout_date, total, status, created_at) VALUES (1424, 'R-B2B3BE0E', 1119, 1000, 'Lucia Hernandez', 'lucia.hernandez1432@gmail.com', '5574164275', '2024-01-08', '2024-01-11', 13500, 'facturada', NOW());
INSERT INTO invoices (invoice_code, reservation_id, total, method, invoice_date, created_at) VALUES ('I-0172290F', 1424, 13500, 'efectivo', '2024-01-11', NOW());
INSERT INTO reservations (reservation_id, reservation_code, client_id, room_id, guest_name, guest_email, guest_phone, checkin_date, checkout_date, total, status, created_at) VALUES (1425, 'R-0706C25B', 1115, 1040, 'David Hernandez', 'david.hernandez6292@yahoo.com', '5513096396', '2024-07-19', '2024-07-22', 3600, 'checkout', NOW());
INSERT INTO reservation_services (reservation_id, service_id, quantity, unit_price, added_at, service_date) VALUES (1425, 1003, 3, 1500, '2024-07-21 10:00:00', '2024-07-21');
INSERT INTO reservation_services (reservation_id, service_id, quantity, unit_price, added_at, service_date) VALUES (1425, 1002, 3, 250, '2024-07-20 10:00:00', '2024-07-20');
INSERT INTO reservation_services (reservation_id, service_id, quantity, unit_price, added_at, service_date) VALUES (1425, 1003, 3, 1500, '2024-07-21 10:00:00', '2024-07-21');
INSERT INTO reservations (reservation_id, reservation_code, client_id, room_id, guest_name, guest_email, guest_phone, checkin_date, checkout_date, total, status, created_at) VALUES (1426, 'R-4F9E86AD', 1026, 1030, 'Sofia Rodriguez', 'miguel.gonzalez88@yahoo.com', '5551245758', '2024-09-01', '2024-09-04', 13500, 'facturada', NOW());
INSERT INTO reservation_services (reservation_id, service_id, quantity, unit_price, added_at, service_date) VALUES (1426, 1002, 1, 250, '2024-09-01 10:00:00', '2024-09-01');
INSERT INTO reservation_services (reservation_id, service_id, quantity, unit_price, added_at, service_date) VALUES (1426, 1004, 2, 400, '2024-09-03 10:00:00', '2024-09-03');
INSERT INTO reservation_services (reservation_id, service_id, quantity, unit_price, added_at, service_date) VALUES (1426, 1001, 3, 600, '2024-09-02 10:00:00', '2024-09-02');
INSERT INTO invoices (invoice_code, reservation_id, total, method, invoice_date, created_at) VALUES ('I-F3B85E05', 1426, 16350, 'tarjeta', '2024-09-04', NOW());
INSERT INTO reservations (reservation_id, reservation_code, client_id, room_id, guest_name, guest_email, guest_phone, checkin_date, checkout_date, total, status, created_at) VALUES (1427, 'R-B33939C7', 1015, 1043, 'Jorge Gonzalez', 'jorge.gonzalez1124@hotmail.com', '5547713627', '2025-03-22', '2025-03-24', 9000, 'checkout', NOW());
INSERT INTO reservation_services (reservation_id, service_id, quantity, unit_price, added_at, service_date) VALUES (1427, 1000, 1, 800, '2025-03-23 10:00:00', '2025-03-23');
INSERT INTO reservations (reservation_id, reservation_code, client_id, room_id, guest_name, guest_email, guest_phone, checkin_date, checkout_date, total, status, created_at) VALUES (1428, 'R-6F24247A', 1015, 1032, 'Jorge Gonzalez', 'jorge.gonzalez1124@hotmail.com', '5550515106', '2024-09-20', '2024-09-27', 31500, 'checkout', NOW());
INSERT INTO reservations (reservation_id, reservation_code, client_id, room_id, guest_name, guest_email, guest_phone, checkin_date, checkout_date, total, status, created_at) VALUES (1429, 'R-43E48873', 1156, 1018, 'Ana Garcia', 'ana.garcia4944@hotmail.com', '5532480195', '2024-02-23', '2024-02-27', 8800, 'checkout', NOW());
INSERT INTO reservations (reservation_id, reservation_code, client_id, room_id, guest_name, guest_email, guest_phone, checkin_date, checkout_date, total, status, created_at) VALUES (1430, 'R-56870089', 1151, 1026, 'Sofia Torres', 'sofia.torres9119@gmail.com', '5532864874', '2025-02-12', '2025-02-14', 4400, 'facturada', NOW());
INSERT INTO reservation_services (reservation_id, service_id, quantity, unit_price, added_at, service_date) VALUES (1430, 1003, 2, 1500, '2025-02-13 10:00:00', '2025-02-13');
INSERT INTO reservation_services (reservation_id, service_id, quantity, unit_price, added_at, service_date) VALUES (1430, 1004, 1, 400, '2025-02-13 10:00:00', '2025-02-13');
INSERT INTO reservation_services (reservation_id, service_id, quantity, unit_price, added_at, service_date) VALUES (1430, 1003, 1, 1500, '2025-02-13 10:00:00', '2025-02-13');
INSERT INTO invoices (invoice_code, reservation_id, total, method, invoice_date, created_at) VALUES ('I-02CF99C3', 1430, 9300, 'tarjeta', '2025-02-14', NOW());
INSERT INTO reservations (reservation_id, reservation_code, client_id, room_id, guest_name, guest_email, guest_phone, checkin_date, checkout_date, total, status, created_at) VALUES (1431, 'R-101A9682', 1099, 1045, 'Lucia Diaz', 'lucia.diaz7714@hotel.com', '5569817576', '2024-04-09', '2024-04-16', 31500, 'facturada', NOW());
INSERT INTO reservation_services (reservation_id, service_id, quantity, unit_price, added_at, service_date) VALUES (1431, 1005, 1, 500, '2024-04-11 10:00:00', '2024-04-11');
INSERT INTO invoices (invoice_code, reservation_id, total, method, invoice_date, created_at) VALUES ('I-4F315BF5', 1431, 32000, 'transferencia', '2024-04-16', NOW());
INSERT INTO reservations (reservation_id, reservation_code, client_id, room_id, guest_name, guest_email, guest_phone, checkin_date, checkout_date, total, status, created_at) VALUES (1432, 'R-D3150CA0', 1106, 1049, 'Marta Gonzalez', 'marta.gonzalez6241@yahoo.com', '5576701245', '2024-04-19', '2024-04-26', 31500, 'checkout', NOW());
INSERT INTO reservation_services (reservation_id, service_id, quantity, unit_price, added_at, service_date) VALUES (1432, 1006, 1, 150, '2024-04-22 10:00:00', '2024-04-22');
INSERT INTO reservations (reservation_id, reservation_code, client_id, room_id, guest_name, guest_email, guest_phone, checkin_date, checkout_date, total, status, created_at) VALUES (1433, 'R-72668F41', 1151, 1027, 'Sofia Torres', 'sofia.torres9119@gmail.com', '5522323118', '2025-02-25', '2025-02-26', 1200, 'facturada', NOW());
INSERT INTO reservation_services (reservation_id, service_id, quantity, unit_price, added_at, service_date) VALUES (1433, 1002, 2, 250, '2025-02-25 10:00:00', '2025-02-25');
INSERT INTO invoices (invoice_code, reservation_id, total, method, invoice_date, created_at) VALUES ('I-49CBD054', 1433, 1700, 'transferencia', '2025-02-26', NOW());
INSERT INTO reservations (reservation_id, reservation_code, client_id, room_id, guest_name, guest_email, guest_phone, checkin_date, checkout_date, total, status, created_at) VALUES (1434, 'R-C720FDA5', 1098, 1009, 'Lucia Torres', 'lucia.torres4008@hotel.com', '5595122929', '2024-03-09', '2024-03-16', 8400, 'facturada', NOW());
INSERT INTO reservation_services (reservation_id, service_id, quantity, unit_price, added_at, service_date) VALUES (1434, 1003, 1, 1500, '2024-03-12 10:00:00', '2024-03-12');
INSERT INTO reservation_services (reservation_id, service_id, quantity, unit_price, added_at, service_date) VALUES (1434, 1006, 1, 150, '2024-03-11 10:00:00', '2024-03-11');
INSERT INTO reservation_services (reservation_id, service_id, quantity, unit_price, added_at, service_date) VALUES (1434, 1002, 1, 250, '2024-03-15 10:00:00', '2024-03-15');
INSERT INTO reservation_services (reservation_id, service_id, quantity, unit_price, added_at, service_date) VALUES (1434, 1005, 2, 500, '2024-03-09 10:00:00', '2024-03-09');
INSERT INTO reservation_services (reservation_id, service_id, quantity, unit_price, added_at, service_date) VALUES (1434, 1001, 2, 600, '2024-03-15 10:00:00', '2024-03-15');
INSERT INTO invoices (invoice_code, reservation_id, total, method, invoice_date, created_at) VALUES ('I-75BA3D13', 1434, 12500, 'efectivo', '2024-03-16', NOW());
INSERT INTO reservations (reservation_id, reservation_code, client_id, room_id, guest_name, guest_email, guest_phone, checkin_date, checkout_date, total, status, created_at) VALUES (1435, 'R-BB1125CB', 1195, 1042, 'Maria Martinez', 'maria.martinez9198@hotmail.com', '5574916272', '2024-02-14', '2024-02-19', 22500, 'cancelada', NOW());
INSERT INTO reservations (reservation_id, reservation_code, client_id, room_id, guest_name, guest_email, guest_phone, checkin_date, checkout_date, total, status, created_at) VALUES (1436, 'R-CE6C43C5', 1052, 1042, 'Fernando Lopez', 'fernando.lopez2188@outlook.com', '5576319398', '2024-04-12', '2024-04-18', 27000, 'facturada', NOW());
INSERT INTO reservation_services (reservation_id, service_id, quantity, unit_price, added_at, service_date) VALUES (1436, 1005, 2, 500, '2024-04-13 10:00:00', '2024-04-13');
INSERT INTO reservation_services (reservation_id, service_id, quantity, unit_price, added_at, service_date) VALUES (1436, 1002, 2, 250, '2024-04-14 10:00:00', '2024-04-14');
INSERT INTO invoices (invoice_code, reservation_id, total, method, invoice_date, created_at) VALUES ('I-7D19C8AC', 1436, 28500, 'transferencia', '2024-04-18', NOW());
INSERT INTO reservations (reservation_id, reservation_code, client_id, room_id, guest_name, guest_email, guest_phone, checkin_date, checkout_date, total, status, created_at) VALUES (1437, 'R-FCF7CA9E', 1015, 1014, 'Jorge Gonzalez', 'jorge.gonzalez1124@hotmail.com', '5543081301', '2024-06-07', '2024-06-13', 13200, 'checkout', NOW());
INSERT INTO reservation_services (reservation_id, service_id, quantity, unit_price, added_at, service_date) VALUES (1437, 1004, 2, 400, '2024-06-08 10:00:00', '2024-06-08');
INSERT INTO reservations (reservation_id, reservation_code, client_id, room_id, guest_name, guest_email, guest_phone, checkin_date, checkout_date, total, status, created_at) VALUES (1438, 'R-DDCC5A41', 1155, 1048, 'Carlos Reyes', 'carlos.reyes8837@outlook.com', '5529024809', '2024-02-22', '2024-02-29', 8400, 'facturada', NOW());
INSERT INTO reservation_services (reservation_id, service_id, quantity, unit_price, added_at, service_date) VALUES (1438, 1005, 3, 500, '2024-02-26 10:00:00', '2024-02-26');
INSERT INTO reservation_services (reservation_id, service_id, quantity, unit_price, added_at, service_date) VALUES (1438, 1003, 3, 1500, '2024-02-26 10:00:00', '2024-02-26');
INSERT INTO reservation_services (reservation_id, service_id, quantity, unit_price, added_at, service_date) VALUES (1438, 1001, 2, 600, '2024-02-28 10:00:00', '2024-02-28');
INSERT INTO reservation_services (reservation_id, service_id, quantity, unit_price, added_at, service_date) VALUES (1438, 1005, 3, 500, '2024-02-26 10:00:00', '2024-02-26');
INSERT INTO invoices (invoice_code, reservation_id, total, method, invoice_date, created_at) VALUES ('I-36484B83', 1438, 17100, 'transferencia', '2024-02-29', NOW());
INSERT INTO reservations (reservation_id, reservation_code, client_id, room_id, guest_name, guest_email, guest_phone, checkin_date, checkout_date, total, status, created_at) VALUES (1439, 'R-5775DEDF', 1115, 1020, 'David Hernandez', 'david.hernandez6292@yahoo.com', '5580735044', '2024-10-21', '2024-10-24', 13500, 'facturada', NOW());
INSERT INTO reservation_services (reservation_id, service_id, quantity, unit_price, added_at, service_date) VALUES (1439, 1001, 2, 600, '2024-10-22 10:00:00', '2024-10-22');
INSERT INTO reservation_services (reservation_id, service_id, quantity, unit_price, added_at, service_date) VALUES (1439, 1001, 1, 600, '2024-10-23 10:00:00', '2024-10-23');
INSERT INTO reservation_services (reservation_id, service_id, quantity, unit_price, added_at, service_date) VALUES (1439, 1006, 1, 150, '2024-10-22 10:00:00', '2024-10-22');
INSERT INTO reservation_services (reservation_id, service_id, quantity, unit_price, added_at, service_date) VALUES (1439, 1002, 2, 250, '2024-10-21 10:00:00', '2024-10-21');
INSERT INTO invoices (invoice_code, reservation_id, total, method, invoice_date, created_at) VALUES ('I-A31E05ED', 1439, 15950, 'efectivo', '2024-10-24', NOW());
INSERT INTO reservations (reservation_id, reservation_code, client_id, room_id, guest_name, guest_email, guest_phone, checkin_date, checkout_date, total, status, created_at) VALUES (1440, 'R-DC846E93', 1032, 1027, 'Maria Sanchez', 'maria.sanchez5978@outlook.com', '5597896778', '2024-03-21', '2024-03-27', 7200, 'cancelada', NOW());
INSERT INTO reservations (reservation_id, reservation_code, client_id, room_id, guest_name, guest_email, guest_phone, checkin_date, checkout_date, total, status, created_at) VALUES (1441, 'R-2917FDBA', 1162, 1031, 'Roberto Rivera', 'roberto.rivera1638@gmail.com', '5578192567', '2025-04-16', '2025-04-17', 4500, 'facturada', NOW());
INSERT INTO reservation_services (reservation_id, service_id, quantity, unit_price, added_at, service_date) VALUES (1441, 1001, 2, 600, '2025-04-16 10:00:00', '2025-04-16');
INSERT INTO invoices (invoice_code, reservation_id, total, method, invoice_date, created_at) VALUES ('I-E007F396', 1441, 5700, 'efectivo', '2025-04-17', NOW());
INSERT INTO reservations (reservation_id, reservation_code, client_id, room_id, guest_name, guest_email, guest_phone, checkin_date, checkout_date, total, status, created_at) VALUES (1442, 'R-B206D7A7', 1190, 1044, 'Luis Garcia', 'luis.garcia8584@hotmail.com', '5525951278', '2024-04-21', '2024-04-28', 8400, 'facturada', NOW());
INSERT INTO reservation_services (reservation_id, service_id, quantity, unit_price, added_at, service_date) VALUES (1442, 1004, 3, 400, '2024-04-26 10:00:00', '2024-04-26');
INSERT INTO reservation_services (reservation_id, service_id, quantity, unit_price, added_at, service_date) VALUES (1442, 1001, 1, 600, '2024-04-21 10:00:00', '2024-04-21');
INSERT INTO reservation_services (reservation_id, service_id, quantity, unit_price, added_at, service_date) VALUES (1442, 1000, 1, 800, '2024-04-23 10:00:00', '2024-04-23');
INSERT INTO reservation_services (reservation_id, service_id, quantity, unit_price, added_at, service_date) VALUES (1442, 1006, 1, 150, '2024-04-25 10:00:00', '2024-04-25');
INSERT INTO invoices (invoice_code, reservation_id, total, method, invoice_date, created_at) VALUES ('I-35DF7F52', 1442, 11150, 'tarjeta', '2024-04-28', NOW());
INSERT INTO reservations (reservation_id, reservation_code, client_id, room_id, guest_name, guest_email, guest_phone, checkin_date, checkout_date, total, status, created_at) VALUES (1443, 'R-5B939560', 1183, 1003, 'Elena Gonzalez', 'elena.gonzalez9149@gmail.com', '5597608215', '2025-03-29', '2025-04-02', 8800, 'facturada', NOW());
INSERT INTO reservation_services (reservation_id, service_id, quantity, unit_price, added_at, service_date) VALUES (1443, 1004, 3, 400, '2025-03-29 10:00:00', '2025-03-29');
INSERT INTO invoices (invoice_code, reservation_id, total, method, invoice_date, created_at) VALUES ('I-157833BB', 1443, 10000, 'transferencia', '2025-04-02', NOW());
INSERT INTO reservations (reservation_id, reservation_code, client_id, room_id, guest_name, guest_email, guest_phone, checkin_date, checkout_date, total, status, created_at) VALUES (1444, 'R-9CED9D7D', 1199, 1002, 'Isabel Ramirez', 'isabel.ramirez9999@hotel.com', '5577624093', '2025-01-20', '2025-01-24', 8800, 'facturada', NOW());
INSERT INTO reservation_services (reservation_id, service_id, quantity, unit_price, added_at, service_date) VALUES (1444, 1000, 2, 800, '2025-01-23 10:00:00', '2025-01-23');
INSERT INTO invoices (invoice_code, reservation_id, total, method, invoice_date, created_at) VALUES ('I-F820E386', 1444, 10400, 'efectivo', '2025-01-24', NOW());
INSERT INTO reservations (reservation_id, reservation_code, client_id, room_id, guest_name, guest_email, guest_phone, checkin_date, checkout_date, total, status, created_at) VALUES (1445, 'R-524DECE1', 1065, 1008, 'Jorge Perez', 'jorge.perez8385@outlook.com', '5515780085', '2024-11-16', '2024-11-20', 4800, 'facturada', NOW());
INSERT INTO reservation_services (reservation_id, service_id, quantity, unit_price, added_at, service_date) VALUES (1445, 1006, 1, 150, '2024-11-19 10:00:00', '2024-11-19');
INSERT INTO reservation_services (reservation_id, service_id, quantity, unit_price, added_at, service_date) VALUES (1445, 1003, 1, 1500, '2024-11-19 10:00:00', '2024-11-19');
INSERT INTO invoices (invoice_code, reservation_id, total, method, invoice_date, created_at) VALUES ('I-BF5C933E', 1445, 6450, 'tarjeta', '2024-11-20', NOW());
INSERT INTO reservations (reservation_id, reservation_code, client_id, room_id, guest_name, guest_email, guest_phone, checkin_date, checkout_date, total, status, created_at) VALUES (1446, 'R-A6E6215D', 1082, 1016, 'Ana Torres', 'ana.torres7266@yahoo.com', '5588550343', '2024-12-05', '2024-12-07', 4400, 'facturada', NOW());
INSERT INTO reservation_services (reservation_id, service_id, quantity, unit_price, added_at, service_date) VALUES (1446, 1000, 2, 800, '2024-12-06 10:00:00', '2024-12-06');
INSERT INTO reservation_services (reservation_id, service_id, quantity, unit_price, added_at, service_date) VALUES (1446, 1004, 3, 400, '2024-12-06 10:00:00', '2024-12-06');
INSERT INTO reservation_services (reservation_id, service_id, quantity, unit_price, added_at, service_date) VALUES (1446, 1000, 1, 800, '2024-12-05 10:00:00', '2024-12-05');
INSERT INTO reservation_services (reservation_id, service_id, quantity, unit_price, added_at, service_date) VALUES (1446, 1000, 1, 800, '2024-12-06 10:00:00', '2024-12-06');
INSERT INTO reservation_services (reservation_id, service_id, quantity, unit_price, added_at, service_date) VALUES (1446, 1001, 2, 600, '2024-12-06 10:00:00', '2024-12-06');
INSERT INTO invoices (invoice_code, reservation_id, total, method, invoice_date, created_at) VALUES ('I-02C7A225', 1446, 10000, 'tarjeta', '2024-12-07', NOW());
INSERT INTO reservations (reservation_id, reservation_code, client_id, room_id, guest_name, guest_email, guest_phone, checkin_date, checkout_date, total, status, created_at) VALUES (1447, 'R-C7C7C563', 1021, 1017, 'Paula Sanchez', 'paula.sanchez6826@yahoo.com', '5556053374', '2024-09-04', '2024-09-06', 9000, 'facturada', NOW());
INSERT INTO reservation_services (reservation_id, service_id, quantity, unit_price, added_at, service_date) VALUES (1447, 1004, 1, 400, '2024-09-05 10:00:00', '2024-09-05');
INSERT INTO reservation_services (reservation_id, service_id, quantity, unit_price, added_at, service_date) VALUES (1447, 1003, 3, 1500, '2024-09-04 10:00:00', '2024-09-04');
INSERT INTO invoices (invoice_code, reservation_id, total, method, invoice_date, created_at) VALUES ('I-771D39EE', 1447, 13900, 'transferencia', '2024-09-06', NOW());
INSERT INTO reservations (reservation_id, reservation_code, client_id, room_id, guest_name, guest_email, guest_phone, checkin_date, checkout_date, total, status, created_at) VALUES (1448, 'R-38ACECDA', 1195, 1031, 'Maria Martinez', 'maria.martinez9198@hotmail.com', '5527979241', '2024-07-28', '2024-08-02', 22500, 'cancelada', NOW());
INSERT INTO reservations (reservation_id, reservation_code, client_id, room_id, guest_name, guest_email, guest_phone, checkin_date, checkout_date, total, status, created_at) VALUES (1449, 'R-25E3431E', 1159, 1026, 'Maria Garcia', 'maria.garcia8277@gmail.com', '5546590343', '2024-07-09', '2024-07-11', 4400, 'facturada', NOW());
INSERT INTO reservation_services (reservation_id, service_id, quantity, unit_price, added_at, service_date) VALUES (1449, 1001, 3, 600, '2024-07-10 10:00:00', '2024-07-10');
INSERT INTO reservation_services (reservation_id, service_id, quantity, unit_price, added_at, service_date) VALUES (1449, 1003, 2, 1500, '2024-07-10 10:00:00', '2024-07-10');
INSERT INTO reservation_services (reservation_id, service_id, quantity, unit_price, added_at, service_date) VALUES (1449, 1000, 1, 800, '2024-07-09 10:00:00', '2024-07-09');
INSERT INTO reservation_services (reservation_id, service_id, quantity, unit_price, added_at, service_date) VALUES (1449, 1006, 1, 150, '2024-07-09 10:00:00', '2024-07-09');
INSERT INTO invoices (invoice_code, reservation_id, total, method, invoice_date, created_at) VALUES ('I-F2537215', 1449, 10150, 'efectivo', '2024-07-11', NOW());
INSERT INTO reservations (reservation_id, reservation_code, client_id, room_id, guest_name, guest_email, guest_phone, checkin_date, checkout_date, total, status, created_at) VALUES (1450, 'R-30C086BA', 1153, 1005, 'Fernando Hernandez', 'fernando.hernandez3798@hotmail.com', '5575218431', '2024-05-25', '2024-05-28', 3600, 'facturada', NOW());
INSERT INTO invoices (invoice_code, reservation_id, total, method, invoice_date, created_at) VALUES ('I-DF2497CA', 1450, 3600, 'tarjeta', '2024-05-28', NOW());
INSERT INTO reservations (reservation_id, reservation_code, client_id, room_id, guest_name, guest_email, guest_phone, checkin_date, checkout_date, total, status, created_at) VALUES (1451, 'R-A7AC9DD6', 1191, 1020, 'Jose Lopez', 'jose.lopez7262@yahoo.com', '5527956095', '2024-05-12', '2024-05-18', 27000, 'checkout', NOW());
INSERT INTO reservation_services (reservation_id, service_id, quantity, unit_price, added_at, service_date) VALUES (1451, 1000, 2, 800, '2024-05-14 10:00:00', '2024-05-14');
INSERT INTO reservation_services (reservation_id, service_id, quantity, unit_price, added_at, service_date) VALUES (1451, 1001, 1, 600, '2024-05-13 10:00:00', '2024-05-13');
INSERT INTO reservation_services (reservation_id, service_id, quantity, unit_price, added_at, service_date) VALUES (1451, 1000, 2, 800, '2024-05-12 10:00:00', '2024-05-12');
INSERT INTO reservation_services (reservation_id, service_id, quantity, unit_price, added_at, service_date) VALUES (1451, 1005, 2, 500, '2024-05-12 10:00:00', '2024-05-12');
INSERT INTO reservation_services (reservation_id, service_id, quantity, unit_price, added_at, service_date) VALUES (1451, 1004, 2, 400, '2024-05-16 10:00:00', '2024-05-16');
INSERT INTO reservations (reservation_id, reservation_code, client_id, room_id, guest_name, guest_email, guest_phone, checkin_date, checkout_date, total, status, created_at) VALUES (1452, 'R-8A9E0DBB', 1066, 1020, 'Lucia Reyes', 'lucia.reyes8438@hotel.com', '5510592827', '2024-07-19', '2024-07-23', 18000, 'facturada', NOW());
INSERT INTO reservation_services (reservation_id, service_id, quantity, unit_price, added_at, service_date) VALUES (1452, 1004, 1, 400, '2024-07-19 10:00:00', '2024-07-19');
INSERT INTO invoices (invoice_code, reservation_id, total, method, invoice_date, created_at) VALUES ('I-579A2110', 1452, 18400, 'tarjeta', '2024-07-23', NOW());
INSERT INTO reservations (reservation_id, reservation_code, client_id, room_id, guest_name, guest_email, guest_phone, checkin_date, checkout_date, total, status, created_at) VALUES (1453, 'R-40B613C2', 1015, 1047, 'Jorge Gonzalez', 'jorge.gonzalez1124@hotmail.com', '5580196479', '2024-02-20', '2024-02-26', 13200, 'facturada', NOW());
INSERT INTO reservation_services (reservation_id, service_id, quantity, unit_price, added_at, service_date) VALUES (1453, 1001, 2, 600, '2024-02-23 10:00:00', '2024-02-23');
INSERT INTO reservation_services (reservation_id, service_id, quantity, unit_price, added_at, service_date) VALUES (1453, 1002, 2, 250, '2024-02-22 10:00:00', '2024-02-22');
INSERT INTO reservation_services (reservation_id, service_id, quantity, unit_price, added_at, service_date) VALUES (1453, 1004, 3, 400, '2024-02-22 10:00:00', '2024-02-22');
INSERT INTO reservation_services (reservation_id, service_id, quantity, unit_price, added_at, service_date) VALUES (1453, 1004, 2, 400, '2024-02-24 10:00:00', '2024-02-24');
INSERT INTO invoices (invoice_code, reservation_id, total, method, invoice_date, created_at) VALUES ('I-6DEAC416', 1453, 16900, 'tarjeta', '2024-02-26', NOW());
INSERT INTO reservations (reservation_id, reservation_code, client_id, room_id, guest_name, guest_email, guest_phone, checkin_date, checkout_date, total, status, created_at) VALUES (1454, 'R-AB8E3CD5', 1194, 1001, 'Roberto Hernandez', 'roberto.hernandez3860@gmail.com', '5565421793', '2024-05-02', '2024-05-03', 4500, 'facturada', NOW());
INSERT INTO invoices (invoice_code, reservation_id, total, method, invoice_date, created_at) VALUES ('I-803F90BE', 1454, 4500, 'efectivo', '2024-05-03', NOW());
INSERT INTO reservations (reservation_id, reservation_code, client_id, room_id, guest_name, guest_email, guest_phone, checkin_date, checkout_date, total, status, created_at) VALUES (1455, 'R-A94C8FA7', 1042, 1037, 'Fernando Diaz', 'juan.gomez35@gmail.com', '5548601419', '2024-04-18', '2024-04-25', 15400, 'checkout', NOW());
INSERT INTO reservations (reservation_id, reservation_code, client_id, room_id, guest_name, guest_email, guest_phone, checkin_date, checkout_date, total, status, created_at) VALUES (1456, 'R-E666D90C', 1054, 1012, 'Lucia Sanchez', 'lucia.sanchez7379@outlook.com', '5552559845', '2025-01-19', '2025-01-26', 8400, 'checkout', NOW());
INSERT INTO reservation_services (reservation_id, service_id, quantity, unit_price, added_at, service_date) VALUES (1456, 1006, 2, 150, '2025-01-23 10:00:00', '2025-01-23');
INSERT INTO reservations (reservation_id, reservation_code, client_id, room_id, guest_name, guest_email, guest_phone, checkin_date, checkout_date, total, status, created_at) VALUES (1457, 'R-18848327', 1155, 1030, 'Carlos Reyes', 'carlos.reyes8837@outlook.com', '5573657099', '2024-02-20', '2024-02-23', 13500, 'facturada', NOW());
INSERT INTO invoices (invoice_code, reservation_id, total, method, invoice_date, created_at) VALUES ('I-D4A5163F', 1457, 13500, 'tarjeta', '2024-02-23', NOW());
INSERT INTO reservations (reservation_id, reservation_code, client_id, room_id, guest_name, guest_email, guest_phone, checkin_date, checkout_date, total, status, created_at) VALUES (1458, 'R-7C0CE103', 1078, 1039, 'Paula Rivera', 'paula.rivera9759@gmail.com', '5538747541', '2024-10-14', '2024-10-16', 2400, 'facturada', NOW());
INSERT INTO reservation_services (reservation_id, service_id, quantity, unit_price, added_at, service_date) VALUES (1458, 1006, 1, 150, '2024-10-14 10:00:00', '2024-10-14');
INSERT INTO reservation_services (reservation_id, service_id, quantity, unit_price, added_at, service_date) VALUES (1458, 1000, 2, 800, '2024-10-14 10:00:00', '2024-10-14');
INSERT INTO reservation_services (reservation_id, service_id, quantity, unit_price, added_at, service_date) VALUES (1458, 1003, 1, 1500, '2024-10-15 10:00:00', '2024-10-15');
INSERT INTO reservation_services (reservation_id, service_id, quantity, unit_price, added_at, service_date) VALUES (1458, 1003, 3, 1500, '2024-10-15 10:00:00', '2024-10-15');
INSERT INTO reservation_services (reservation_id, service_id, quantity, unit_price, added_at, service_date) VALUES (1458, 1005, 2, 500, '2024-10-15 10:00:00', '2024-10-15');
INSERT INTO invoices (invoice_code, reservation_id, total, method, invoice_date, created_at) VALUES ('I-D882FF40', 1458, 11150, 'transferencia', '2024-10-16', NOW());
INSERT INTO reservations (reservation_id, reservation_code, client_id, room_id, guest_name, guest_email, guest_phone, checkin_date, checkout_date, total, status, created_at) VALUES (1459, 'R-2B0CE377', 1149, 1048, 'Pedro Gonzalez', 'pedro.gonzalez1596@gmail.com', '5559323003', '2025-05-25', '2025-05-26', 1200, 'facturada', NOW());
INSERT INTO reservation_services (reservation_id, service_id, quantity, unit_price, added_at, service_date) VALUES (1459, 1004, 2, 400, '2025-05-25 10:00:00', '2025-05-25');
INSERT INTO reservation_services (reservation_id, service_id, quantity, unit_price, added_at, service_date) VALUES (1459, 1005, 1, 500, '2025-05-25 10:00:00', '2025-05-25');
INSERT INTO reservation_services (reservation_id, service_id, quantity, unit_price, added_at, service_date) VALUES (1459, 1003, 2, 1500, '2025-05-25 10:00:00', '2025-05-25');
INSERT INTO reservation_services (reservation_id, service_id, quantity, unit_price, added_at, service_date) VALUES (1459, 1003, 1, 1500, '2025-05-25 10:00:00', '2025-05-25');
INSERT INTO reservation_services (reservation_id, service_id, quantity, unit_price, added_at, service_date) VALUES (1459, 1004, 1, 400, '2025-05-25 10:00:00', '2025-05-25');
INSERT INTO invoices (invoice_code, reservation_id, total, method, invoice_date, created_at) VALUES ('I-05C4D079', 1459, 7400, 'efectivo', '2025-05-26', NOW());
INSERT INTO reservations (reservation_id, reservation_code, client_id, room_id, guest_name, guest_email, guest_phone, checkin_date, checkout_date, total, status, created_at) VALUES (1460, 'R-8A57C32A', 1118, 1043, 'Lucia Hernandez', 'lucia.hernandez1343@hotmail.com', '5563239517', '2024-08-17', '2024-08-23', 27000, 'facturada', NOW());
INSERT INTO reservation_services (reservation_id, service_id, quantity, unit_price, added_at, service_date) VALUES (1460, 1004, 2, 400, '2024-08-17 10:00:00', '2024-08-17');
INSERT INTO reservation_services (reservation_id, service_id, quantity, unit_price, added_at, service_date) VALUES (1460, 1001, 3, 600, '2024-08-18 10:00:00', '2024-08-18');
INSERT INTO reservation_services (reservation_id, service_id, quantity, unit_price, added_at, service_date) VALUES (1460, 1004, 2, 400, '2024-08-22 10:00:00', '2024-08-22');
INSERT INTO reservation_services (reservation_id, service_id, quantity, unit_price, added_at, service_date) VALUES (1460, 1003, 1, 1500, '2024-08-19 10:00:00', '2024-08-19');
INSERT INTO reservation_services (reservation_id, service_id, quantity, unit_price, added_at, service_date) VALUES (1460, 1004, 3, 400, '2024-08-21 10:00:00', '2024-08-21');
INSERT INTO invoices (invoice_code, reservation_id, total, method, invoice_date, created_at) VALUES ('I-69E079F2', 1460, 33100, 'transferencia', '2024-08-23', NOW());
INSERT INTO reservations (reservation_id, reservation_code, client_id, room_id, guest_name, guest_email, guest_phone, checkin_date, checkout_date, total, status, created_at) VALUES (1461, 'R-033D0C2B', 1130, 1013, 'Miguel Flores', 'miguel.flores3810@hotmail.com', '5510260350', '2025-03-24', '2025-03-27', 6600, 'facturada', NOW());
INSERT INTO reservation_services (reservation_id, service_id, quantity, unit_price, added_at, service_date) VALUES (1461, 1000, 2, 800, '2025-03-24 10:00:00', '2025-03-24');
INSERT INTO reservation_services (reservation_id, service_id, quantity, unit_price, added_at, service_date) VALUES (1461, 1006, 1, 150, '2025-03-25 10:00:00', '2025-03-25');
INSERT INTO reservation_services (reservation_id, service_id, quantity, unit_price, added_at, service_date) VALUES (1461, 1000, 1, 800, '2025-03-24 10:00:00', '2025-03-24');
INSERT INTO reservation_services (reservation_id, service_id, quantity, unit_price, added_at, service_date) VALUES (1461, 1006, 1, 150, '2025-03-25 10:00:00', '2025-03-25');
INSERT INTO reservation_services (reservation_id, service_id, quantity, unit_price, added_at, service_date) VALUES (1461, 1001, 3, 600, '2025-03-26 10:00:00', '2025-03-26');
INSERT INTO invoices (invoice_code, reservation_id, total, method, invoice_date, created_at) VALUES ('I-231AC77B', 1461, 11100, 'tarjeta', '2025-03-27', NOW());
INSERT INTO reservations (reservation_id, reservation_code, client_id, room_id, guest_name, guest_email, guest_phone, checkin_date, checkout_date, total, status, created_at) VALUES (1462, 'R-8EA3A69D', 1183, 1047, 'Elena Gonzalez', 'elena.gonzalez9149@gmail.com', '5564967439', '2025-03-12', '2025-03-18', 13200, 'facturada', NOW());
INSERT INTO reservation_services (reservation_id, service_id, quantity, unit_price, added_at, service_date) VALUES (1462, 1003, 3, 1500, '2025-03-13 10:00:00', '2025-03-13');
INSERT INTO reservation_services (reservation_id, service_id, quantity, unit_price, added_at, service_date) VALUES (1462, 1000, 2, 800, '2025-03-14 10:00:00', '2025-03-14');
INSERT INTO invoices (invoice_code, reservation_id, total, method, invoice_date, created_at) VALUES ('I-82FBA23E', 1462, 19300, 'efectivo', '2025-03-18', NOW());
INSERT INTO reservations (reservation_id, reservation_code, client_id, room_id, guest_name, guest_email, guest_phone, checkin_date, checkout_date, total, status, created_at) VALUES (1463, 'R-90A3921B', 1168, 1039, 'Sofia Reyes', 'sofia.reyes1846@gmail.com', '5523052349', '2024-02-11', '2024-02-14', 3600, 'facturada', NOW());
INSERT INTO reservation_services (reservation_id, service_id, quantity, unit_price, added_at, service_date) VALUES (1463, 1000, 3, 800, '2024-02-13 10:00:00', '2024-02-13');
INSERT INTO reservation_services (reservation_id, service_id, quantity, unit_price, added_at, service_date) VALUES (1463, 1003, 1, 1500, '2024-02-12 10:00:00', '2024-02-12');
INSERT INTO reservation_services (reservation_id, service_id, quantity, unit_price, added_at, service_date) VALUES (1463, 1002, 1, 250, '2024-02-13 10:00:00', '2024-02-13');
INSERT INTO invoices (invoice_code, reservation_id, total, method, invoice_date, created_at) VALUES ('I-7401925C', 1463, 7750, 'efectivo', '2024-02-14', NOW());
INSERT INTO reservations (reservation_id, reservation_code, client_id, room_id, guest_name, guest_email, guest_phone, checkin_date, checkout_date, total, status, created_at) VALUES (1464, 'R-B639D29C', 1068, 1012, 'Paula Rodriguez', 'paula.rodriguez2379@hotmail.com', '5555212335', '2024-06-02', '2024-06-06', 4800, 'facturada', NOW());
INSERT INTO invoices (invoice_code, reservation_id, total, method, invoice_date, created_at) VALUES ('I-F4A3785C', 1464, 4800, 'tarjeta', '2024-06-06', NOW());
INSERT INTO reservations (reservation_id, reservation_code, client_id, room_id, guest_name, guest_email, guest_phone, checkin_date, checkout_date, total, status, created_at) VALUES (1465, 'R-9DC1FA69', 1165, 1023, 'Fernando Ramirez', 'fernando.ramirez1308@gmail.com', '5576540755', '2024-12-20', '2024-12-25', 22500, 'checkout', NOW());
INSERT INTO reservation_services (reservation_id, service_id, quantity, unit_price, added_at, service_date) VALUES (1465, 1004, 2, 400, '2024-12-20 10:00:00', '2024-12-20');
INSERT INTO reservation_services (reservation_id, service_id, quantity, unit_price, added_at, service_date) VALUES (1465, 1005, 2, 500, '2024-12-20 10:00:00', '2024-12-20');
INSERT INTO reservation_services (reservation_id, service_id, quantity, unit_price, added_at, service_date) VALUES (1465, 1001, 1, 600, '2024-12-23 10:00:00', '2024-12-23');
INSERT INTO reservation_services (reservation_id, service_id, quantity, unit_price, added_at, service_date) VALUES (1465, 1003, 1, 1500, '2024-12-24 10:00:00', '2024-12-24');
INSERT INTO reservation_services (reservation_id, service_id, quantity, unit_price, added_at, service_date) VALUES (1465, 1001, 1, 600, '2024-12-21 10:00:00', '2024-12-21');
INSERT INTO reservations (reservation_id, reservation_code, client_id, room_id, guest_name, guest_email, guest_phone, checkin_date, checkout_date, total, status, created_at) VALUES (1466, 'R-5BFDFCCB', 1111, 1035, 'Pedro Sanchez', 'pedro.sanchez6500@gmail.com', '5521940186', '2024-04-07', '2024-04-08', 1200, 'facturada', NOW());
INSERT INTO reservation_services (reservation_id, service_id, quantity, unit_price, added_at, service_date) VALUES (1466, 1002, 3, 250, '2024-04-07 10:00:00', '2024-04-07');
INSERT INTO reservation_services (reservation_id, service_id, quantity, unit_price, added_at, service_date) VALUES (1466, 1005, 1, 500, '2024-04-07 10:00:00', '2024-04-07');
INSERT INTO reservation_services (reservation_id, service_id, quantity, unit_price, added_at, service_date) VALUES (1466, 1000, 1, 800, '2024-04-07 10:00:00', '2024-04-07');
INSERT INTO reservation_services (reservation_id, service_id, quantity, unit_price, added_at, service_date) VALUES (1466, 1003, 2, 1500, '2024-04-07 10:00:00', '2024-04-07');
INSERT INTO invoices (invoice_code, reservation_id, total, method, invoice_date, created_at) VALUES ('I-FCBA4E80', 1466, 6250, 'tarjeta', '2024-04-08', NOW());
INSERT INTO reservations (reservation_id, reservation_code, client_id, room_id, guest_name, guest_email, guest_phone, checkin_date, checkout_date, total, status, created_at) VALUES (1467, 'R-A074A64E', 1051, 1002, 'Carmen Gomez', 'carmen.gomez7437@yahoo.com', '5561292640', '2024-08-21', '2024-08-28', 15400, 'facturada', NOW());
INSERT INTO reservation_services (reservation_id, service_id, quantity, unit_price, added_at, service_date) VALUES (1467, 1006, 3, 150, '2024-08-27 10:00:00', '2024-08-27');
INSERT INTO reservation_services (reservation_id, service_id, quantity, unit_price, added_at, service_date) VALUES (1467, 1000, 1, 800, '2024-08-21 10:00:00', '2024-08-21');
INSERT INTO reservation_services (reservation_id, service_id, quantity, unit_price, added_at, service_date) VALUES (1467, 1000, 3, 800, '2024-08-25 10:00:00', '2024-08-25');
INSERT INTO reservation_services (reservation_id, service_id, quantity, unit_price, added_at, service_date) VALUES (1467, 1006, 3, 150, '2024-08-25 10:00:00', '2024-08-25');
INSERT INTO reservation_services (reservation_id, service_id, quantity, unit_price, added_at, service_date) VALUES (1467, 1005, 3, 500, '2024-08-21 10:00:00', '2024-08-21');
INSERT INTO invoices (invoice_code, reservation_id, total, method, invoice_date, created_at) VALUES ('I-D320E2BF', 1467, 21000, 'transferencia', '2024-08-28', NOW());
INSERT INTO reservations (reservation_id, reservation_code, client_id, room_id, guest_name, guest_email, guest_phone, checkin_date, checkout_date, total, status, created_at) VALUES (1468, 'R-62D4ADFE', 1174, 1011, 'Roberto Perez', 'roberto.perez1093@hotmail.com', '5581092666', '2024-02-19', '2024-02-26', 8400, 'facturada', NOW());
INSERT INTO reservation_services (reservation_id, service_id, quantity, unit_price, added_at, service_date) VALUES (1468, 1002, 3, 250, '2024-02-22 10:00:00', '2024-02-22');
INSERT INTO reservation_services (reservation_id, service_id, quantity, unit_price, added_at, service_date) VALUES (1468, 1002, 1, 250, '2024-02-25 10:00:00', '2024-02-25');
INSERT INTO reservation_services (reservation_id, service_id, quantity, unit_price, added_at, service_date) VALUES (1468, 1002, 3, 250, '2024-02-23 10:00:00', '2024-02-23');
INSERT INTO invoices (invoice_code, reservation_id, total, method, invoice_date, created_at) VALUES ('I-AB5D916F', 1468, 10150, 'transferencia', '2024-02-26', NOW());
INSERT INTO reservations (reservation_id, reservation_code, client_id, room_id, guest_name, guest_email, guest_phone, checkin_date, checkout_date, total, status, created_at) VALUES (1469, 'R-A6899413', 1011, 1027, 'Jose Garcia', 'jose.garcia3447@outlook.com', '5552895237', '2024-09-15', '2024-09-20', 6000, 'facturada', NOW());
INSERT INTO reservation_services (reservation_id, service_id, quantity, unit_price, added_at, service_date) VALUES (1469, 1004, 3, 400, '2024-09-15 10:00:00', '2024-09-15');
INSERT INTO invoices (invoice_code, reservation_id, total, method, invoice_date, created_at) VALUES ('I-CB55309C', 1469, 7200, 'transferencia', '2024-09-20', NOW());
INSERT INTO reservations (reservation_id, reservation_code, client_id, room_id, guest_name, guest_email, guest_phone, checkin_date, checkout_date, total, status, created_at) VALUES (1470, 'R-7D74208E', 1019, 1005, 'Roberto Perez', 'ana.perez24@gmail.com', '5530630099', '2024-02-26', '2024-02-27', 1200, 'facturada', NOW());
INSERT INTO reservation_services (reservation_id, service_id, quantity, unit_price, added_at, service_date) VALUES (1470, 1004, 1, 400, '2024-02-26 10:00:00', '2024-02-26');
INSERT INTO reservation_services (reservation_id, service_id, quantity, unit_price, added_at, service_date) VALUES (1470, 1003, 1, 1500, '2024-02-26 10:00:00', '2024-02-26');
INSERT INTO reservation_services (reservation_id, service_id, quantity, unit_price, added_at, service_date) VALUES (1470, 1003, 1, 1500, '2024-02-26 10:00:00', '2024-02-26');
INSERT INTO invoices (invoice_code, reservation_id, total, method, invoice_date, created_at) VALUES ('I-A3491B4A', 1470, 4600, 'transferencia', '2024-02-27', NOW());
INSERT INTO reservations (reservation_id, reservation_code, client_id, room_id, guest_name, guest_email, guest_phone, checkin_date, checkout_date, total, status, created_at) VALUES (1471, 'R-E8258A3A', 1107, 1023, 'Maria Gomez', 'maria.gomez7977@outlook.com', '5573088455', '2024-09-05', '2024-09-06', 4500, 'facturada', NOW());
INSERT INTO reservation_services (reservation_id, service_id, quantity, unit_price, added_at, service_date) VALUES (1471, 1002, 2, 250, '2024-09-05 10:00:00', '2024-09-05');
INSERT INTO reservation_services (reservation_id, service_id, quantity, unit_price, added_at, service_date) VALUES (1471, 1002, 3, 250, '2024-09-05 10:00:00', '2024-09-05');
INSERT INTO invoices (invoice_code, reservation_id, total, method, invoice_date, created_at) VALUES ('I-AD873024', 1471, 5750, 'transferencia', '2024-09-06', NOW());
INSERT INTO reservations (reservation_id, reservation_code, client_id, room_id, guest_name, guest_email, guest_phone, checkin_date, checkout_date, total, status, created_at) VALUES (1472, 'R-F0804EC3', 1153, 1006, 'Fernando Hernandez', 'fernando.hernandez3798@hotmail.com', '5516369193', '2024-08-31', '2024-09-03', 3600, 'facturada', NOW());
INSERT INTO reservation_services (reservation_id, service_id, quantity, unit_price, added_at, service_date) VALUES (1472, 1003, 2, 1500, '2024-08-31 10:00:00', '2024-08-31');
INSERT INTO reservation_services (reservation_id, service_id, quantity, unit_price, added_at, service_date) VALUES (1472, 1002, 3, 250, '2024-08-31 10:00:00', '2024-08-31');
INSERT INTO reservation_services (reservation_id, service_id, quantity, unit_price, added_at, service_date) VALUES (1472, 1002, 1, 250, '2024-09-02 10:00:00', '2024-09-02');
INSERT INTO reservation_services (reservation_id, service_id, quantity, unit_price, added_at, service_date) VALUES (1472, 1006, 2, 150, '2024-08-31 10:00:00', '2024-08-31');
INSERT INTO reservation_services (reservation_id, service_id, quantity, unit_price, added_at, service_date) VALUES (1472, 1004, 2, 400, '2024-08-31 10:00:00', '2024-08-31');
INSERT INTO invoices (invoice_code, reservation_id, total, method, invoice_date, created_at) VALUES ('I-A0DEC88E', 1472, 8700, 'transferencia', '2024-09-03', NOW());
INSERT INTO reservations (reservation_id, reservation_code, client_id, room_id, guest_name, guest_email, guest_phone, checkin_date, checkout_date, total, status, created_at) VALUES (1473, 'R-4C098C3E', 1085, 1041, 'Lucia Rodriguez', 'lucia.rodriguez5755@outlook.com', '5595926289', '2025-03-23', '2025-03-27', 8800, 'facturada', NOW());
INSERT INTO invoices (invoice_code, reservation_id, total, method, invoice_date, created_at) VALUES ('I-B5709012', 1473, 8800, 'tarjeta', '2025-03-27', NOW());
INSERT INTO reservations (reservation_id, reservation_code, client_id, room_id, guest_name, guest_email, guest_phone, checkin_date, checkout_date, total, status, created_at) VALUES (1474, 'R-19721755', 1143, 1007, 'Roberto Ramirez', 'roberto.ramirez5669@yahoo.com', '5565291976', '2025-05-20', '2025-05-26', 13200, 'facturada', NOW());
INSERT INTO invoices (invoice_code, reservation_id, total, method, invoice_date, created_at) VALUES ('I-5F582DD9', 1474, 13200, 'transferencia', '2025-05-26', NOW());
INSERT INTO reservations (reservation_id, reservation_code, client_id, room_id, guest_name, guest_email, guest_phone, checkin_date, checkout_date, total, status, created_at) VALUES (1475, 'R-5FAEB9FA', 1042, 1027, 'Fernando Diaz', 'juan.gomez35@gmail.com', '5587394870', '2024-06-08', '2024-06-11', 3600, 'facturada', NOW());
INSERT INTO reservation_services (reservation_id, service_id, quantity, unit_price, added_at, service_date) VALUES (1475, 1003, 1, 1500, '2024-06-10 10:00:00', '2024-06-10');
INSERT INTO reservation_services (reservation_id, service_id, quantity, unit_price, added_at, service_date) VALUES (1475, 1000, 3, 800, '2024-06-10 10:00:00', '2024-06-10');
INSERT INTO invoices (invoice_code, reservation_id, total, method, invoice_date, created_at) VALUES ('I-E7865A1F', 1475, 7500, 'tarjeta', '2024-06-11', NOW());
INSERT INTO reservations (reservation_id, reservation_code, client_id, room_id, guest_name, guest_email, guest_phone, checkin_date, checkout_date, total, status, created_at) VALUES (1476, 'R-8B902808', 1025, 1022, 'Maria Rodriguez', 'maria.rodriguez9029@outlook.com', '5579951757', '2024-08-11', '2024-08-17', 13200, 'facturada', NOW());
INSERT INTO reservation_services (reservation_id, service_id, quantity, unit_price, added_at, service_date) VALUES (1476, 1005, 1, 500, '2024-08-15 10:00:00', '2024-08-15');
INSERT INTO reservation_services (reservation_id, service_id, quantity, unit_price, added_at, service_date) VALUES (1476, 1006, 2, 150, '2024-08-14 10:00:00', '2024-08-14');
INSERT INTO reservation_services (reservation_id, service_id, quantity, unit_price, added_at, service_date) VALUES (1476, 1005, 2, 500, '2024-08-11 10:00:00', '2024-08-11');
INSERT INTO invoices (invoice_code, reservation_id, total, method, invoice_date, created_at) VALUES ('I-3B84F011', 1476, 15000, 'tarjeta', '2024-08-17', NOW());
INSERT INTO reservations (reservation_id, reservation_code, client_id, room_id, guest_name, guest_email, guest_phone, checkin_date, checkout_date, total, status, created_at) VALUES (1477, 'R-C0100D71', 1118, 1004, 'Lucia Hernandez', 'lucia.hernandez1343@hotmail.com', '5530086785', '2024-10-08', '2024-10-12', 8800, 'facturada', NOW());
INSERT INTO reservation_services (reservation_id, service_id, quantity, unit_price, added_at, service_date) VALUES (1477, 1000, 3, 800, '2024-10-10 10:00:00', '2024-10-10');
INSERT INTO reservation_services (reservation_id, service_id, quantity, unit_price, added_at, service_date) VALUES (1477, 1005, 2, 500, '2024-10-08 10:00:00', '2024-10-08');
INSERT INTO invoices (invoice_code, reservation_id, total, method, invoice_date, created_at) VALUES ('I-1C2726F2', 1477, 12200, 'transferencia', '2024-10-12', NOW());
INSERT INTO reservations (reservation_id, reservation_code, client_id, room_id, guest_name, guest_email, guest_phone, checkin_date, checkout_date, total, status, created_at) VALUES (1478, 'R-79D41B1F', 1111, 1037, 'Pedro Sanchez', 'pedro.sanchez6500@gmail.com', '5558186087', '2024-08-03', '2024-08-10', 15400, 'facturada', NOW());
INSERT INTO reservation_services (reservation_id, service_id, quantity, unit_price, added_at, service_date) VALUES (1478, 1004, 3, 400, '2024-08-04 10:00:00', '2024-08-04');
INSERT INTO reservation_services (reservation_id, service_id, quantity, unit_price, added_at, service_date) VALUES (1478, 1002, 1, 250, '2024-08-08 10:00:00', '2024-08-08');
INSERT INTO reservation_services (reservation_id, service_id, quantity, unit_price, added_at, service_date) VALUES (1478, 1001, 2, 600, '2024-08-09 10:00:00', '2024-08-09');
INSERT INTO invoices (invoice_code, reservation_id, total, method, invoice_date, created_at) VALUES ('I-1F6D353F', 1478, 18050, 'transferencia', '2024-08-10', NOW());
INSERT INTO reservations (reservation_id, reservation_code, client_id, room_id, guest_name, guest_email, guest_phone, checkin_date, checkout_date, total, status, created_at) VALUES (1479, 'R-C80B9CA5', 1064, 1003, 'Laura Gonzalez', 'laura.gonzalez9005@outlook.com', '5552980564', '2024-09-18', '2024-09-24', 13200, 'checkout', NOW());
INSERT INTO reservation_services (reservation_id, service_id, quantity, unit_price, added_at, service_date) VALUES (1479, 1001, 2, 600, '2024-09-18 10:00:00', '2024-09-18');
INSERT INTO reservation_services (reservation_id, service_id, quantity, unit_price, added_at, service_date) VALUES (1479, 1005, 2, 500, '2024-09-23 10:00:00', '2024-09-23');
INSERT INTO reservation_services (reservation_id, service_id, quantity, unit_price, added_at, service_date) VALUES (1479, 1004, 2, 400, '2024-09-21 10:00:00', '2024-09-21');
INSERT INTO reservations (reservation_id, reservation_code, client_id, room_id, guest_name, guest_email, guest_phone, checkin_date, checkout_date, total, status, created_at) VALUES (1480, 'R-15FF6B00', 1195, 1039, 'Maria Martinez', 'maria.martinez9198@hotmail.com', '5581034187', '2025-05-27', '2025-05-28', 1200, 'facturada', NOW());
INSERT INTO reservation_services (reservation_id, service_id, quantity, unit_price, added_at, service_date) VALUES (1480, 1003, 1, 1500, '2025-05-27 10:00:00', '2025-05-27');
INSERT INTO reservation_services (reservation_id, service_id, quantity, unit_price, added_at, service_date) VALUES (1480, 1002, 2, 250, '2025-05-27 10:00:00', '2025-05-27');
INSERT INTO reservation_services (reservation_id, service_id, quantity, unit_price, added_at, service_date) VALUES (1480, 1003, 1, 1500, '2025-05-27 10:00:00', '2025-05-27');
INSERT INTO invoices (invoice_code, reservation_id, total, method, invoice_date, created_at) VALUES ('I-653FF94D', 1480, 4700, 'tarjeta', '2025-05-28', NOW());
INSERT INTO reservations (reservation_id, reservation_code, client_id, room_id, guest_name, guest_email, guest_phone, checkin_date, checkout_date, total, status, created_at) VALUES (1481, 'R-9CCBC3A7', 1048, 1046, 'Elena Hernandez', 'elena.hernandez2864@hotel.com', '5544192876', '2025-01-22', '2025-01-27', 11000, 'facturada', NOW());
INSERT INTO reservation_services (reservation_id, service_id, quantity, unit_price, added_at, service_date) VALUES (1481, 1001, 2, 600, '2025-01-22 10:00:00', '2025-01-22');
INSERT INTO reservation_services (reservation_id, service_id, quantity, unit_price, added_at, service_date) VALUES (1481, 1002, 1, 250, '2025-01-22 10:00:00', '2025-01-22');
INSERT INTO reservation_services (reservation_id, service_id, quantity, unit_price, added_at, service_date) VALUES (1481, 1003, 2, 1500, '2025-01-24 10:00:00', '2025-01-24');
INSERT INTO reservation_services (reservation_id, service_id, quantity, unit_price, added_at, service_date) VALUES (1481, 1002, 3, 250, '2025-01-24 10:00:00', '2025-01-24');
INSERT INTO invoices (invoice_code, reservation_id, total, method, invoice_date, created_at) VALUES ('I-0B24D0E4', 1481, 16200, 'tarjeta', '2025-01-27', NOW());
INSERT INTO reservations (reservation_id, reservation_code, client_id, room_id, guest_name, guest_email, guest_phone, checkin_date, checkout_date, total, status, created_at) VALUES (1482, 'R-ACF663A9', 1114, 1048, 'Carmen Diaz', 'carmen.diaz8999@hotel.com', '5566794958', '2024-09-24', '2024-09-27', 3600, 'facturada', NOW());
INSERT INTO invoices (invoice_code, reservation_id, total, method, invoice_date, created_at) VALUES ('I-8EE5E824', 1482, 3600, 'efectivo', '2024-09-27', NOW());
INSERT INTO reservations (reservation_id, reservation_code, client_id, room_id, guest_name, guest_email, guest_phone, checkin_date, checkout_date, total, status, created_at) VALUES (1483, 'R-E76B2638', 1085, 1021, 'Lucia Rodriguez', 'lucia.rodriguez5755@outlook.com', '5586214812', '2025-03-10', '2025-03-17', 31500, 'checkout', NOW());
INSERT INTO reservation_services (reservation_id, service_id, quantity, unit_price, added_at, service_date) VALUES (1483, 1004, 1, 400, '2025-03-12 10:00:00', '2025-03-12');
INSERT INTO reservation_services (reservation_id, service_id, quantity, unit_price, added_at, service_date) VALUES (1483, 1001, 2, 600, '2025-03-11 10:00:00', '2025-03-11');
INSERT INTO reservations (reservation_id, reservation_code, client_id, room_id, guest_name, guest_email, guest_phone, checkin_date, checkout_date, total, status, created_at) VALUES (1484, 'R-7D17A86A', 1155, 1047, 'Carlos Reyes', 'carlos.reyes8837@outlook.com', '5532648743', '2024-10-21', '2024-10-24', 6600, 'checkout', NOW());
INSERT INTO reservation_services (reservation_id, service_id, quantity, unit_price, added_at, service_date) VALUES (1484, 1000, 2, 800, '2024-10-22 10:00:00', '2024-10-22');
INSERT INTO reservation_services (reservation_id, service_id, quantity, unit_price, added_at, service_date) VALUES (1484, 1006, 3, 150, '2024-10-21 10:00:00', '2024-10-21');
INSERT INTO reservations (reservation_id, reservation_code, client_id, room_id, guest_name, guest_email, guest_phone, checkin_date, checkout_date, total, status, created_at) VALUES (1485, 'R-A34D52C8', 1006, 1009, 'Lucia Rodriguez', 'lucia.rodriguez3808@gmail.com', '5531393427', '2024-04-23', '2024-04-28', 6000, 'facturada', NOW());
INSERT INTO reservation_services (reservation_id, service_id, quantity, unit_price, added_at, service_date) VALUES (1485, 1006, 3, 150, '2024-04-26 10:00:00', '2024-04-26');
INSERT INTO reservation_services (reservation_id, service_id, quantity, unit_price, added_at, service_date) VALUES (1485, 1002, 2, 250, '2024-04-27 10:00:00', '2024-04-27');
INSERT INTO reservation_services (reservation_id, service_id, quantity, unit_price, added_at, service_date) VALUES (1485, 1005, 3, 500, '2024-04-23 10:00:00', '2024-04-23');
INSERT INTO reservation_services (reservation_id, service_id, quantity, unit_price, added_at, service_date) VALUES (1485, 1002, 3, 250, '2024-04-25 10:00:00', '2024-04-25');
INSERT INTO reservation_services (reservation_id, service_id, quantity, unit_price, added_at, service_date) VALUES (1485, 1002, 2, 250, '2024-04-25 10:00:00', '2024-04-25');
INSERT INTO invoices (invoice_code, reservation_id, total, method, invoice_date, created_at) VALUES ('I-82425B4C', 1485, 9700, 'tarjeta', '2024-04-28', NOW());
INSERT INTO reservations (reservation_id, reservation_code, client_id, room_id, guest_name, guest_email, guest_phone, checkin_date, checkout_date, total, status, created_at) VALUES (1486, 'R-2A52F586', 1075, 1007, 'Ana Lopez', 'ana.lopez1903@outlook.com', '5541698336', '2024-09-20', '2024-09-21', 2200, 'facturada', NOW());
INSERT INTO reservation_services (reservation_id, service_id, quantity, unit_price, added_at, service_date) VALUES (1486, 1000, 1, 800, '2024-09-20 10:00:00', '2024-09-20');
INSERT INTO invoices (invoice_code, reservation_id, total, method, invoice_date, created_at) VALUES ('I-4A2F8A93', 1486, 3000, 'efectivo', '2024-09-21', NOW());
INSERT INTO reservations (reservation_id, reservation_code, client_id, room_id, guest_name, guest_email, guest_phone, checkin_date, checkout_date, total, status, created_at) VALUES (1487, 'R-D8436442', 1171, 1010, 'Luis Sanchez', 'luis.sanchez5173@yahoo.com', '5596414519', '2024-10-18', '2024-10-23', 6000, 'facturada', NOW());
INSERT INTO reservation_services (reservation_id, service_id, quantity, unit_price, added_at, service_date) VALUES (1487, 1006, 3, 150, '2024-10-18 10:00:00', '2024-10-18');
INSERT INTO reservation_services (reservation_id, service_id, quantity, unit_price, added_at, service_date) VALUES (1487, 1000, 3, 800, '2024-10-19 10:00:00', '2024-10-19');
INSERT INTO reservation_services (reservation_id, service_id, quantity, unit_price, added_at, service_date) VALUES (1487, 1005, 3, 500, '2024-10-18 10:00:00', '2024-10-18');
INSERT INTO reservation_services (reservation_id, service_id, quantity, unit_price, added_at, service_date) VALUES (1487, 1005, 1, 500, '2024-10-20 10:00:00', '2024-10-20');
INSERT INTO reservation_services (reservation_id, service_id, quantity, unit_price, added_at, service_date) VALUES (1487, 1002, 2, 250, '2024-10-20 10:00:00', '2024-10-20');
INSERT INTO invoices (invoice_code, reservation_id, total, method, invoice_date, created_at) VALUES ('I-679013E5', 1487, 11350, 'transferencia', '2024-10-23', NOW());
INSERT INTO reservations (reservation_id, reservation_code, client_id, room_id, guest_name, guest_email, guest_phone, checkin_date, checkout_date, total, status, created_at) VALUES (1488, 'R-8B2A82A4', 1045, 1047, 'Laura Sanchez', 'laura.sanchez4752@yahoo.com', '5599217379', '2024-12-03', '2024-12-06', 6600, 'facturada', NOW());
INSERT INTO reservation_services (reservation_id, service_id, quantity, unit_price, added_at, service_date) VALUES (1488, 1000, 3, 800, '2024-12-03 10:00:00', '2024-12-03');
INSERT INTO reservation_services (reservation_id, service_id, quantity, unit_price, added_at, service_date) VALUES (1488, 1004, 1, 400, '2024-12-03 10:00:00', '2024-12-03');
INSERT INTO reservation_services (reservation_id, service_id, quantity, unit_price, added_at, service_date) VALUES (1488, 1006, 3, 150, '2024-12-04 10:00:00', '2024-12-04');
INSERT INTO invoices (invoice_code, reservation_id, total, method, invoice_date, created_at) VALUES ('I-679A1CF9', 1488, 9850, 'efectivo', '2024-12-06', NOW());
INSERT INTO reservations (reservation_id, reservation_code, client_id, room_id, guest_name, guest_email, guest_phone, checkin_date, checkout_date, total, status, created_at) VALUES (1489, 'R-E8311636', 1036, 1021, 'Marta Rodriguez', 'marta.rodriguez8707@gmail.com', '5516712834', '2024-12-23', '2024-12-27', 18000, 'checkout', NOW());
INSERT INTO reservation_services (reservation_id, service_id, quantity, unit_price, added_at, service_date) VALUES (1489, 1004, 3, 400, '2024-12-26 10:00:00', '2024-12-26');
INSERT INTO reservation_services (reservation_id, service_id, quantity, unit_price, added_at, service_date) VALUES (1489, 1000, 2, 800, '2024-12-25 10:00:00', '2024-12-25');
INSERT INTO reservations (reservation_id, reservation_code, client_id, room_id, guest_name, guest_email, guest_phone, checkin_date, checkout_date, total, status, created_at) VALUES (1490, 'R-F8DD7EFC', 1144, 1000, 'Paula Garcia', 'paula.garcia6028@hotmail.com', '5524456047', '2024-07-22', '2024-07-24', 9000, 'facturada', NOW());
INSERT INTO reservation_services (reservation_id, service_id, quantity, unit_price, added_at, service_date) VALUES (1490, 1006, 1, 150, '2024-07-23 10:00:00', '2024-07-23');
INSERT INTO reservation_services (reservation_id, service_id, quantity, unit_price, added_at, service_date) VALUES (1490, 1002, 2, 250, '2024-07-22 10:00:00', '2024-07-22');
INSERT INTO reservation_services (reservation_id, service_id, quantity, unit_price, added_at, service_date) VALUES (1490, 1005, 2, 500, '2024-07-23 10:00:00', '2024-07-23');
INSERT INTO reservation_services (reservation_id, service_id, quantity, unit_price, added_at, service_date) VALUES (1490, 1005, 3, 500, '2024-07-23 10:00:00', '2024-07-23');
INSERT INTO invoices (invoice_code, reservation_id, total, method, invoice_date, created_at) VALUES ('I-A7E46714', 1490, 12150, 'efectivo', '2024-07-24', NOW());
INSERT INTO reservations (reservation_id, reservation_code, client_id, room_id, guest_name, guest_email, guest_phone, checkin_date, checkout_date, total, status, created_at) VALUES (1491, 'R-4DDA190A', 1173, 1047, 'Carlos Gomez', 'carlos.gomez8272@gmail.com', '5547854371', '2025-04-29', '2025-05-02', 6600, 'facturada', NOW());
INSERT INTO reservation_services (reservation_id, service_id, quantity, unit_price, added_at, service_date) VALUES (1491, 1000, 1, 800, '2025-05-01 10:00:00', '2025-05-01');
INSERT INTO reservation_services (reservation_id, service_id, quantity, unit_price, added_at, service_date) VALUES (1491, 1004, 1, 400, '2025-04-30 10:00:00', '2025-04-30');
INSERT INTO invoices (invoice_code, reservation_id, total, method, invoice_date, created_at) VALUES ('I-EA98DBC5', 1491, 7800, 'transferencia', '2025-05-02', NOW());
INSERT INTO reservations (reservation_id, reservation_code, client_id, room_id, guest_name, guest_email, guest_phone, checkin_date, checkout_date, total, status, created_at) VALUES (1492, 'R-17AA704C', 1061, 1010, 'Paula Rodriguez', 'paula.rodriguez5011@hotel.com', '5516969106', '2024-09-14', '2024-09-15', 1200, 'cancelada', NOW());
INSERT INTO reservations (reservation_id, reservation_code, client_id, room_id, guest_name, guest_email, guest_phone, checkin_date, checkout_date, total, status, created_at) VALUES (1493, 'R-F4E87E46', 1114, 1024, 'Carmen Diaz', 'carmen.diaz8999@hotel.com', '5593582263', '2024-02-02', '2024-02-03', 2200, 'facturada', NOW());
INSERT INTO reservation_services (reservation_id, service_id, quantity, unit_price, added_at, service_date) VALUES (1493, 1004, 1, 400, '2024-02-02 10:00:00', '2024-02-02');
INSERT INTO invoices (invoice_code, reservation_id, total, method, invoice_date, created_at) VALUES ('I-4E8B5F1D', 1493, 2600, 'efectivo', '2024-02-03', NOW());
INSERT INTO reservations (reservation_id, reservation_code, client_id, room_id, guest_name, guest_email, guest_phone, checkin_date, checkout_date, total, status, created_at) VALUES (1494, 'R-FEC5C1E4', 1185, 1006, 'Laura Gonzalez', 'laura.gonzalez5066@hotel.com', '5597250846', '2024-02-14', '2024-02-17', 3600, 'facturada', NOW());
INSERT INTO reservation_services (reservation_id, service_id, quantity, unit_price, added_at, service_date) VALUES (1494, 1001, 1, 600, '2024-02-16 10:00:00', '2024-02-16');
INSERT INTO reservation_services (reservation_id, service_id, quantity, unit_price, added_at, service_date) VALUES (1494, 1003, 2, 1500, '2024-02-15 10:00:00', '2024-02-15');
INSERT INTO invoices (invoice_code, reservation_id, total, method, invoice_date, created_at) VALUES ('I-86235C1A', 1494, 7200, 'tarjeta', '2024-02-17', NOW());
INSERT INTO reservations (reservation_id, reservation_code, client_id, room_id, guest_name, guest_email, guest_phone, checkin_date, checkout_date, total, status, created_at) VALUES (1495, 'R-DF0BAAA4', 1050, 1045, 'Laura Hernandez', 'laura.hernandez6444@hotmail.com', '5562815149', '2025-05-23', '2025-05-30', 31500, 'facturada', NOW());
INSERT INTO reservation_services (reservation_id, service_id, quantity, unit_price, added_at, service_date) VALUES (1495, 1006, 3, 150, '2025-05-23 10:00:00', '2025-05-23');
INSERT INTO reservation_services (reservation_id, service_id, quantity, unit_price, added_at, service_date) VALUES (1495, 1003, 3, 1500, '2025-05-28 10:00:00', '2025-05-28');
INSERT INTO reservation_services (reservation_id, service_id, quantity, unit_price, added_at, service_date) VALUES (1495, 1001, 2, 600, '2025-05-28 10:00:00', '2025-05-28');
INSERT INTO reservation_services (reservation_id, service_id, quantity, unit_price, added_at, service_date) VALUES (1495, 1003, 1, 1500, '2025-05-25 10:00:00', '2025-05-25');
INSERT INTO invoices (invoice_code, reservation_id, total, method, invoice_date, created_at) VALUES ('I-139DA687', 1495, 39150, 'transferencia', '2025-05-30', NOW());
INSERT INTO reservations (reservation_id, reservation_code, client_id, room_id, guest_name, guest_email, guest_phone, checkin_date, checkout_date, total, status, created_at) VALUES (1496, 'R-967BB14D', 1047, 1040, 'Lucia Perez', 'juan.sanchez348@hotmail.com', '5596689526', '2025-03-22', '2025-03-24', 2400, 'facturada', NOW());
INSERT INTO reservation_services (reservation_id, service_id, quantity, unit_price, added_at, service_date) VALUES (1496, 1003, 1, 1500, '2025-03-22 10:00:00', '2025-03-22');
INSERT INTO reservation_services (reservation_id, service_id, quantity, unit_price, added_at, service_date) VALUES (1496, 1002, 3, 250, '2025-03-23 10:00:00', '2025-03-23');
INSERT INTO reservation_services (reservation_id, service_id, quantity, unit_price, added_at, service_date) VALUES (1496, 1002, 2, 250, '2025-03-22 10:00:00', '2025-03-22');
INSERT INTO reservation_services (reservation_id, service_id, quantity, unit_price, added_at, service_date) VALUES (1496, 1006, 2, 150, '2025-03-23 10:00:00', '2025-03-23');
INSERT INTO reservation_services (reservation_id, service_id, quantity, unit_price, added_at, service_date) VALUES (1496, 1000, 3, 800, '2025-03-23 10:00:00', '2025-03-23');
INSERT INTO invoices (invoice_code, reservation_id, total, method, invoice_date, created_at) VALUES ('I-31CA0CD3', 1496, 7850, 'transferencia', '2025-03-24', NOW());
INSERT INTO reservations (reservation_id, reservation_code, client_id, room_id, guest_name, guest_email, guest_phone, checkin_date, checkout_date, total, status, created_at) VALUES (1497, 'R-0B36E251', 1179, 1008, 'Fernando Hernandez', 'fernando.hernandez7325@outlook.com', '5570527128', '2025-03-22', '2025-03-24', 2400, 'checkout', NOW());
INSERT INTO reservation_services (reservation_id, service_id, quantity, unit_price, added_at, service_date) VALUES (1497, 1002, 3, 250, '2025-03-22 10:00:00', '2025-03-22');
INSERT INTO reservation_services (reservation_id, service_id, quantity, unit_price, added_at, service_date) VALUES (1497, 1002, 3, 250, '2025-03-23 10:00:00', '2025-03-23');
INSERT INTO reservation_services (reservation_id, service_id, quantity, unit_price, added_at, service_date) VALUES (1497, 1003, 3, 1500, '2025-03-22 10:00:00', '2025-03-22');
INSERT INTO reservation_services (reservation_id, service_id, quantity, unit_price, added_at, service_date) VALUES (1497, 1002, 2, 250, '2025-03-22 10:00:00', '2025-03-22');
INSERT INTO reservations (reservation_id, reservation_code, client_id, room_id, guest_name, guest_email, guest_phone, checkin_date, checkout_date, total, status, created_at) VALUES (1498, 'R-A03B44C7', 1064, 1007, 'Laura Gonzalez', 'laura.gonzalez9005@outlook.com', '5583247744', '2024-05-01', '2024-05-06', 11000, 'checkout', NOW());
INSERT INTO reservation_services (reservation_id, service_id, quantity, unit_price, added_at, service_date) VALUES (1498, 1003, 3, 1500, '2024-05-05 10:00:00', '2024-05-05');
INSERT INTO reservation_services (reservation_id, service_id, quantity, unit_price, added_at, service_date) VALUES (1498, 1003, 3, 1500, '2024-05-02 10:00:00', '2024-05-02');
INSERT INTO reservation_services (reservation_id, service_id, quantity, unit_price, added_at, service_date) VALUES (1498, 1001, 3, 600, '2024-05-02 10:00:00', '2024-05-02');
INSERT INTO reservation_services (reservation_id, service_id, quantity, unit_price, added_at, service_date) VALUES (1498, 1002, 2, 250, '2024-05-02 10:00:00', '2024-05-02');
INSERT INTO reservations (reservation_id, reservation_code, client_id, room_id, guest_name, guest_email, guest_phone, checkin_date, checkout_date, total, status, created_at) VALUES (1499, 'R-5E0F3594', 1183, 1004, 'Elena Gonzalez', 'elena.gonzalez9149@gmail.com', '5578234947', '2024-12-14', '2024-12-19', 11000, 'checkout', NOW());
INSERT INTO reservation_services (reservation_id, service_id, quantity, unit_price, added_at, service_date) VALUES (1499, 1001, 1, 600, '2024-12-14 10:00:00', '2024-12-14');
INSERT INTO reservation_services (reservation_id, service_id, quantity, unit_price, added_at, service_date) VALUES (1499, 1003, 1, 1500, '2024-12-17 10:00:00', '2024-12-17');
INSERT INTO reservations (reservation_id, reservation_code, client_id, room_id, guest_name, guest_email, guest_phone, checkin_date, checkout_date, total, status, created_at) VALUES (1500, 'R-5528D906', 1080, 1020, 'Lucia Hernandez', 'lucia.hernandez9843@yahoo.com', '5537707712', '2024-01-26', '2024-01-28', 9000, 'checkout', NOW());
INSERT INTO reservation_services (reservation_id, service_id, quantity, unit_price, added_at, service_date) VALUES (1500, 1006, 3, 150, '2024-01-27 10:00:00', '2024-01-27');
INSERT INTO reservation_services (reservation_id, service_id, quantity, unit_price, added_at, service_date) VALUES (1500, 1003, 2, 1500, '2024-01-27 10:00:00', '2024-01-27');
INSERT INTO reservation_services (reservation_id, service_id, quantity, unit_price, added_at, service_date) VALUES (1500, 1001, 1, 600, '2024-01-26 10:00:00', '2024-01-26');
INSERT INTO reservations (reservation_id, reservation_code, client_id, room_id, guest_name, guest_email, guest_phone, checkin_date, checkout_date, total, status, created_at) VALUES (1501, 'R-FB82A4A3', 1151, 1031, 'Sofia Torres', 'sofia.torres9119@gmail.com', '5575841928', '2025-05-20', '2025-05-22', 9000, 'checkout', NOW());
INSERT INTO reservation_services (reservation_id, service_id, quantity, unit_price, added_at, service_date) VALUES (1501, 1001, 1, 600, '2025-05-21 10:00:00', '2025-05-21');
INSERT INTO reservation_services (reservation_id, service_id, quantity, unit_price, added_at, service_date) VALUES (1501, 1005, 3, 500, '2025-05-21 10:00:00', '2025-05-21');
INSERT INTO reservation_services (reservation_id, service_id, quantity, unit_price, added_at, service_date) VALUES (1501, 1006, 1, 150, '2025-05-20 10:00:00', '2025-05-20');
INSERT INTO reservation_services (reservation_id, service_id, quantity, unit_price, added_at, service_date) VALUES (1501, 1005, 3, 500, '2025-05-20 10:00:00', '2025-05-20');
INSERT INTO reservations (reservation_id, reservation_code, client_id, room_id, guest_name, guest_email, guest_phone, checkin_date, checkout_date, total, status, created_at) VALUES (1502, 'R-CA477026', 1105, 1043, 'Ana Lopez', 'ana.lopez2487@outlook.com', '5599929581', '2024-07-15', '2024-07-18', 13500, 'facturada', NOW());
INSERT INTO invoices (invoice_code, reservation_id, total, method, invoice_date, created_at) VALUES ('I-9F3F20EC', 1502, 13500, 'transferencia', '2024-07-18', NOW());
INSERT INTO reservations (reservation_id, reservation_code, client_id, room_id, guest_name, guest_email, guest_phone, checkin_date, checkout_date, total, status, created_at) VALUES (1503, 'R-45ADCE62', 1156, 1029, 'Ana Garcia', 'ana.garcia4944@hotmail.com', '5540496294', '2024-07-31', '2024-08-07', 15400, 'facturada', NOW());
INSERT INTO reservation_services (reservation_id, service_id, quantity, unit_price, added_at, service_date) VALUES (1503, 1001, 3, 600, '2024-08-06 10:00:00', '2024-08-06');
INSERT INTO reservation_services (reservation_id, service_id, quantity, unit_price, added_at, service_date) VALUES (1503, 1005, 2, 500, '2024-08-06 10:00:00', '2024-08-06');
INSERT INTO reservation_services (reservation_id, service_id, quantity, unit_price, added_at, service_date) VALUES (1503, 1002, 3, 250, '2024-08-03 10:00:00', '2024-08-03');
INSERT INTO reservation_services (reservation_id, service_id, quantity, unit_price, added_at, service_date) VALUES (1503, 1000, 3, 800, '2024-08-06 10:00:00', '2024-08-06');
INSERT INTO invoices (invoice_code, reservation_id, total, method, invoice_date, created_at) VALUES ('I-EA228D59', 1503, 21350, 'transferencia', '2024-08-07', NOW());
INSERT INTO reservations (reservation_id, reservation_code, client_id, room_id, guest_name, guest_email, guest_phone, checkin_date, checkout_date, total, status, created_at) VALUES (1504, 'R-BEACCC51', 1195, 1008, 'Maria Martinez', 'maria.martinez9198@hotmail.com', '5537708129', '2024-06-29', '2024-07-02', 3600, 'facturada', NOW());
INSERT INTO reservation_services (reservation_id, service_id, quantity, unit_price, added_at, service_date) VALUES (1504, 1000, 3, 800, '2024-06-29 10:00:00', '2024-06-29');
INSERT INTO reservation_services (reservation_id, service_id, quantity, unit_price, added_at, service_date) VALUES (1504, 1000, 2, 800, '2024-06-30 10:00:00', '2024-06-30');
INSERT INTO reservation_services (reservation_id, service_id, quantity, unit_price, added_at, service_date) VALUES (1504, 1002, 3, 250, '2024-06-30 10:00:00', '2024-06-30');
INSERT INTO reservation_services (reservation_id, service_id, quantity, unit_price, added_at, service_date) VALUES (1504, 1006, 3, 150, '2024-06-29 10:00:00', '2024-06-29');
INSERT INTO invoices (invoice_code, reservation_id, total, method, invoice_date, created_at) VALUES ('I-26625980', 1504, 8800, 'efectivo', '2024-07-02', NOW());
INSERT INTO reservations (reservation_id, reservation_code, client_id, room_id, guest_name, guest_email, guest_phone, checkin_date, checkout_date, total, status, created_at) VALUES (1505, 'R-1BA2091D', 1089, 1028, 'Maria Hernandez', 'maria.hernandez7471@gmail.com', '5516228628', '2025-02-27', '2025-03-03', 4800, 'cancelada', NOW());
INSERT INTO reservations (reservation_id, reservation_code, client_id, room_id, guest_name, guest_email, guest_phone, checkin_date, checkout_date, total, status, created_at) VALUES (1506, 'R-6849A44E', 1039, 1000, 'David Gonzalez', 'david.gonzalez6512@outlook.com', '5564892898', '2024-06-04', '2024-06-07', 13500, 'checkout', NOW());
INSERT INTO reservation_services (reservation_id, service_id, quantity, unit_price, added_at, service_date) VALUES (1506, 1005, 2, 500, '2024-06-05 10:00:00', '2024-06-05');
INSERT INTO reservations (reservation_id, reservation_code, client_id, room_id, guest_name, guest_email, guest_phone, checkin_date, checkout_date, total, status, created_at) VALUES (1507, 'R-1E03BB3B', 1061, 1034, 'Paula Rodriguez', 'paula.rodriguez5011@hotel.com', '5529796545', '2025-02-04', '2025-02-06', 4400, 'facturada', NOW());
INSERT INTO reservation_services (reservation_id, service_id, quantity, unit_price, added_at, service_date) VALUES (1507, 1003, 1, 1500, '2025-02-05 10:00:00', '2025-02-05');
INSERT INTO invoices (invoice_code, reservation_id, total, method, invoice_date, created_at) VALUES ('I-060D4AA2', 1507, 5900, 'tarjeta', '2025-02-06', NOW());
INSERT INTO reservations (reservation_id, reservation_code, client_id, room_id, guest_name, guest_email, guest_phone, checkin_date, checkout_date, total, status, created_at) VALUES (1508, 'R-9A9E8765', 1185, 1019, 'Laura Gonzalez', 'laura.gonzalez5066@hotel.com', '5512078856', '2024-11-23', '2024-11-30', 15400, 'facturada', NOW());
INSERT INTO invoices (invoice_code, reservation_id, total, method, invoice_date, created_at) VALUES ('I-7EC0B036', 1508, 15400, 'transferencia', '2024-11-30', NOW());
INSERT INTO reservations (reservation_id, reservation_code, client_id, room_id, guest_name, guest_email, guest_phone, checkin_date, checkout_date, total, status, created_at) VALUES (1509, 'R-021EBAA3', 1003, 1042, 'Isabel Martinez', 'isabel.martinez1244@gmail.com', '5572102046', '2024-05-20', '2024-05-23', 13500, 'facturada', NOW());
INSERT INTO reservation_services (reservation_id, service_id, quantity, unit_price, added_at, service_date) VALUES (1509, 1003, 3, 1500, '2024-05-22 10:00:00', '2024-05-22');
INSERT INTO reservation_services (reservation_id, service_id, quantity, unit_price, added_at, service_date) VALUES (1509, 1005, 3, 500, '2024-05-21 10:00:00', '2024-05-21');
INSERT INTO reservation_services (reservation_id, service_id, quantity, unit_price, added_at, service_date) VALUES (1509, 1003, 3, 1500, '2024-05-20 10:00:00', '2024-05-20');
INSERT INTO reservation_services (reservation_id, service_id, quantity, unit_price, added_at, service_date) VALUES (1509, 1003, 1, 1500, '2024-05-21 10:00:00', '2024-05-21');
INSERT INTO reservation_services (reservation_id, service_id, quantity, unit_price, added_at, service_date) VALUES (1509, 1006, 2, 150, '2024-05-21 10:00:00', '2024-05-21');
INSERT INTO invoices (invoice_code, reservation_id, total, method, invoice_date, created_at) VALUES ('I-6E144C2F', 1509, 25800, 'transferencia', '2024-05-23', NOW());
INSERT INTO reservations (reservation_id, reservation_code, client_id, room_id, guest_name, guest_email, guest_phone, checkin_date, checkout_date, total, status, created_at) VALUES (1510, 'R-8B259E77', 1060, 1033, 'Miguel Torres', 'miguel.torres3743@hotmail.com', '5560076538', '2024-02-28', '2024-03-04', 22500, 'facturada', NOW());
INSERT INTO reservation_services (reservation_id, service_id, quantity, unit_price, added_at, service_date) VALUES (1510, 1002, 1, 250, '2024-02-28 10:00:00', '2024-02-28');
INSERT INTO reservation_services (reservation_id, service_id, quantity, unit_price, added_at, service_date) VALUES (1510, 1001, 2, 600, '2024-03-02 10:00:00', '2024-03-02');
INSERT INTO reservation_services (reservation_id, service_id, quantity, unit_price, added_at, service_date) VALUES (1510, 1000, 3, 800, '2024-02-28 10:00:00', '2024-02-28');
INSERT INTO invoices (invoice_code, reservation_id, total, method, invoice_date, created_at) VALUES ('I-6DA5D735', 1510, 26350, 'tarjeta', '2024-03-04', NOW());
INSERT INTO reservations (reservation_id, reservation_code, client_id, room_id, guest_name, guest_email, guest_phone, checkin_date, checkout_date, total, status, created_at) VALUES (1511, 'R-71FB3BC2', 1051, 1030, 'Carmen Gomez', 'carmen.gomez7437@yahoo.com', '5546934780', '2024-07-28', '2024-08-02', 22500, 'checkout', NOW());
INSERT INTO reservation_services (reservation_id, service_id, quantity, unit_price, added_at, service_date) VALUES (1511, 1002, 1, 250, '2024-07-31 10:00:00', '2024-07-31');
INSERT INTO reservation_services (reservation_id, service_id, quantity, unit_price, added_at, service_date) VALUES (1511, 1004, 2, 400, '2024-07-30 10:00:00', '2024-07-30');
INSERT INTO reservations (reservation_id, reservation_code, client_id, room_id, guest_name, guest_email, guest_phone, checkin_date, checkout_date, total, status, created_at) VALUES (1512, 'R-2870B919', 1174, 1008, 'Roberto Perez', 'roberto.perez1093@hotmail.com', '5535331839', '2024-01-08', '2024-01-12', 4800, 'facturada', NOW());
INSERT INTO reservation_services (reservation_id, service_id, quantity, unit_price, added_at, service_date) VALUES (1512, 1003, 3, 1500, '2024-01-10 10:00:00', '2024-01-10');
INSERT INTO reservation_services (reservation_id, service_id, quantity, unit_price, added_at, service_date) VALUES (1512, 1005, 2, 500, '2024-01-09 10:00:00', '2024-01-09');
INSERT INTO reservation_services (reservation_id, service_id, quantity, unit_price, added_at, service_date) VALUES (1512, 1002, 1, 250, '2024-01-10 10:00:00', '2024-01-10');
INSERT INTO reservation_services (reservation_id, service_id, quantity, unit_price, added_at, service_date) VALUES (1512, 1003, 1, 1500, '2024-01-08 10:00:00', '2024-01-08');
INSERT INTO reservation_services (reservation_id, service_id, quantity, unit_price, added_at, service_date) VALUES (1512, 1006, 1, 150, '2024-01-08 10:00:00', '2024-01-08');
INSERT INTO invoices (invoice_code, reservation_id, total, method, invoice_date, created_at) VALUES ('I-C19C2E9D', 1512, 12200, 'efectivo', '2024-01-12', NOW());
INSERT INTO reservations (reservation_id, reservation_code, client_id, room_id, guest_name, guest_email, guest_phone, checkin_date, checkout_date, total, status, created_at) VALUES (1513, 'R-2D6C9365', 1081, 1001, 'Fernando Martinez', 'fernando.martinez1145@gmail.com', '5540111950', '2024-07-25', '2024-07-26', 4500, 'checkout', NOW());
INSERT INTO reservation_services (reservation_id, service_id, quantity, unit_price, added_at, service_date) VALUES (1513, 1003, 2, 1500, '2024-07-25 10:00:00', '2024-07-25');
INSERT INTO reservations (reservation_id, reservation_code, client_id, room_id, guest_name, guest_email, guest_phone, checkin_date, checkout_date, total, status, created_at) VALUES (1514, 'R-81CE33DC', 1191, 1021, 'Jose Lopez', 'jose.lopez7262@yahoo.com', '5533717655', '2025-04-26', '2025-05-01', 22500, 'checkout', NOW());
INSERT INTO reservation_services (reservation_id, service_id, quantity, unit_price, added_at, service_date) VALUES (1514, 1001, 3, 600, '2025-04-30 10:00:00', '2025-04-30');
INSERT INTO reservation_services (reservation_id, service_id, quantity, unit_price, added_at, service_date) VALUES (1514, 1001, 2, 600, '2025-04-28 10:00:00', '2025-04-28');
INSERT INTO reservations (reservation_id, reservation_code, client_id, room_id, guest_name, guest_email, guest_phone, checkin_date, checkout_date, total, status, created_at) VALUES (1515, 'R-DDF0C867', 1106, 1002, 'Marta Gonzalez', 'marta.gonzalez6241@yahoo.com', '5510702070', '2024-09-10', '2024-09-11', 2200, 'facturada', NOW());
INSERT INTO reservation_services (reservation_id, service_id, quantity, unit_price, added_at, service_date) VALUES (1515, 1005, 3, 500, '2024-09-10 10:00:00', '2024-09-10');
INSERT INTO reservation_services (reservation_id, service_id, quantity, unit_price, added_at, service_date) VALUES (1515, 1005, 1, 500, '2024-09-10 10:00:00', '2024-09-10');
INSERT INTO reservation_services (reservation_id, service_id, quantity, unit_price, added_at, service_date) VALUES (1515, 1006, 3, 150, '2024-09-10 10:00:00', '2024-09-10');
INSERT INTO invoices (invoice_code, reservation_id, total, method, invoice_date, created_at) VALUES ('I-CE63199E', 1515, 4650, 'transferencia', '2024-09-11', NOW());
INSERT INTO reservations (reservation_id, reservation_code, client_id, room_id, guest_name, guest_email, guest_phone, checkin_date, checkout_date, total, status, created_at) VALUES (1516, 'R-DC74A385', 1041, 1036, 'Roberto Rodriguez', 'roberto.rodriguez5348@hotel.com', '5568993067', '2024-03-16', '2024-03-19', 13500, 'facturada', NOW());
INSERT INTO reservation_services (reservation_id, service_id, quantity, unit_price, added_at, service_date) VALUES (1516, 1005, 1, 500, '2024-03-16 10:00:00', '2024-03-16');
INSERT INTO reservation_services (reservation_id, service_id, quantity, unit_price, added_at, service_date) VALUES (1516, 1006, 1, 150, '2024-03-18 10:00:00', '2024-03-18');
INSERT INTO invoices (invoice_code, reservation_id, total, method, invoice_date, created_at) VALUES ('I-463DC452', 1516, 14150, 'tarjeta', '2024-03-19', NOW());
INSERT INTO reservations (reservation_id, reservation_code, client_id, room_id, guest_name, guest_email, guest_phone, checkin_date, checkout_date, total, status, created_at) VALUES (1517, 'R-CCE3716B', 1058, 1028, 'Elena Lopez', 'elena.lopez8198@yahoo.com', '5585124081', '2024-04-04', '2024-04-08', 4800, 'facturada', NOW());
INSERT INTO invoices (invoice_code, reservation_id, total, method, invoice_date, created_at) VALUES ('I-C92390D8', 1517, 4800, 'transferencia', '2024-04-08', NOW());
INSERT INTO reservations (reservation_id, reservation_code, client_id, room_id, guest_name, guest_email, guest_phone, checkin_date, checkout_date, total, status, created_at) VALUES (1518, 'R-5E8B73D7', 1016, 1001, 'Maria Sanchez', 'carmen.rivera366@yahoo.com', '5569509675', '2025-01-10', '2025-01-17', 31500, 'facturada', NOW());
INSERT INTO reservation_services (reservation_id, service_id, quantity, unit_price, added_at, service_date) VALUES (1518, 1000, 1, 800, '2025-01-10 10:00:00', '2025-01-10');
INSERT INTO reservation_services (reservation_id, service_id, quantity, unit_price, added_at, service_date) VALUES (1518, 1002, 3, 250, '2025-01-11 10:00:00', '2025-01-11');
INSERT INTO invoices (invoice_code, reservation_id, total, method, invoice_date, created_at) VALUES ('I-560C41FF', 1518, 33050, 'transferencia', '2025-01-17', NOW());
INSERT INTO reservations (reservation_id, reservation_code, client_id, room_id, guest_name, guest_email, guest_phone, checkin_date, checkout_date, total, status, created_at) VALUES (1519, 'R-FDCBCC91', 1032, 1043, 'Maria Sanchez', 'maria.sanchez5978@outlook.com', '5543989357', '2024-09-14', '2024-09-15', 4500, 'facturada', NOW());
INSERT INTO reservation_services (reservation_id, service_id, quantity, unit_price, added_at, service_date) VALUES (1519, 1001, 2, 600, '2024-09-14 10:00:00', '2024-09-14');
INSERT INTO reservation_services (reservation_id, service_id, quantity, unit_price, added_at, service_date) VALUES (1519, 1004, 3, 400, '2024-09-14 10:00:00', '2024-09-14');
INSERT INTO reservation_services (reservation_id, service_id, quantity, unit_price, added_at, service_date) VALUES (1519, 1004, 1, 400, '2024-09-14 10:00:00', '2024-09-14');
INSERT INTO reservation_services (reservation_id, service_id, quantity, unit_price, added_at, service_date) VALUES (1519, 1005, 1, 500, '2024-09-14 10:00:00', '2024-09-14');
INSERT INTO invoices (invoice_code, reservation_id, total, method, invoice_date, created_at) VALUES ('I-C885A5BF', 1519, 7800, 'transferencia', '2024-09-15', NOW());
INSERT INTO reservations (reservation_id, reservation_code, client_id, room_id, guest_name, guest_email, guest_phone, checkin_date, checkout_date, total, status, created_at) VALUES (1520, 'R-887676F0', 1149, 1040, 'Pedro Gonzalez', 'pedro.gonzalez1596@gmail.com', '5585540007', '2024-11-08', '2024-11-15', 8400, 'facturada', NOW());
INSERT INTO reservation_services (reservation_id, service_id, quantity, unit_price, added_at, service_date) VALUES (1520, 1001, 1, 600, '2024-11-09 10:00:00', '2024-11-09');
INSERT INTO reservation_services (reservation_id, service_id, quantity, unit_price, added_at, service_date) VALUES (1520, 1001, 3, 600, '2024-11-13 10:00:00', '2024-11-13');
INSERT INTO invoices (invoice_code, reservation_id, total, method, invoice_date, created_at) VALUES ('I-C7F815B7', 1520, 10800, 'efectivo', '2024-11-15', NOW());
INSERT INTO reservations (reservation_id, reservation_code, client_id, room_id, guest_name, guest_email, guest_phone, checkin_date, checkout_date, total, status, created_at) VALUES (1521, 'R-587F0E91', 1112, 1013, 'Maria Perez', 'maria.perez3002@hotmail.com', '5599066224', '2024-07-19', '2024-07-24', 11000, 'facturada', NOW());
INSERT INTO reservation_services (reservation_id, service_id, quantity, unit_price, added_at, service_date) VALUES (1521, 1004, 2, 400, '2024-07-20 10:00:00', '2024-07-20');
INSERT INTO reservation_services (reservation_id, service_id, quantity, unit_price, added_at, service_date) VALUES (1521, 1004, 3, 400, '2024-07-23 10:00:00', '2024-07-23');
INSERT INTO invoices (invoice_code, reservation_id, total, method, invoice_date, created_at) VALUES ('I-C123F1AD', 1521, 13000, 'tarjeta', '2024-07-24', NOW());
INSERT INTO reservations (reservation_id, reservation_code, client_id, room_id, guest_name, guest_email, guest_phone, checkin_date, checkout_date, total, status, created_at) VALUES (1522, 'R-D0181E0C', 1048, 1042, 'Elena Hernandez', 'elena.hernandez2864@hotel.com', '5557860871', '2024-12-02', '2024-12-08', 27000, 'facturada', NOW());
INSERT INTO reservation_services (reservation_id, service_id, quantity, unit_price, added_at, service_date) VALUES (1522, 1000, 3, 800, '2024-12-05 10:00:00', '2024-12-05');
INSERT INTO reservation_services (reservation_id, service_id, quantity, unit_price, added_at, service_date) VALUES (1522, 1003, 1, 1500, '2024-12-07 10:00:00', '2024-12-07');
INSERT INTO reservation_services (reservation_id, service_id, quantity, unit_price, added_at, service_date) VALUES (1522, 1001, 1, 600, '2024-12-04 10:00:00', '2024-12-04');
INSERT INTO reservation_services (reservation_id, service_id, quantity, unit_price, added_at, service_date) VALUES (1522, 1005, 2, 500, '2024-12-05 10:00:00', '2024-12-05');
INSERT INTO invoices (invoice_code, reservation_id, total, method, invoice_date, created_at) VALUES ('I-2C2482B1', 1522, 32500, 'tarjeta', '2024-12-08', NOW());
INSERT INTO reservations (reservation_id, reservation_code, client_id, room_id, guest_name, guest_email, guest_phone, checkin_date, checkout_date, total, status, created_at) VALUES (1523, 'R-A9DCA374', 1140, 1036, 'Marta Torres', 'marta.torres7710@outlook.com', '5572325127', '2024-11-18', '2024-11-24', 27000, 'facturada', NOW());
INSERT INTO reservation_services (reservation_id, service_id, quantity, unit_price, added_at, service_date) VALUES (1523, 1006, 3, 150, '2024-11-18 10:00:00', '2024-11-18');
INSERT INTO reservation_services (reservation_id, service_id, quantity, unit_price, added_at, service_date) VALUES (1523, 1002, 3, 250, '2024-11-21 10:00:00', '2024-11-21');
INSERT INTO reservation_services (reservation_id, service_id, quantity, unit_price, added_at, service_date) VALUES (1523, 1004, 1, 400, '2024-11-21 10:00:00', '2024-11-21');
INSERT INTO invoices (invoice_code, reservation_id, total, method, invoice_date, created_at) VALUES ('I-F46B2E5A', 1523, 28600, 'transferencia', '2024-11-24', NOW());
INSERT INTO reservations (reservation_id, reservation_code, client_id, room_id, guest_name, guest_email, guest_phone, checkin_date, checkout_date, total, status, created_at) VALUES (1524, 'R-4893A1A3', 1040, 1011, 'Jorge Ramirez', 'jorge.ramirez8642@yahoo.com', '5553098547', '2024-08-18', '2024-08-23', 6000, 'facturada', NOW());
INSERT INTO invoices (invoice_code, reservation_id, total, method, invoice_date, created_at) VALUES ('I-40E696EB', 1524, 6000, 'transferencia', '2024-08-23', NOW());
INSERT INTO reservations (reservation_id, reservation_code, client_id, room_id, guest_name, guest_email, guest_phone, checkin_date, checkout_date, total, status, created_at) VALUES (1525, 'R-1FBFB841', 1155, 1005, 'Carlos Reyes', 'carlos.reyes8837@outlook.com', '5546528359', '2024-06-10', '2024-06-15', 6000, 'facturada', NOW());
INSERT INTO reservation_services (reservation_id, service_id, quantity, unit_price, added_at, service_date) VALUES (1525, 1004, 1, 400, '2024-06-12 10:00:00', '2024-06-12');
INSERT INTO reservation_services (reservation_id, service_id, quantity, unit_price, added_at, service_date) VALUES (1525, 1000, 3, 800, '2024-06-14 10:00:00', '2024-06-14');
INSERT INTO reservation_services (reservation_id, service_id, quantity, unit_price, added_at, service_date) VALUES (1525, 1003, 1, 1500, '2024-06-14 10:00:00', '2024-06-14');
INSERT INTO reservation_services (reservation_id, service_id, quantity, unit_price, added_at, service_date) VALUES (1525, 1003, 3, 1500, '2024-06-14 10:00:00', '2024-06-14');
INSERT INTO reservation_services (reservation_id, service_id, quantity, unit_price, added_at, service_date) VALUES (1525, 1005, 2, 500, '2024-06-12 10:00:00', '2024-06-12');
INSERT INTO invoices (invoice_code, reservation_id, total, method, invoice_date, created_at) VALUES ('I-E8461392', 1525, 15800, 'efectivo', '2024-06-15', NOW());
INSERT INTO reservations (reservation_id, reservation_code, client_id, room_id, guest_name, guest_email, guest_phone, checkin_date, checkout_date, total, status, created_at) VALUES (1526, 'R-F96ED9B5', 1068, 1018, 'Paula Rodriguez', 'paula.rodriguez2379@hotmail.com', '5535078270', '2024-01-08', '2024-01-10', 4400, 'facturada', NOW());
INSERT INTO reservation_services (reservation_id, service_id, quantity, unit_price, added_at, service_date) VALUES (1526, 1004, 3, 400, '2024-01-09 10:00:00', '2024-01-09');
INSERT INTO reservation_services (reservation_id, service_id, quantity, unit_price, added_at, service_date) VALUES (1526, 1002, 1, 250, '2024-01-08 10:00:00', '2024-01-08');
INSERT INTO reservation_services (reservation_id, service_id, quantity, unit_price, added_at, service_date) VALUES (1526, 1005, 3, 500, '2024-01-09 10:00:00', '2024-01-09');
INSERT INTO reservation_services (reservation_id, service_id, quantity, unit_price, added_at, service_date) VALUES (1526, 1001, 1, 600, '2024-01-09 10:00:00', '2024-01-09');
INSERT INTO invoices (invoice_code, reservation_id, total, method, invoice_date, created_at) VALUES ('I-1BF7B149', 1526, 7950, 'efectivo', '2024-01-10', NOW());
INSERT INTO reservations (reservation_id, reservation_code, client_id, room_id, guest_name, guest_email, guest_phone, checkin_date, checkout_date, total, status, created_at) VALUES (1527, 'R-56990E6C', 1132, 1046, 'Roberto Perez', 'roberto.perez3153@gmail.com', '5546640950', '2024-11-20', '2024-11-27', 15400, 'facturada', NOW());
INSERT INTO invoices (invoice_code, reservation_id, total, method, invoice_date, created_at) VALUES ('I-122D65AE', 1527, 15400, 'transferencia', '2024-11-27', NOW());
INSERT INTO reservations (reservation_id, reservation_code, client_id, room_id, guest_name, guest_email, guest_phone, checkin_date, checkout_date, total, status, created_at) VALUES (1528, 'R-DE83AEF6', 1012, 1014, 'Pedro Gomez', 'jose.reyes341@hotel.com', '5561255209', '2024-11-22', '2024-11-26', 8800, 'facturada', NOW());
INSERT INTO reservation_services (reservation_id, service_id, quantity, unit_price, added_at, service_date) VALUES (1528, 1001, 1, 600, '2024-11-22 10:00:00', '2024-11-22');
INSERT INTO reservation_services (reservation_id, service_id, quantity, unit_price, added_at, service_date) VALUES (1528, 1004, 2, 400, '2024-11-24 10:00:00', '2024-11-24');
INSERT INTO invoices (invoice_code, reservation_id, total, method, invoice_date, created_at) VALUES ('I-2451979D', 1528, 10200, 'efectivo', '2024-11-26', NOW());
INSERT INTO reservations (reservation_id, reservation_code, client_id, room_id, guest_name, guest_email, guest_phone, checkin_date, checkout_date, total, status, created_at) VALUES (1529, 'R-19C28E81', 1054, 1027, 'Lucia Sanchez', 'lucia.sanchez7379@outlook.com', '5553344674', '2025-05-01', '2025-05-04', 3600, 'facturada', NOW());
INSERT INTO reservation_services (reservation_id, service_id, quantity, unit_price, added_at, service_date) VALUES (1529, 1001, 2, 600, '2025-05-02 10:00:00', '2025-05-02');
INSERT INTO reservation_services (reservation_id, service_id, quantity, unit_price, added_at, service_date) VALUES (1529, 1002, 1, 250, '2025-05-03 10:00:00', '2025-05-03');
INSERT INTO reservation_services (reservation_id, service_id, quantity, unit_price, added_at, service_date) VALUES (1529, 1001, 1, 600, '2025-05-02 10:00:00', '2025-05-02');
INSERT INTO invoices (invoice_code, reservation_id, total, method, invoice_date, created_at) VALUES ('I-ACF741A6', 1529, 5650, 'transferencia', '2025-05-04', NOW());
INSERT INTO reservations (reservation_id, reservation_code, client_id, room_id, guest_name, guest_email, guest_phone, checkin_date, checkout_date, total, status, created_at) VALUES (1530, 'R-D7BB2974', 1164, 1034, 'Paula Gonzalez', 'paula.gonzalez8496@hotmail.com', '5536259171', '2024-02-16', '2024-02-17', 2200, 'facturada', NOW());
INSERT INTO invoices (invoice_code, reservation_id, total, method, invoice_date, created_at) VALUES ('I-6C3FB808', 1530, 2200, 'transferencia', '2024-02-17', NOW());
INSERT INTO reservations (reservation_id, reservation_code, client_id, room_id, guest_name, guest_email, guest_phone, checkin_date, checkout_date, total, status, created_at) VALUES (1531, 'R-85525242', 1151, 1018, 'Sofia Torres', 'sofia.torres9119@gmail.com', '5521622564', '2024-12-28', '2025-01-03', 13200, 'facturada', NOW());
INSERT INTO reservation_services (reservation_id, service_id, quantity, unit_price, added_at, service_date) VALUES (1531, 1006, 1, 150, '2025-01-02 10:00:00', '2025-01-02');
INSERT INTO invoices (invoice_code, reservation_id, total, method, invoice_date, created_at) VALUES ('I-36F77BAC', 1531, 13350, 'efectivo', '2025-01-03', NOW());
INSERT INTO reservations (reservation_id, reservation_code, client_id, room_id, guest_name, guest_email, guest_phone, checkin_date, checkout_date, total, status, created_at) VALUES (1532, 'R-8C37DD36', 1086, 1009, 'Paula Sanchez', 'paula.sanchez4895@hotel.com', '5547398008', '2025-01-17', '2025-01-18', 1200, 'checkout', NOW());
INSERT INTO reservation_services (reservation_id, service_id, quantity, unit_price, added_at, service_date) VALUES (1532, 1000, 1, 800, '2025-01-17 10:00:00', '2025-01-17');
INSERT INTO reservation_services (reservation_id, service_id, quantity, unit_price, added_at, service_date) VALUES (1532, 1000, 3, 800, '2025-01-17 10:00:00', '2025-01-17');
INSERT INTO reservation_services (reservation_id, service_id, quantity, unit_price, added_at, service_date) VALUES (1532, 1006, 2, 150, '2025-01-17 10:00:00', '2025-01-17');
INSERT INTO reservations (reservation_id, reservation_code, client_id, room_id, guest_name, guest_email, guest_phone, checkin_date, checkout_date, total, status, created_at) VALUES (1533, 'R-A4C396EA', 1121, 1024, 'Elena Sanchez', 'elena.sanchez6290@yahoo.com', '5554975524', '2025-01-18', '2025-01-22', 8800, 'facturada', NOW());
INSERT INTO reservation_services (reservation_id, service_id, quantity, unit_price, added_at, service_date) VALUES (1533, 1003, 1, 1500, '2025-01-19 10:00:00', '2025-01-19');
INSERT INTO reservation_services (reservation_id, service_id, quantity, unit_price, added_at, service_date) VALUES (1533, 1004, 1, 400, '2025-01-20 10:00:00', '2025-01-20');
INSERT INTO reservation_services (reservation_id, service_id, quantity, unit_price, added_at, service_date) VALUES (1533, 1000, 1, 800, '2025-01-19 10:00:00', '2025-01-19');
INSERT INTO reservation_services (reservation_id, service_id, quantity, unit_price, added_at, service_date) VALUES (1533, 1004, 2, 400, '2025-01-20 10:00:00', '2025-01-20');
INSERT INTO reservation_services (reservation_id, service_id, quantity, unit_price, added_at, service_date) VALUES (1533, 1003, 1, 1500, '2025-01-20 10:00:00', '2025-01-20');
INSERT INTO invoices (invoice_code, reservation_id, total, method, invoice_date, created_at) VALUES ('I-A9A553F2', 1533, 13800, 'tarjeta', '2025-01-22', NOW());
INSERT INTO reservations (reservation_id, reservation_code, client_id, room_id, guest_name, guest_email, guest_phone, checkin_date, checkout_date, total, status, created_at) VALUES (1534, 'R-863AE899', 1082, 1045, 'Ana Torres', 'ana.torres7266@yahoo.com', '5593101044', '2024-05-22', '2024-05-24', 9000, 'checkout', NOW());
INSERT INTO reservation_services (reservation_id, service_id, quantity, unit_price, added_at, service_date) VALUES (1534, 1001, 3, 600, '2024-05-23 10:00:00', '2024-05-23');
INSERT INTO reservation_services (reservation_id, service_id, quantity, unit_price, added_at, service_date) VALUES (1534, 1001, 1, 600, '2024-05-23 10:00:00', '2024-05-23');
INSERT INTO reservation_services (reservation_id, service_id, quantity, unit_price, added_at, service_date) VALUES (1534, 1001, 2, 600, '2024-05-22 10:00:00', '2024-05-22');
INSERT INTO reservations (reservation_id, reservation_code, client_id, room_id, guest_name, guest_email, guest_phone, checkin_date, checkout_date, total, status, created_at) VALUES (1535, 'R-570A4B47', 1089, 1045, 'Maria Hernandez', 'maria.hernandez7471@gmail.com', '5529059203', '2025-04-08', '2025-04-12', 18000, 'facturada', NOW());
INSERT INTO reservation_services (reservation_id, service_id, quantity, unit_price, added_at, service_date) VALUES (1535, 1000, 3, 800, '2025-04-11 10:00:00', '2025-04-11');
INSERT INTO reservation_services (reservation_id, service_id, quantity, unit_price, added_at, service_date) VALUES (1535, 1005, 3, 500, '2025-04-09 10:00:00', '2025-04-09');
INSERT INTO reservation_services (reservation_id, service_id, quantity, unit_price, added_at, service_date) VALUES (1535, 1002, 1, 250, '2025-04-08 10:00:00', '2025-04-08');
INSERT INTO reservation_services (reservation_id, service_id, quantity, unit_price, added_at, service_date) VALUES (1535, 1005, 3, 500, '2025-04-08 10:00:00', '2025-04-08');
INSERT INTO invoices (invoice_code, reservation_id, total, method, invoice_date, created_at) VALUES ('I-99DADF29', 1535, 23650, 'transferencia', '2025-04-12', NOW());
INSERT INTO reservations (reservation_id, reservation_code, client_id, room_id, guest_name, guest_email, guest_phone, checkin_date, checkout_date, total, status, created_at) VALUES (1536, 'R-2008C275', 1170, 1033, 'David Torres', 'david.torres8388@yahoo.com', '5583052109', '2024-03-19', '2024-03-20', 4500, 'cancelada', NOW());
INSERT INTO reservations (reservation_id, reservation_code, client_id, room_id, guest_name, guest_email, guest_phone, checkin_date, checkout_date, total, status, created_at) VALUES (1537, 'R-C29E3EF3', 1147, 1018, 'Elena Perez', 'elena.perez4766@gmail.com', '5535639240', '2025-05-22', '2025-05-26', 8800, 'facturada', NOW());
INSERT INTO invoices (invoice_code, reservation_id, total, method, invoice_date, created_at) VALUES ('I-C34FABDD', 1537, 8800, 'efectivo', '2025-05-26', NOW());
INSERT INTO reservations (reservation_id, reservation_code, client_id, room_id, guest_name, guest_email, guest_phone, checkin_date, checkout_date, total, status, created_at) VALUES (1538, 'R-D71EB53D', 1057, 1039, 'Jose Perez', 'jose.perez2701@hotel.com', '5512436463', '2024-11-14', '2024-11-21', 8400, 'facturada', NOW());
INSERT INTO reservation_services (reservation_id, service_id, quantity, unit_price, added_at, service_date) VALUES (1538, 1002, 2, 250, '2024-11-15 10:00:00', '2024-11-15');
INSERT INTO reservation_services (reservation_id, service_id, quantity, unit_price, added_at, service_date) VALUES (1538, 1002, 1, 250, '2024-11-15 10:00:00', '2024-11-15');
INSERT INTO reservation_services (reservation_id, service_id, quantity, unit_price, added_at, service_date) VALUES (1538, 1004, 3, 400, '2024-11-18 10:00:00', '2024-11-18');
INSERT INTO reservation_services (reservation_id, service_id, quantity, unit_price, added_at, service_date) VALUES (1538, 1002, 2, 250, '2024-11-19 10:00:00', '2024-11-19');
INSERT INTO reservation_services (reservation_id, service_id, quantity, unit_price, added_at, service_date) VALUES (1538, 1002, 1, 250, '2024-11-15 10:00:00', '2024-11-15');
INSERT INTO invoices (invoice_code, reservation_id, total, method, invoice_date, created_at) VALUES ('I-5FFD3B22', 1538, 11100, 'transferencia', '2024-11-21', NOW());
INSERT INTO reservations (reservation_id, reservation_code, client_id, room_id, guest_name, guest_email, guest_phone, checkin_date, checkout_date, total, status, created_at) VALUES (1539, 'R-71C5F7C4', 1137, 1009, 'Maria Flores', 'maria.flores7214@hotel.com', '5567230740', '2024-08-01', '2024-08-06', 6000, 'facturada', NOW());
INSERT INTO reservation_services (reservation_id, service_id, quantity, unit_price, added_at, service_date) VALUES (1539, 1005, 1, 500, '2024-08-02 10:00:00', '2024-08-02');
INSERT INTO reservation_services (reservation_id, service_id, quantity, unit_price, added_at, service_date) VALUES (1539, 1001, 1, 600, '2024-08-05 10:00:00', '2024-08-05');
INSERT INTO invoices (invoice_code, reservation_id, total, method, invoice_date, created_at) VALUES ('I-F294FB07', 1539, 7100, 'transferencia', '2024-08-06', NOW());
INSERT INTO reservations (reservation_id, reservation_code, client_id, room_id, guest_name, guest_email, guest_phone, checkin_date, checkout_date, total, status, created_at) VALUES (1540, 'R-AEDA2C77', 1128, 1039, 'Elena Gonzalez', 'elena.gonzalez9466@hotel.com', '5562966936', '2024-03-26', '2024-04-01', 7200, 'facturada', NOW());
INSERT INTO invoices (invoice_code, reservation_id, total, method, invoice_date, created_at) VALUES ('I-7011310F', 1540, 7200, 'efectivo', '2024-04-01', NOW());
INSERT INTO reservations (reservation_id, reservation_code, client_id, room_id, guest_name, guest_email, guest_phone, checkin_date, checkout_date, total, status, created_at) VALUES (1541, 'R-6B3C34E1', 1105, 1024, 'Ana Lopez', 'ana.lopez2487@outlook.com', '5594709230', '2024-10-16', '2024-10-19', 6600, 'checkout', NOW());
INSERT INTO reservation_services (reservation_id, service_id, quantity, unit_price, added_at, service_date) VALUES (1541, 1003, 1, 1500, '2024-10-16 10:00:00', '2024-10-16');
INSERT INTO reservation_services (reservation_id, service_id, quantity, unit_price, added_at, service_date) VALUES (1541, 1002, 3, 250, '2024-10-16 10:00:00', '2024-10-16');
INSERT INTO reservation_services (reservation_id, service_id, quantity, unit_price, added_at, service_date) VALUES (1541, 1004, 2, 400, '2024-10-16 10:00:00', '2024-10-16');
INSERT INTO reservation_services (reservation_id, service_id, quantity, unit_price, added_at, service_date) VALUES (1541, 1005, 2, 500, '2024-10-16 10:00:00', '2024-10-16');
INSERT INTO reservations (reservation_id, reservation_code, client_id, room_id, guest_name, guest_email, guest_phone, checkin_date, checkout_date, total, status, created_at) VALUES (1542, 'R-731B0CCA', 1067, 1035, 'Paula Reyes', 'paula.reyes2356@yahoo.com', '5520673818', '2024-10-02', '2024-10-03', 1200, 'checkout', NOW());
INSERT INTO reservations (reservation_id, reservation_code, client_id, room_id, guest_name, guest_email, guest_phone, checkin_date, checkout_date, total, status, created_at) VALUES (1543, 'R-3F9F6491', 1153, 1004, 'Fernando Hernandez', 'fernando.hernandez3798@hotmail.com', '5573282757', '2024-04-12', '2024-04-14', 4400, 'checkout', NOW());
INSERT INTO reservation_services (reservation_id, service_id, quantity, unit_price, added_at, service_date) VALUES (1543, 1006, 3, 150, '2024-04-13 10:00:00', '2024-04-13');
INSERT INTO reservation_services (reservation_id, service_id, quantity, unit_price, added_at, service_date) VALUES (1543, 1001, 1, 600, '2024-04-13 10:00:00', '2024-04-13');
INSERT INTO reservation_services (reservation_id, service_id, quantity, unit_price, added_at, service_date) VALUES (1543, 1003, 3, 1500, '2024-04-12 10:00:00', '2024-04-12');
INSERT INTO reservation_services (reservation_id, service_id, quantity, unit_price, added_at, service_date) VALUES (1543, 1005, 1, 500, '2024-04-13 10:00:00', '2024-04-13');
INSERT INTO reservations (reservation_id, reservation_code, client_id, room_id, guest_name, guest_email, guest_phone, checkin_date, checkout_date, total, status, created_at) VALUES (1544, 'R-F1EB7E8C', 1133, 1044, 'Juan Flores', 'juan.flores6586@hotel.com', '5589223184', '2024-07-01', '2024-07-03', 2400, 'facturada', NOW());
INSERT INTO invoices (invoice_code, reservation_id, total, method, invoice_date, created_at) VALUES ('I-F6F210D6', 1544, 2400, 'efectivo', '2024-07-03', NOW());
INSERT INTO reservations (reservation_id, reservation_code, client_id, room_id, guest_name, guest_email, guest_phone, checkin_date, checkout_date, total, status, created_at) VALUES (1545, 'R-2945E4C5', 1066, 1023, 'Lucia Reyes', 'lucia.reyes8438@hotel.com', '5520468360', '2024-04-18', '2024-04-24', 27000, 'checkout', NOW());
INSERT INTO reservation_services (reservation_id, service_id, quantity, unit_price, added_at, service_date) VALUES (1545, 1002, 1, 250, '2024-04-18 10:00:00', '2024-04-18');
INSERT INTO reservations (reservation_id, reservation_code, client_id, room_id, guest_name, guest_email, guest_phone, checkin_date, checkout_date, total, status, created_at) VALUES (1546, 'R-8B8E9538', 1079, 1003, 'Roberto Torres', 'roberto.torres7006@outlook.com', '5518508053', '2024-11-19', '2024-11-24', 11000, 'facturada', NOW());
INSERT INTO reservation_services (reservation_id, service_id, quantity, unit_price, added_at, service_date) VALUES (1546, 1000, 2, 800, '2024-11-20 10:00:00', '2024-11-20');
INSERT INTO reservation_services (reservation_id, service_id, quantity, unit_price, added_at, service_date) VALUES (1546, 1003, 3, 1500, '2024-11-19 10:00:00', '2024-11-19');
INSERT INTO reservation_services (reservation_id, service_id, quantity, unit_price, added_at, service_date) VALUES (1546, 1000, 3, 800, '2024-11-21 10:00:00', '2024-11-21');
INSERT INTO reservation_services (reservation_id, service_id, quantity, unit_price, added_at, service_date) VALUES (1546, 1004, 1, 400, '2024-11-23 10:00:00', '2024-11-23');
INSERT INTO invoices (invoice_code, reservation_id, total, method, invoice_date, created_at) VALUES ('I-9E1DC1EE', 1546, 19900, 'transferencia', '2024-11-24', NOW());
INSERT INTO reservations (reservation_id, reservation_code, client_id, room_id, guest_name, guest_email, guest_phone, checkin_date, checkout_date, total, status, created_at) VALUES (1547, 'R-C9C18D26', 1174, 1004, 'Roberto Perez', 'roberto.perez1093@hotmail.com', '5512784404', '2024-10-02', '2024-10-06', 8800, 'facturada', NOW());
INSERT INTO reservation_services (reservation_id, service_id, quantity, unit_price, added_at, service_date) VALUES (1547, 1005, 1, 500, '2024-10-04 10:00:00', '2024-10-04');
INSERT INTO reservation_services (reservation_id, service_id, quantity, unit_price, added_at, service_date) VALUES (1547, 1005, 2, 500, '2024-10-03 10:00:00', '2024-10-03');
INSERT INTO reservation_services (reservation_id, service_id, quantity, unit_price, added_at, service_date) VALUES (1547, 1004, 2, 400, '2024-10-04 10:00:00', '2024-10-04');
INSERT INTO reservation_services (reservation_id, service_id, quantity, unit_price, added_at, service_date) VALUES (1547, 1005, 2, 500, '2024-10-05 10:00:00', '2024-10-05');
INSERT INTO reservation_services (reservation_id, service_id, quantity, unit_price, added_at, service_date) VALUES (1547, 1000, 3, 800, '2024-10-04 10:00:00', '2024-10-04');
INSERT INTO invoices (invoice_code, reservation_id, total, method, invoice_date, created_at) VALUES ('I-C75B0ED5', 1547, 14500, 'tarjeta', '2024-10-06', NOW());
INSERT INTO reservations (reservation_id, reservation_code, client_id, room_id, guest_name, guest_email, guest_phone, checkin_date, checkout_date, total, status, created_at) VALUES (1548, 'R-546C82D2', 1118, 1030, 'Lucia Hernandez', 'lucia.hernandez1343@hotmail.com', '5587000316', '2025-02-07', '2025-02-14', 31500, 'facturada', NOW());
INSERT INTO invoices (invoice_code, reservation_id, total, method, invoice_date, created_at) VALUES ('I-EDD09E38', 1548, 31500, 'efectivo', '2025-02-14', NOW());
INSERT INTO reservations (reservation_id, reservation_code, client_id, room_id, guest_name, guest_email, guest_phone, checkin_date, checkout_date, total, status, created_at) VALUES (1549, 'R-AF48FF67', 1000, 1004, 'Maria Rodriguez', 'maria.rodriguez5126@yahoo.com', '5537193798', '2025-05-04', '2025-05-10', 13200, 'checkout', NOW());
INSERT INTO reservation_services (reservation_id, service_id, quantity, unit_price, added_at, service_date) VALUES (1549, 1000, 2, 800, '2025-05-08 10:00:00', '2025-05-08');
INSERT INTO reservation_services (reservation_id, service_id, quantity, unit_price, added_at, service_date) VALUES (1549, 1003, 3, 1500, '2025-05-05 10:00:00', '2025-05-05');
INSERT INTO reservations (reservation_id, reservation_code, client_id, room_id, guest_name, guest_email, guest_phone, checkin_date, checkout_date, total, status, created_at) VALUES (1550, 'R-2CE7897E', 1138, 1011, 'Miguel Reyes', 'miguel.reyes1235@outlook.com', '5532709007', '2025-05-16', '2025-05-17', 1200, 'facturada', NOW());
INSERT INTO reservation_services (reservation_id, service_id, quantity, unit_price, added_at, service_date) VALUES (1550, 1003, 1, 1500, '2025-05-16 10:00:00', '2025-05-16');
INSERT INTO reservation_services (reservation_id, service_id, quantity, unit_price, added_at, service_date) VALUES (1550, 1004, 1, 400, '2025-05-16 10:00:00', '2025-05-16');
INSERT INTO reservation_services (reservation_id, service_id, quantity, unit_price, added_at, service_date) VALUES (1550, 1004, 3, 400, '2025-05-16 10:00:00', '2025-05-16');
INSERT INTO reservation_services (reservation_id, service_id, quantity, unit_price, added_at, service_date) VALUES (1550, 1003, 2, 1500, '2025-05-16 10:00:00', '2025-05-16');
INSERT INTO reservation_services (reservation_id, service_id, quantity, unit_price, added_at, service_date) VALUES (1550, 1006, 1, 150, '2025-05-16 10:00:00', '2025-05-16');
INSERT INTO invoices (invoice_code, reservation_id, total, method, invoice_date, created_at) VALUES ('I-492A1DB8', 1550, 7450, 'tarjeta', '2025-05-17', NOW());
INSERT INTO reservations (reservation_id, reservation_code, client_id, room_id, guest_name, guest_email, guest_phone, checkin_date, checkout_date, total, status, created_at) VALUES (1551, 'R-3087A94A', 1145, 1003, 'Carlos Lopez', 'carlos.lopez4054@yahoo.com', '5557694027', '2024-01-28', '2024-01-29', 2200, 'facturada', NOW());
INSERT INTO invoices (invoice_code, reservation_id, total, method, invoice_date, created_at) VALUES ('I-12D3A7B7', 1551, 2200, 'efectivo', '2024-01-29', NOW());
INSERT INTO reservations (reservation_id, reservation_code, client_id, room_id, guest_name, guest_email, guest_phone, checkin_date, checkout_date, total, status, created_at) VALUES (1552, 'R-7C08AA81', 1035, 1047, 'Ana Rivera', 'ana.rivera4886@hotmail.com', '5553655416', '2024-01-20', '2024-01-22', 4400, 'facturada', NOW());
INSERT INTO invoices (invoice_code, reservation_id, total, method, invoice_date, created_at) VALUES ('I-B03A0252', 1552, 4400, 'efectivo', '2024-01-22', NOW());
INSERT INTO reservations (reservation_id, reservation_code, client_id, room_id, guest_name, guest_email, guest_phone, checkin_date, checkout_date, total, status, created_at) VALUES (1553, 'R-286DE346', 1112, 1001, 'Maria Perez', 'maria.perez3002@hotmail.com', '5545752608', '2024-11-17', '2024-11-19', 9000, 'facturada', NOW());
INSERT INTO reservation_services (reservation_id, service_id, quantity, unit_price, added_at, service_date) VALUES (1553, 1006, 3, 150, '2024-11-18 10:00:00', '2024-11-18');
INSERT INTO invoices (invoice_code, reservation_id, total, method, invoice_date, created_at) VALUES ('I-891E0EB9', 1553, 9450, 'tarjeta', '2024-11-19', NOW());
INSERT INTO reservations (reservation_id, reservation_code, client_id, room_id, guest_name, guest_email, guest_phone, checkin_date, checkout_date, total, status, created_at) VALUES (1554, 'R-2C5E1775', 1035, 1037, 'Ana Rivera', 'ana.rivera4886@hotmail.com', '5549540936', '2025-04-03', '2025-04-06', 6600, 'checkout', NOW());
INSERT INTO reservation_services (reservation_id, service_id, quantity, unit_price, added_at, service_date) VALUES (1554, 1003, 3, 1500, '2025-04-05 10:00:00', '2025-04-05');
INSERT INTO reservation_services (reservation_id, service_id, quantity, unit_price, added_at, service_date) VALUES (1554, 1005, 2, 500, '2025-04-05 10:00:00', '2025-04-05');
INSERT INTO reservations (reservation_id, reservation_code, client_id, room_id, guest_name, guest_email, guest_phone, checkin_date, checkout_date, total, status, created_at) VALUES (1555, 'R-AC6435D6', 1078, 1004, 'Paula Rivera', 'paula.rivera9759@gmail.com', '5521375622', '2025-05-27', '2025-06-01', 11000, 'facturada', NOW());
INSERT INTO reservation_services (reservation_id, service_id, quantity, unit_price, added_at, service_date) VALUES (1555, 1004, 2, 400, '2025-05-27 10:00:00', '2025-05-27');
INSERT INTO invoices (invoice_code, reservation_id, total, method, invoice_date, created_at) VALUES ('I-8D514AB0', 1555, 11800, 'transferencia', '2025-06-01', NOW());
INSERT INTO reservations (reservation_id, reservation_code, client_id, room_id, guest_name, guest_email, guest_phone, checkin_date, checkout_date, total, status, created_at) VALUES (1556, 'R-AE818D15', 1054, 1047, 'Lucia Sanchez', 'lucia.sanchez7379@outlook.com', '5513879841', '2024-04-12', '2024-04-16', 8800, 'facturada', NOW());
INSERT INTO reservation_services (reservation_id, service_id, quantity, unit_price, added_at, service_date) VALUES (1556, 1000, 3, 800, '2024-04-14 10:00:00', '2024-04-14');
INSERT INTO invoices (invoice_code, reservation_id, total, method, invoice_date, created_at) VALUES ('I-DDD056C2', 1556, 11200, 'efectivo', '2024-04-16', NOW());
INSERT INTO reservations (reservation_id, reservation_code, client_id, room_id, guest_name, guest_email, guest_phone, checkin_date, checkout_date, total, status, created_at) VALUES (1557, 'R-AD16ACA6', 1188, 1046, 'Elena Diaz', 'elena.diaz3033@yahoo.com', '5527739285', '2024-10-15', '2024-10-17', 4400, 'facturada', NOW());
INSERT INTO reservation_services (reservation_id, service_id, quantity, unit_price, added_at, service_date) VALUES (1557, 1004, 2, 400, '2024-10-16 10:00:00', '2024-10-16');
INSERT INTO reservation_services (reservation_id, service_id, quantity, unit_price, added_at, service_date) VALUES (1557, 1006, 3, 150, '2024-10-15 10:00:00', '2024-10-15');
INSERT INTO invoices (invoice_code, reservation_id, total, method, invoice_date, created_at) VALUES ('I-68048B1C', 1557, 5650, 'transferencia', '2024-10-17', NOW());
INSERT INTO reservations (reservation_id, reservation_code, client_id, room_id, guest_name, guest_email, guest_phone, checkin_date, checkout_date, total, status, created_at) VALUES (1558, 'R-F94305D7', 1196, 1023, 'Marta Ramirez', 'marta.ramirez7427@yahoo.com', '5535467592', '2024-07-24', '2024-07-25', 4500, 'facturada', NOW());
INSERT INTO invoices (invoice_code, reservation_id, total, method, invoice_date, created_at) VALUES ('I-2D605553', 1558, 4500, 'tarjeta', '2024-07-25', NOW());
INSERT INTO reservations (reservation_id, reservation_code, client_id, room_id, guest_name, guest_email, guest_phone, checkin_date, checkout_date, total, status, created_at) VALUES (1559, 'R-EA2E158A', 1082, 1008, 'Ana Torres', 'ana.torres7266@yahoo.com', '5565803465', '2025-03-09', '2025-03-16', 8400, 'facturada', NOW());
INSERT INTO invoices (invoice_code, reservation_id, total, method, invoice_date, created_at) VALUES ('I-B0B3C32C', 1559, 8400, 'transferencia', '2025-03-16', NOW());
INSERT INTO reservations (reservation_id, reservation_code, client_id, room_id, guest_name, guest_email, guest_phone, checkin_date, checkout_date, total, status, created_at) VALUES (1560, 'R-ECB762D4', 1186, 1017, 'Paula Rodriguez', 'paula.rodriguez7053@gmail.com', '5525178565', '2024-11-15', '2024-11-19', 18000, 'facturada', NOW());
INSERT INTO reservation_services (reservation_id, service_id, quantity, unit_price, added_at, service_date) VALUES (1560, 1002, 3, 250, '2024-11-15 10:00:00', '2024-11-15');
INSERT INTO reservation_services (reservation_id, service_id, quantity, unit_price, added_at, service_date) VALUES (1560, 1001, 2, 600, '2024-11-17 10:00:00', '2024-11-17');
INSERT INTO reservation_services (reservation_id, service_id, quantity, unit_price, added_at, service_date) VALUES (1560, 1002, 3, 250, '2024-11-15 10:00:00', '2024-11-15');
INSERT INTO invoices (invoice_code, reservation_id, total, method, invoice_date, created_at) VALUES ('I-EF535AA9', 1560, 20700, 'efectivo', '2024-11-19', NOW());
INSERT INTO reservations (reservation_id, reservation_code, client_id, room_id, guest_name, guest_email, guest_phone, checkin_date, checkout_date, total, status, created_at) VALUES (1561, 'R-F61B3892', 1085, 1049, 'Lucia Rodriguez', 'lucia.rodriguez5755@outlook.com', '5516666782', '2024-08-04', '2024-08-10', 27000, 'facturada', NOW());
INSERT INTO reservation_services (reservation_id, service_id, quantity, unit_price, added_at, service_date) VALUES (1561, 1000, 2, 800, '2024-08-08 10:00:00', '2024-08-08');
INSERT INTO reservation_services (reservation_id, service_id, quantity, unit_price, added_at, service_date) VALUES (1561, 1003, 2, 1500, '2024-08-04 10:00:00', '2024-08-04');
INSERT INTO reservation_services (reservation_id, service_id, quantity, unit_price, added_at, service_date) VALUES (1561, 1006, 2, 150, '2024-08-09 10:00:00', '2024-08-09');
INSERT INTO reservation_services (reservation_id, service_id, quantity, unit_price, added_at, service_date) VALUES (1561, 1001, 1, 600, '2024-08-07 10:00:00', '2024-08-07');
INSERT INTO reservation_services (reservation_id, service_id, quantity, unit_price, added_at, service_date) VALUES (1561, 1001, 3, 600, '2024-08-08 10:00:00', '2024-08-08');
INSERT INTO invoices (invoice_code, reservation_id, total, method, invoice_date, created_at) VALUES ('I-7884B52D', 1561, 34300, 'transferencia', '2024-08-10', NOW());
INSERT INTO reservations (reservation_id, reservation_code, client_id, room_id, guest_name, guest_email, guest_phone, checkin_date, checkout_date, total, status, created_at) VALUES (1562, 'R-91A9ECB5', 1007, 1014, 'Jose Gomez', 'jose.gomez9460@outlook.com', '5525539588', '2024-04-26', '2024-04-27', 2200, 'facturada', NOW());
INSERT INTO reservation_services (reservation_id, service_id, quantity, unit_price, added_at, service_date) VALUES (1562, 1001, 1, 600, '2024-04-26 10:00:00', '2024-04-26');
INSERT INTO reservation_services (reservation_id, service_id, quantity, unit_price, added_at, service_date) VALUES (1562, 1004, 1, 400, '2024-04-26 10:00:00', '2024-04-26');
INSERT INTO reservation_services (reservation_id, service_id, quantity, unit_price, added_at, service_date) VALUES (1562, 1004, 2, 400, '2024-04-26 10:00:00', '2024-04-26');
INSERT INTO invoices (invoice_code, reservation_id, total, method, invoice_date, created_at) VALUES ('I-7DBFAB15', 1562, 4000, 'efectivo', '2024-04-27', NOW());
INSERT INTO reservations (reservation_id, reservation_code, client_id, room_id, guest_name, guest_email, guest_phone, checkin_date, checkout_date, total, status, created_at) VALUES (1563, 'R-7E1A20FD', 1049, 1017, 'Roberto Gonzalez', 'roberto.gonzalez9093@yahoo.com', '5596328062', '2025-01-05', '2025-01-11', 27000, 'checkout', NOW());
INSERT INTO reservation_services (reservation_id, service_id, quantity, unit_price, added_at, service_date) VALUES (1563, 1003, 2, 1500, '2025-01-08 10:00:00', '2025-01-08');
INSERT INTO reservation_services (reservation_id, service_id, quantity, unit_price, added_at, service_date) VALUES (1563, 1005, 2, 500, '2025-01-06 10:00:00', '2025-01-06');
INSERT INTO reservation_services (reservation_id, service_id, quantity, unit_price, added_at, service_date) VALUES (1563, 1006, 1, 150, '2025-01-10 10:00:00', '2025-01-10');
INSERT INTO reservation_services (reservation_id, service_id, quantity, unit_price, added_at, service_date) VALUES (1563, 1003, 3, 1500, '2025-01-09 10:00:00', '2025-01-09');
INSERT INTO reservations (reservation_id, reservation_code, client_id, room_id, guest_name, guest_email, guest_phone, checkin_date, checkout_date, total, status, created_at) VALUES (1564, 'R-16AD6D15', 1007, 1038, 'Jose Gomez', 'jose.gomez9460@outlook.com', '5577613478', '2025-03-29', '2025-04-05', 31500, 'facturada', NOW());
INSERT INTO reservation_services (reservation_id, service_id, quantity, unit_price, added_at, service_date) VALUES (1564, 1002, 1, 250, '2025-03-31 10:00:00', '2025-03-31');
INSERT INTO reservation_services (reservation_id, service_id, quantity, unit_price, added_at, service_date) VALUES (1564, 1003, 1, 1500, '2025-03-31 10:00:00', '2025-03-31');
INSERT INTO reservation_services (reservation_id, service_id, quantity, unit_price, added_at, service_date) VALUES (1564, 1006, 1, 150, '2025-03-31 10:00:00', '2025-03-31');
INSERT INTO reservation_services (reservation_id, service_id, quantity, unit_price, added_at, service_date) VALUES (1564, 1000, 1, 800, '2025-04-04 10:00:00', '2025-04-04');
INSERT INTO reservation_services (reservation_id, service_id, quantity, unit_price, added_at, service_date) VALUES (1564, 1003, 2, 1500, '2025-03-31 10:00:00', '2025-03-31');
INSERT INTO invoices (invoice_code, reservation_id, total, method, invoice_date, created_at) VALUES ('I-5A62EA9D', 1564, 37200, 'tarjeta', '2025-04-05', NOW());
INSERT INTO reservations (reservation_id, reservation_code, client_id, room_id, guest_name, guest_email, guest_phone, checkin_date, checkout_date, total, status, created_at) VALUES (1565, 'R-2E0FB8F0', 1123, 1006, 'Marta Flores', 'marta.flores5280@hotmail.com', '5552694998', '2024-10-31', '2024-11-06', 7200, 'facturada', NOW());
INSERT INTO reservation_services (reservation_id, service_id, quantity, unit_price, added_at, service_date) VALUES (1565, 1002, 2, 250, '2024-11-05 10:00:00', '2024-11-05');
INSERT INTO invoices (invoice_code, reservation_id, total, method, invoice_date, created_at) VALUES ('I-810E4932', 1565, 7700, 'efectivo', '2024-11-06', NOW());
INSERT INTO reservations (reservation_id, reservation_code, client_id, room_id, guest_name, guest_email, guest_phone, checkin_date, checkout_date, total, status, created_at) VALUES (1566, 'R-098F6ED1', 1178, 1020, 'Jose Gomez', 'jose.gomez1411@gmail.com', '5516669509', '2024-11-15', '2024-11-20', 22500, 'checkout', NOW());
INSERT INTO reservation_services (reservation_id, service_id, quantity, unit_price, added_at, service_date) VALUES (1566, 1002, 1, 250, '2024-11-15 10:00:00', '2024-11-15');
INSERT INTO reservation_services (reservation_id, service_id, quantity, unit_price, added_at, service_date) VALUES (1566, 1006, 2, 150, '2024-11-17 10:00:00', '2024-11-17');
INSERT INTO reservation_services (reservation_id, service_id, quantity, unit_price, added_at, service_date) VALUES (1566, 1002, 2, 250, '2024-11-19 10:00:00', '2024-11-19');
INSERT INTO reservation_services (reservation_id, service_id, quantity, unit_price, added_at, service_date) VALUES (1566, 1002, 2, 250, '2024-11-15 10:00:00', '2024-11-15');
INSERT INTO reservation_services (reservation_id, service_id, quantity, unit_price, added_at, service_date) VALUES (1566, 1001, 2, 600, '2024-11-17 10:00:00', '2024-11-17');
INSERT INTO reservations (reservation_id, reservation_code, client_id, room_id, guest_name, guest_email, guest_phone, checkin_date, checkout_date, total, status, created_at) VALUES (1567, 'R-82BCACFD', 1147, 1047, 'Elena Perez', 'elena.perez4766@gmail.com', '5577274099', '2025-02-28', '2025-03-04', 8800, 'facturada', NOW());
INSERT INTO reservation_services (reservation_id, service_id, quantity, unit_price, added_at, service_date) VALUES (1567, 1001, 3, 600, '2025-03-03 10:00:00', '2025-03-03');
INSERT INTO reservation_services (reservation_id, service_id, quantity, unit_price, added_at, service_date) VALUES (1567, 1006, 2, 150, '2025-03-03 10:00:00', '2025-03-03');
INSERT INTO reservation_services (reservation_id, service_id, quantity, unit_price, added_at, service_date) VALUES (1567, 1001, 1, 600, '2025-03-03 10:00:00', '2025-03-03');
INSERT INTO reservation_services (reservation_id, service_id, quantity, unit_price, added_at, service_date) VALUES (1567, 1004, 1, 400, '2025-03-03 10:00:00', '2025-03-03');
INSERT INTO reservation_services (reservation_id, service_id, quantity, unit_price, added_at, service_date) VALUES (1567, 1003, 3, 1500, '2025-03-02 10:00:00', '2025-03-02');
INSERT INTO invoices (invoice_code, reservation_id, total, method, invoice_date, created_at) VALUES ('I-0CDEF62E', 1567, 16400, 'efectivo', '2025-03-04', NOW());
INSERT INTO reservations (reservation_id, reservation_code, client_id, room_id, guest_name, guest_email, guest_phone, checkin_date, checkout_date, total, status, created_at) VALUES (1568, 'R-F4732738', 1078, 1026, 'Paula Rivera', 'paula.rivera9759@gmail.com', '5572583316', '2025-02-28', '2025-03-01', 2200, 'cancelada', NOW());
INSERT INTO reservations (reservation_id, reservation_code, client_id, room_id, guest_name, guest_email, guest_phone, checkin_date, checkout_date, total, status, created_at) VALUES (1569, 'R-1D5601B0', 1169, 1046, 'Juan Gomez', 'juan.gomez7189@yahoo.com', '5574029852', '2024-06-13', '2024-06-15', 4400, 'facturada', NOW());
INSERT INTO invoices (invoice_code, reservation_id, total, method, invoice_date, created_at) VALUES ('I-87498AF4', 1569, 4400, 'efectivo', '2024-06-15', NOW());
INSERT INTO reservations (reservation_id, reservation_code, client_id, room_id, guest_name, guest_email, guest_phone, checkin_date, checkout_date, total, status, created_at) VALUES (1570, 'R-1668CBA5', 1149, 1020, 'Pedro Gonzalez', 'pedro.gonzalez1596@gmail.com', '5545503879', '2024-12-01', '2024-12-02', 4500, 'facturada', NOW());
INSERT INTO reservation_services (reservation_id, service_id, quantity, unit_price, added_at, service_date) VALUES (1570, 1006, 3, 150, '2024-12-01 10:00:00', '2024-12-01');
INSERT INTO reservation_services (reservation_id, service_id, quantity, unit_price, added_at, service_date) VALUES (1570, 1005, 3, 500, '2024-12-01 10:00:00', '2024-12-01');
INSERT INTO reservation_services (reservation_id, service_id, quantity, unit_price, added_at, service_date) VALUES (1570, 1005, 2, 500, '2024-12-01 10:00:00', '2024-12-01');
INSERT INTO invoices (invoice_code, reservation_id, total, method, invoice_date, created_at) VALUES ('I-EBDBCE8D', 1570, 7450, 'efectivo', '2024-12-02', NOW());
INSERT INTO reservations (reservation_id, reservation_code, client_id, room_id, guest_name, guest_email, guest_phone, checkin_date, checkout_date, total, status, created_at) VALUES (1571, 'R-31D6FF2F', 1054, 1049, 'Lucia Sanchez', 'lucia.sanchez7379@outlook.com', '5539965251', '2024-07-12', '2024-07-14', 9000, 'facturada', NOW());
INSERT INTO reservation_services (reservation_id, service_id, quantity, unit_price, added_at, service_date) VALUES (1571, 1003, 3, 1500, '2024-07-13 10:00:00', '2024-07-13');
INSERT INTO reservation_services (reservation_id, service_id, quantity, unit_price, added_at, service_date) VALUES (1571, 1002, 3, 250, '2024-07-12 10:00:00', '2024-07-12');
INSERT INTO reservation_services (reservation_id, service_id, quantity, unit_price, added_at, service_date) VALUES (1571, 1001, 1, 600, '2024-07-13 10:00:00', '2024-07-13');
INSERT INTO reservation_services (reservation_id, service_id, quantity, unit_price, added_at, service_date) VALUES (1571, 1002, 1, 250, '2024-07-12 10:00:00', '2024-07-12');
INSERT INTO reservation_services (reservation_id, service_id, quantity, unit_price, added_at, service_date) VALUES (1571, 1005, 1, 500, '2024-07-13 10:00:00', '2024-07-13');
INSERT INTO invoices (invoice_code, reservation_id, total, method, invoice_date, created_at) VALUES ('I-461977A1', 1571, 15600, 'efectivo', '2024-07-14', NOW());
INSERT INTO reservations (reservation_id, reservation_code, client_id, room_id, guest_name, guest_email, guest_phone, checkin_date, checkout_date, total, status, created_at) VALUES (1572, 'R-517186CA', 1156, 1028, 'Ana Garcia', 'ana.garcia4944@hotmail.com', '5587195521', '2024-09-01', '2024-09-02', 1200, 'facturada', NOW());
INSERT INTO invoices (invoice_code, reservation_id, total, method, invoice_date, created_at) VALUES ('I-251463A2', 1572, 1200, 'efectivo', '2024-09-02', NOW());
INSERT INTO reservations (reservation_id, reservation_code, client_id, room_id, guest_name, guest_email, guest_phone, checkin_date, checkout_date, total, status, created_at) VALUES (1573, 'R-A48EA8C5', 1070, 1028, 'Lucia Reyes', 'lucia.reyes9355@hotel.com', '5567356972', '2024-10-09', '2024-10-11', 2400, 'facturada', NOW());
INSERT INTO reservation_services (reservation_id, service_id, quantity, unit_price, added_at, service_date) VALUES (1573, 1000, 3, 800, '2024-10-09 10:00:00', '2024-10-09');
INSERT INTO reservation_services (reservation_id, service_id, quantity, unit_price, added_at, service_date) VALUES (1573, 1001, 3, 600, '2024-10-10 10:00:00', '2024-10-10');
INSERT INTO reservation_services (reservation_id, service_id, quantity, unit_price, added_at, service_date) VALUES (1573, 1000, 2, 800, '2024-10-09 10:00:00', '2024-10-09');
INSERT INTO reservation_services (reservation_id, service_id, quantity, unit_price, added_at, service_date) VALUES (1573, 1006, 3, 150, '2024-10-10 10:00:00', '2024-10-10');
INSERT INTO reservation_services (reservation_id, service_id, quantity, unit_price, added_at, service_date) VALUES (1573, 1001, 1, 600, '2024-10-09 10:00:00', '2024-10-09');
INSERT INTO invoices (invoice_code, reservation_id, total, method, invoice_date, created_at) VALUES ('I-2CEA22F2', 1573, 9250, 'transferencia', '2024-10-11', NOW());
INSERT INTO reservations (reservation_id, reservation_code, client_id, room_id, guest_name, guest_email, guest_phone, checkin_date, checkout_date, total, status, created_at) VALUES (1574, 'R-661D56E0', 1048, 1008, 'Elena Hernandez', 'elena.hernandez2864@hotel.com', '5586644987', '2024-09-22', '2024-09-23', 1200, 'cancelada', NOW());
INSERT INTO reservations (reservation_id, reservation_code, client_id, room_id, guest_name, guest_email, guest_phone, checkin_date, checkout_date, total, status, created_at) VALUES (1575, 'R-B120AD23', 1193, 1046, 'Jorge Martinez', 'jorge.martinez1967@hotmail.com', '5548478027', '2024-08-12', '2024-08-14', 4400, 'facturada', NOW());
INSERT INTO reservation_services (reservation_id, service_id, quantity, unit_price, added_at, service_date) VALUES (1575, 1001, 3, 600, '2024-08-12 10:00:00', '2024-08-12');
INSERT INTO reservation_services (reservation_id, service_id, quantity, unit_price, added_at, service_date) VALUES (1575, 1001, 1, 600, '2024-08-13 10:00:00', '2024-08-13');
INSERT INTO reservation_services (reservation_id, service_id, quantity, unit_price, added_at, service_date) VALUES (1575, 1006, 2, 150, '2024-08-12 10:00:00', '2024-08-12');
INSERT INTO reservation_services (reservation_id, service_id, quantity, unit_price, added_at, service_date) VALUES (1575, 1006, 3, 150, '2024-08-12 10:00:00', '2024-08-12');
INSERT INTO invoices (invoice_code, reservation_id, total, method, invoice_date, created_at) VALUES ('I-4A46B4AA', 1575, 7550, 'transferencia', '2024-08-14', NOW());
INSERT INTO reservations (reservation_id, reservation_code, client_id, room_id, guest_name, guest_email, guest_phone, checkin_date, checkout_date, total, status, created_at) VALUES (1576, 'R-65777F36', 1000, 1013, 'Maria Rodriguez', 'maria.rodriguez5126@yahoo.com', '5516741431', '2025-04-10', '2025-04-11', 2200, 'facturada', NOW());
INSERT INTO reservation_services (reservation_id, service_id, quantity, unit_price, added_at, service_date) VALUES (1576, 1005, 1, 500, '2025-04-10 10:00:00', '2025-04-10');
INSERT INTO reservation_services (reservation_id, service_id, quantity, unit_price, added_at, service_date) VALUES (1576, 1001, 2, 600, '2025-04-10 10:00:00', '2025-04-10');
INSERT INTO reservation_services (reservation_id, service_id, quantity, unit_price, added_at, service_date) VALUES (1576, 1004, 2, 400, '2025-04-10 10:00:00', '2025-04-10');
INSERT INTO invoices (invoice_code, reservation_id, total, method, invoice_date, created_at) VALUES ('I-90B918E3', 1576, 4700, 'tarjeta', '2025-04-11', NOW());
INSERT INTO reservations (reservation_id, reservation_code, client_id, room_id, guest_name, guest_email, guest_phone, checkin_date, checkout_date, total, status, created_at) VALUES (1577, 'R-7A20AFF4', 1150, 1046, 'Paula Diaz', 'paula.diaz8916@hotel.com', '5526456892', '2024-03-23', '2024-03-24', 2200, 'facturada', NOW());
INSERT INTO reservation_services (reservation_id, service_id, quantity, unit_price, added_at, service_date) VALUES (1577, 1000, 1, 800, '2024-03-23 10:00:00', '2024-03-23');
INSERT INTO reservation_services (reservation_id, service_id, quantity, unit_price, added_at, service_date) VALUES (1577, 1001, 3, 600, '2024-03-23 10:00:00', '2024-03-23');
INSERT INTO reservation_services (reservation_id, service_id, quantity, unit_price, added_at, service_date) VALUES (1577, 1001, 1, 600, '2024-03-23 10:00:00', '2024-03-23');
INSERT INTO invoices (invoice_code, reservation_id, total, method, invoice_date, created_at) VALUES ('I-CFF39AB3', 1577, 5400, 'transferencia', '2024-03-24', NOW());
INSERT INTO reservations (reservation_id, reservation_code, client_id, room_id, guest_name, guest_email, guest_phone, checkin_date, checkout_date, total, status, created_at) VALUES (1578, 'R-3BEF3437', 1120, 1001, 'David Sanchez', 'david.sanchez9835@yahoo.com', '5574651113', '2024-03-13', '2024-03-17', 18000, 'facturada', NOW());
INSERT INTO invoices (invoice_code, reservation_id, total, method, invoice_date, created_at) VALUES ('I-E682195F', 1578, 18000, 'transferencia', '2024-03-17', NOW());
INSERT INTO reservations (reservation_id, reservation_code, client_id, room_id, guest_name, guest_email, guest_phone, checkin_date, checkout_date, total, status, created_at) VALUES (1579, 'R-EC60B1C5', 1066, 1041, 'Lucia Reyes', 'lucia.reyes8438@hotel.com', '5576698672', '2025-01-19', '2025-01-20', 2200, 'facturada', NOW());
INSERT INTO reservation_services (reservation_id, service_id, quantity, unit_price, added_at, service_date) VALUES (1579, 1004, 2, 400, '2025-01-19 10:00:00', '2025-01-19');
INSERT INTO invoices (invoice_code, reservation_id, total, method, invoice_date, created_at) VALUES ('I-11191611', 1579, 3000, 'efectivo', '2025-01-20', NOW());
INSERT INTO reservations (reservation_id, reservation_code, client_id, room_id, guest_name, guest_email, guest_phone, checkin_date, checkout_date, total, status, created_at) VALUES (1580, 'R-6743085E', 1104, 1032, 'Luis Perez', 'luis.perez1352@hotmail.com', '5594960944', '2024-04-22', '2024-04-23', 4500, 'facturada', NOW());
INSERT INTO invoices (invoice_code, reservation_id, total, method, invoice_date, created_at) VALUES ('I-B7246580', 1580, 4500, 'efectivo', '2024-04-23', NOW());
INSERT INTO reservations (reservation_id, reservation_code, client_id, room_id, guest_name, guest_email, guest_phone, checkin_date, checkout_date, total, status, created_at) VALUES (1581, 'R-2D24254E', 1030, 1003, 'David Reyes', 'david.reyes5874@outlook.com', '5543142743', '2025-03-06', '2025-03-10', 8800, 'facturada', NOW());
INSERT INTO reservation_services (reservation_id, service_id, quantity, unit_price, added_at, service_date) VALUES (1581, 1001, 1, 600, '2025-03-06 10:00:00', '2025-03-06');
INSERT INTO reservation_services (reservation_id, service_id, quantity, unit_price, added_at, service_date) VALUES (1581, 1006, 2, 150, '2025-03-09 10:00:00', '2025-03-09');
INSERT INTO reservation_services (reservation_id, service_id, quantity, unit_price, added_at, service_date) VALUES (1581, 1005, 3, 500, '2025-03-08 10:00:00', '2025-03-08');
INSERT INTO invoices (invoice_code, reservation_id, total, method, invoice_date, created_at) VALUES ('I-7449F969', 1581, 11200, 'tarjeta', '2025-03-10', NOW());
INSERT INTO reservations (reservation_id, reservation_code, client_id, room_id, guest_name, guest_email, guest_phone, checkin_date, checkout_date, total, status, created_at) VALUES (1582, 'R-6085B08F', 1172, 1044, 'Elena Lopez', 'elena.lopez6074@gmail.com', '5555122317', '2024-06-24', '2024-07-01', 8400, 'facturada', NOW());
INSERT INTO reservation_services (reservation_id, service_id, quantity, unit_price, added_at, service_date) VALUES (1582, 1000, 3, 800, '2024-06-26 10:00:00', '2024-06-26');
INSERT INTO reservation_services (reservation_id, service_id, quantity, unit_price, added_at, service_date) VALUES (1582, 1005, 2, 500, '2024-06-29 10:00:00', '2024-06-29');
INSERT INTO invoices (invoice_code, reservation_id, total, method, invoice_date, created_at) VALUES ('I-F1A4BBF1', 1582, 11800, 'transferencia', '2024-07-01', NOW());
INSERT INTO reservations (reservation_id, reservation_code, client_id, room_id, guest_name, guest_email, guest_phone, checkin_date, checkout_date, total, status, created_at) VALUES (1583, 'R-BB75BC98', 1027, 1044, 'David Lopez', 'david.lopez1361@hotel.com', '5537181005', '2025-04-11', '2025-04-12', 1200, 'facturada', NOW());
INSERT INTO reservation_services (reservation_id, service_id, quantity, unit_price, added_at, service_date) VALUES (1583, 1000, 2, 800, '2025-04-11 10:00:00', '2025-04-11');
INSERT INTO reservation_services (reservation_id, service_id, quantity, unit_price, added_at, service_date) VALUES (1583, 1000, 3, 800, '2025-04-11 10:00:00', '2025-04-11');
INSERT INTO invoices (invoice_code, reservation_id, total, method, invoice_date, created_at) VALUES ('I-857E06B1', 1583, 5200, 'transferencia', '2025-04-12', NOW());
INSERT INTO reservations (reservation_id, reservation_code, client_id, room_id, guest_name, guest_email, guest_phone, checkin_date, checkout_date, total, status, created_at) VALUES (1584, 'R-CD124659', 1043, 1001, 'Maria Martinez', 'maria.martinez8237@hotel.com', '5531120785', '2024-01-25', '2024-01-27', 9000, 'checkout', NOW());
INSERT INTO reservation_services (reservation_id, service_id, quantity, unit_price, added_at, service_date) VALUES (1584, 1002, 3, 250, '2024-01-25 10:00:00', '2024-01-25');
INSERT INTO reservation_services (reservation_id, service_id, quantity, unit_price, added_at, service_date) VALUES (1584, 1004, 2, 400, '2024-01-25 10:00:00', '2024-01-25');
INSERT INTO reservation_services (reservation_id, service_id, quantity, unit_price, added_at, service_date) VALUES (1584, 1000, 3, 800, '2024-01-25 10:00:00', '2024-01-25');
INSERT INTO reservation_services (reservation_id, service_id, quantity, unit_price, added_at, service_date) VALUES (1584, 1003, 1, 1500, '2024-01-26 10:00:00', '2024-01-26');
INSERT INTO reservation_services (reservation_id, service_id, quantity, unit_price, added_at, service_date) VALUES (1584, 1002, 1, 250, '2024-01-25 10:00:00', '2024-01-25');
INSERT INTO reservations (reservation_id, reservation_code, client_id, room_id, guest_name, guest_email, guest_phone, checkin_date, checkout_date, total, status, created_at) VALUES (1585, 'R-757607A8', 1078, 1028, 'Paula Rivera', 'paula.rivera9759@gmail.com', '5584796141', '2024-07-24', '2024-07-30', 7200, 'facturada', NOW());
INSERT INTO reservation_services (reservation_id, service_id, quantity, unit_price, added_at, service_date) VALUES (1585, 1005, 2, 500, '2024-07-25 10:00:00', '2024-07-25');
INSERT INTO reservation_services (reservation_id, service_id, quantity, unit_price, added_at, service_date) VALUES (1585, 1002, 1, 250, '2024-07-24 10:00:00', '2024-07-24');
INSERT INTO reservation_services (reservation_id, service_id, quantity, unit_price, added_at, service_date) VALUES (1585, 1000, 3, 800, '2024-07-29 10:00:00', '2024-07-29');
INSERT INTO reservation_services (reservation_id, service_id, quantity, unit_price, added_at, service_date) VALUES (1585, 1001, 3, 600, '2024-07-27 10:00:00', '2024-07-27');
INSERT INTO reservation_services (reservation_id, service_id, quantity, unit_price, added_at, service_date) VALUES (1585, 1004, 2, 400, '2024-07-24 10:00:00', '2024-07-24');
INSERT INTO invoices (invoice_code, reservation_id, total, method, invoice_date, created_at) VALUES ('I-272D3D46', 1585, 13450, 'transferencia', '2024-07-30', NOW());
INSERT INTO reservations (reservation_id, reservation_code, client_id, room_id, guest_name, guest_email, guest_phone, checkin_date, checkout_date, total, status, created_at) VALUES (1586, 'R-77A56ED9', 1161, 1042, 'Carmen Flores', 'carmen.flores8781@hotel.com', '5516132909', '2025-01-21', '2025-01-28', 31500, 'facturada', NOW());
INSERT INTO reservation_services (reservation_id, service_id, quantity, unit_price, added_at, service_date) VALUES (1586, 1002, 3, 250, '2025-01-24 10:00:00', '2025-01-24');
INSERT INTO reservation_services (reservation_id, service_id, quantity, unit_price, added_at, service_date) VALUES (1586, 1004, 3, 400, '2025-01-25 10:00:00', '2025-01-25');
INSERT INTO reservation_services (reservation_id, service_id, quantity, unit_price, added_at, service_date) VALUES (1586, 1000, 3, 800, '2025-01-27 10:00:00', '2025-01-27');
INSERT INTO reservation_services (reservation_id, service_id, quantity, unit_price, added_at, service_date) VALUES (1586, 1003, 1, 1500, '2025-01-22 10:00:00', '2025-01-22');
INSERT INTO reservation_services (reservation_id, service_id, quantity, unit_price, added_at, service_date) VALUES (1586, 1001, 2, 600, '2025-01-25 10:00:00', '2025-01-25');
INSERT INTO invoices (invoice_code, reservation_id, total, method, invoice_date, created_at) VALUES ('I-F0E1D301', 1586, 38550, 'transferencia', '2025-01-28', NOW());
INSERT INTO reservations (reservation_id, reservation_code, client_id, room_id, guest_name, guest_email, guest_phone, checkin_date, checkout_date, total, status, created_at) VALUES (1587, 'R-CE15BCCC', 1178, 1033, 'Jose Gomez', 'jose.gomez1411@gmail.com', '5590934867', '2024-03-04', '2024-03-09', 22500, 'facturada', NOW());
INSERT INTO reservation_services (reservation_id, service_id, quantity, unit_price, added_at, service_date) VALUES (1587, 1001, 3, 600, '2024-03-06 10:00:00', '2024-03-06');
INSERT INTO reservation_services (reservation_id, service_id, quantity, unit_price, added_at, service_date) VALUES (1587, 1003, 3, 1500, '2024-03-04 10:00:00', '2024-03-04');
INSERT INTO reservation_services (reservation_id, service_id, quantity, unit_price, added_at, service_date) VALUES (1587, 1004, 3, 400, '2024-03-04 10:00:00', '2024-03-04');
INSERT INTO invoices (invoice_code, reservation_id, total, method, invoice_date, created_at) VALUES ('I-DD62D156', 1587, 30000, 'efectivo', '2024-03-09', NOW());
INSERT INTO reservations (reservation_id, reservation_code, client_id, room_id, guest_name, guest_email, guest_phone, checkin_date, checkout_date, total, status, created_at) VALUES (1588, 'R-5A15F3B8', 1165, 1029, 'Fernando Ramirez', 'fernando.ramirez1308@gmail.com', '5539725438', '2024-04-08', '2024-04-14', 13200, 'checkout', NOW());
INSERT INTO reservation_services (reservation_id, service_id, quantity, unit_price, added_at, service_date) VALUES (1588, 1000, 3, 800, '2024-04-08 10:00:00', '2024-04-08');
INSERT INTO reservation_services (reservation_id, service_id, quantity, unit_price, added_at, service_date) VALUES (1588, 1005, 1, 500, '2024-04-08 10:00:00', '2024-04-08');
INSERT INTO reservation_services (reservation_id, service_id, quantity, unit_price, added_at, service_date) VALUES (1588, 1006, 1, 150, '2024-04-13 10:00:00', '2024-04-13');
INSERT INTO reservations (reservation_id, reservation_code, client_id, room_id, guest_name, guest_email, guest_phone, checkin_date, checkout_date, total, status, created_at) VALUES (1589, 'R-17909294', 1145, 1007, 'Carlos Lopez', 'carlos.lopez4054@yahoo.com', '5524283483', '2024-11-03', '2024-11-10', 15400, 'facturada', NOW());
INSERT INTO reservation_services (reservation_id, service_id, quantity, unit_price, added_at, service_date) VALUES (1589, 1000, 3, 800, '2024-11-05 10:00:00', '2024-11-05');
INSERT INTO invoices (invoice_code, reservation_id, total, method, invoice_date, created_at) VALUES ('I-55ADE07D', 1589, 17800, 'tarjeta', '2024-11-10', NOW());
INSERT INTO reservations (reservation_id, reservation_code, client_id, room_id, guest_name, guest_email, guest_phone, checkin_date, checkout_date, total, status, created_at) VALUES (1590, 'R-823302F7', 1046, 1014, 'Miguel Garcia', 'miguel.garcia7471@hotel.com', '5564609151', '2024-07-21', '2024-07-25', 8800, 'checkout', NOW());
INSERT INTO reservation_services (reservation_id, service_id, quantity, unit_price, added_at, service_date) VALUES (1590, 1003, 2, 1500, '2024-07-24 10:00:00', '2024-07-24');
INSERT INTO reservation_services (reservation_id, service_id, quantity, unit_price, added_at, service_date) VALUES (1590, 1002, 1, 250, '2024-07-22 10:00:00', '2024-07-22');
INSERT INTO reservation_services (reservation_id, service_id, quantity, unit_price, added_at, service_date) VALUES (1590, 1005, 3, 500, '2024-07-22 10:00:00', '2024-07-22');
INSERT INTO reservation_services (reservation_id, service_id, quantity, unit_price, added_at, service_date) VALUES (1590, 1001, 3, 600, '2024-07-21 10:00:00', '2024-07-21');
INSERT INTO reservation_services (reservation_id, service_id, quantity, unit_price, added_at, service_date) VALUES (1590, 1000, 3, 800, '2024-07-24 10:00:00', '2024-07-24');
INSERT INTO reservations (reservation_id, reservation_code, client_id, room_id, guest_name, guest_email, guest_phone, checkin_date, checkout_date, total, status, created_at) VALUES (1591, 'R-D6F21322', 1110, 1030, 'Carlos Flores', 'carlos.flores1723@hotel.com', '5534867073', '2024-06-30', '2024-07-03', 13500, 'facturada', NOW());
INSERT INTO reservation_services (reservation_id, service_id, quantity, unit_price, added_at, service_date) VALUES (1591, 1001, 2, 600, '2024-07-02 10:00:00', '2024-07-02');
INSERT INTO reservation_services (reservation_id, service_id, quantity, unit_price, added_at, service_date) VALUES (1591, 1006, 3, 150, '2024-07-01 10:00:00', '2024-07-01');
INSERT INTO invoices (invoice_code, reservation_id, total, method, invoice_date, created_at) VALUES ('I-61AD095F', 1591, 15150, 'tarjeta', '2024-07-03', NOW());
INSERT INTO reservations (reservation_id, reservation_code, client_id, room_id, guest_name, guest_email, guest_phone, checkin_date, checkout_date, total, status, created_at) VALUES (1592, 'R-CB9C7A77', 1010, 1004, 'David Rodriguez', 'david.rodriguez7916@hotel.com', '5522413445', '2024-08-11', '2024-08-16', 11000, 'facturada', NOW());
INSERT INTO reservation_services (reservation_id, service_id, quantity, unit_price, added_at, service_date) VALUES (1592, 1002, 3, 250, '2024-08-13 10:00:00', '2024-08-13');
INSERT INTO invoices (invoice_code, reservation_id, total, method, invoice_date, created_at) VALUES ('I-4C2950F3', 1592, 11750, 'transferencia', '2024-08-16', NOW());
INSERT INTO reservations (reservation_id, reservation_code, client_id, room_id, guest_name, guest_email, guest_phone, checkin_date, checkout_date, total, status, created_at) VALUES (1593, 'R-E415BFD5', 1073, 1016, 'Maria Gonzalez', 'maria.gonzalez2836@gmail.com', '5525942289', '2024-04-08', '2024-04-10', 4400, 'checkout', NOW());
INSERT INTO reservation_services (reservation_id, service_id, quantity, unit_price, added_at, service_date) VALUES (1593, 1001, 1, 600, '2024-04-09 10:00:00', '2024-04-09');
INSERT INTO reservation_services (reservation_id, service_id, quantity, unit_price, added_at, service_date) VALUES (1593, 1003, 3, 1500, '2024-04-08 10:00:00', '2024-04-08');
INSERT INTO reservation_services (reservation_id, service_id, quantity, unit_price, added_at, service_date) VALUES (1593, 1000, 2, 800, '2024-04-09 10:00:00', '2024-04-09');
INSERT INTO reservation_services (reservation_id, service_id, quantity, unit_price, added_at, service_date) VALUES (1593, 1002, 2, 250, '2024-04-08 10:00:00', '2024-04-08');
INSERT INTO reservations (reservation_id, reservation_code, client_id, room_id, guest_name, guest_email, guest_phone, checkin_date, checkout_date, total, status, created_at) VALUES (1594, 'R-BC5C1264', 1149, 1049, 'Pedro Gonzalez', 'pedro.gonzalez1596@gmail.com', '5539708667', '2024-08-27', '2024-08-31', 18000, 'facturada', NOW());
INSERT INTO reservation_services (reservation_id, service_id, quantity, unit_price, added_at, service_date) VALUES (1594, 1000, 1, 800, '2024-08-29 10:00:00', '2024-08-29');
INSERT INTO reservation_services (reservation_id, service_id, quantity, unit_price, added_at, service_date) VALUES (1594, 1003, 2, 1500, '2024-08-29 10:00:00', '2024-08-29');
INSERT INTO reservation_services (reservation_id, service_id, quantity, unit_price, added_at, service_date) VALUES (1594, 1002, 2, 250, '2024-08-28 10:00:00', '2024-08-28');
INSERT INTO reservation_services (reservation_id, service_id, quantity, unit_price, added_at, service_date) VALUES (1594, 1005, 3, 500, '2024-08-29 10:00:00', '2024-08-29');
INSERT INTO invoices (invoice_code, reservation_id, total, method, invoice_date, created_at) VALUES ('I-80524D1A', 1594, 23800, 'tarjeta', '2024-08-31', NOW());
INSERT INTO reservations (reservation_id, reservation_code, client_id, room_id, guest_name, guest_email, guest_phone, checkin_date, checkout_date, total, status, created_at) VALUES (1595, 'R-A8BB3000', 1018, 1013, 'Marta Diaz', 'lucia.reyes504@outlook.com', '5583863842', '2024-06-10', '2024-06-11', 2200, 'facturada', NOW());
INSERT INTO reservation_services (reservation_id, service_id, quantity, unit_price, added_at, service_date) VALUES (1595, 1006, 3, 150, '2024-06-10 10:00:00', '2024-06-10');
INSERT INTO reservation_services (reservation_id, service_id, quantity, unit_price, added_at, service_date) VALUES (1595, 1003, 3, 1500, '2024-06-10 10:00:00', '2024-06-10');
INSERT INTO reservation_services (reservation_id, service_id, quantity, unit_price, added_at, service_date) VALUES (1595, 1004, 3, 400, '2024-06-10 10:00:00', '2024-06-10');
INSERT INTO invoices (invoice_code, reservation_id, total, method, invoice_date, created_at) VALUES ('I-C152D2DF', 1595, 8350, 'tarjeta', '2024-06-11', NOW());
INSERT INTO reservations (reservation_id, reservation_code, client_id, room_id, guest_name, guest_email, guest_phone, checkin_date, checkout_date, total, status, created_at) VALUES (1596, 'R-70EC5DB3', 1007, 1002, 'Jose Gomez', 'jose.gomez9460@outlook.com', '5573504695', '2024-06-27', '2024-06-29', 4400, 'facturada', NOW());
INSERT INTO reservation_services (reservation_id, service_id, quantity, unit_price, added_at, service_date) VALUES (1596, 1002, 3, 250, '2024-06-28 10:00:00', '2024-06-28');
INSERT INTO reservation_services (reservation_id, service_id, quantity, unit_price, added_at, service_date) VALUES (1596, 1001, 3, 600, '2024-06-27 10:00:00', '2024-06-27');
INSERT INTO invoices (invoice_code, reservation_id, total, method, invoice_date, created_at) VALUES ('I-BCAC4073', 1596, 6950, 'tarjeta', '2024-06-29', NOW());
INSERT INTO reservations (reservation_id, reservation_code, client_id, room_id, guest_name, guest_email, guest_phone, checkin_date, checkout_date, total, status, created_at) VALUES (1597, 'R-D2DFAFAB', 1157, 1003, 'Isabel Perez', 'isabel.perez6330@hotmail.com', '5541097623', '2024-09-07', '2024-09-08', 2200, 'facturada', NOW());
INSERT INTO invoices (invoice_code, reservation_id, total, method, invoice_date, created_at) VALUES ('I-F0AA1D40', 1597, 2200, 'efectivo', '2024-09-08', NOW());
INSERT INTO reservations (reservation_id, reservation_code, client_id, room_id, guest_name, guest_email, guest_phone, checkin_date, checkout_date, total, status, created_at) VALUES (1598, 'R-3E025B71', 1106, 1034, 'Marta Gonzalez', 'marta.gonzalez6241@yahoo.com', '5575690684', '2024-09-01', '2024-09-06', 11000, 'checkout', NOW());
INSERT INTO reservation_services (reservation_id, service_id, quantity, unit_price, added_at, service_date) VALUES (1598, 1005, 3, 500, '2024-09-03 10:00:00', '2024-09-03');
INSERT INTO reservation_services (reservation_id, service_id, quantity, unit_price, added_at, service_date) VALUES (1598, 1003, 1, 1500, '2024-09-04 10:00:00', '2024-09-04');
INSERT INTO reservations (reservation_id, reservation_code, client_id, room_id, guest_name, guest_email, guest_phone, checkin_date, checkout_date, total, status, created_at) VALUES (1599, 'R-C9D99620', 1116, 1040, 'Roberto Reyes', 'roberto.reyes8599@hotmail.com', '5549219234', '2024-06-01', '2024-06-07', 7200, 'facturada', NOW());
INSERT INTO reservation_services (reservation_id, service_id, quantity, unit_price, added_at, service_date) VALUES (1599, 1006, 2, 150, '2024-06-02 10:00:00', '2024-06-02');
INSERT INTO reservation_services (reservation_id, service_id, quantity, unit_price, added_at, service_date) VALUES (1599, 1001, 3, 600, '2024-06-06 10:00:00', '2024-06-06');
INSERT INTO reservation_services (reservation_id, service_id, quantity, unit_price, added_at, service_date) VALUES (1599, 1003, 3, 1500, '2024-06-03 10:00:00', '2024-06-03');
INSERT INTO reservation_services (reservation_id, service_id, quantity, unit_price, added_at, service_date) VALUES (1599, 1005, 1, 500, '2024-06-03 10:00:00', '2024-06-03');
INSERT INTO reservation_services (reservation_id, service_id, quantity, unit_price, added_at, service_date) VALUES (1599, 1005, 3, 500, '2024-06-06 10:00:00', '2024-06-06');
INSERT INTO invoices (invoice_code, reservation_id, total, method, invoice_date, created_at) VALUES ('I-EB7370C3', 1599, 15800, 'efectivo', '2024-06-07', NOW());
INSERT INTO reservations (reservation_id, reservation_code, client_id, room_id, guest_name, guest_email, guest_phone, checkin_date, checkout_date, total, status, created_at) VALUES (1600, 'R-9CC689FA', 1196, 1030, 'Marta Ramirez', 'marta.ramirez7427@yahoo.com', '5528861771', '2024-11-04', '2024-11-05', 4500, 'facturada', NOW());
INSERT INTO reservation_services (reservation_id, service_id, quantity, unit_price, added_at, service_date) VALUES (1600, 1003, 1, 1500, '2024-11-04 10:00:00', '2024-11-04');
INSERT INTO reservation_services (reservation_id, service_id, quantity, unit_price, added_at, service_date) VALUES (1600, 1001, 2, 600, '2024-11-04 10:00:00', '2024-11-04');
INSERT INTO reservation_services (reservation_id, service_id, quantity, unit_price, added_at, service_date) VALUES (1600, 1005, 3, 500, '2024-11-04 10:00:00', '2024-11-04');
INSERT INTO reservation_services (reservation_id, service_id, quantity, unit_price, added_at, service_date) VALUES (1600, 1001, 3, 600, '2024-11-04 10:00:00', '2024-11-04');
INSERT INTO invoices (invoice_code, reservation_id, total, method, invoice_date, created_at) VALUES ('I-5478217A', 1600, 10500, 'efectivo', '2024-11-05', NOW());
INSERT INTO reservations (reservation_id, reservation_code, client_id, room_id, guest_name, guest_email, guest_phone, checkin_date, checkout_date, total, status, created_at) VALUES (1601, 'R-FDFA8E94', 1084, 1014, 'Juan Garcia', 'juan.garcia6947@gmail.com', '5540902863', '2024-08-26', '2024-08-31', 11000, 'facturada', NOW());
INSERT INTO reservation_services (reservation_id, service_id, quantity, unit_price, added_at, service_date) VALUES (1601, 1002, 1, 250, '2024-08-27 10:00:00', '2024-08-27');
INSERT INTO invoices (invoice_code, reservation_id, total, method, invoice_date, created_at) VALUES ('I-182EB93B', 1601, 11250, 'transferencia', '2024-08-31', NOW());
INSERT INTO reservations (reservation_id, reservation_code, client_id, room_id, guest_name, guest_email, guest_phone, checkin_date, checkout_date, total, status, created_at) VALUES (1602, 'R-6C2AEF68', 1047, 1009, 'Lucia Perez', 'juan.sanchez348@hotmail.com', '5534178695', '2025-01-22', '2025-01-23', 1200, 'facturada', NOW());
INSERT INTO reservation_services (reservation_id, service_id, quantity, unit_price, added_at, service_date) VALUES (1602, 1001, 3, 600, '2025-01-22 10:00:00', '2025-01-22');
INSERT INTO reservation_services (reservation_id, service_id, quantity, unit_price, added_at, service_date) VALUES (1602, 1004, 2, 400, '2025-01-22 10:00:00', '2025-01-22');
INSERT INTO reservation_services (reservation_id, service_id, quantity, unit_price, added_at, service_date) VALUES (1602, 1000, 3, 800, '2025-01-22 10:00:00', '2025-01-22');
INSERT INTO reservation_services (reservation_id, service_id, quantity, unit_price, added_at, service_date) VALUES (1602, 1002, 2, 250, '2025-01-22 10:00:00', '2025-01-22');
INSERT INTO reservation_services (reservation_id, service_id, quantity, unit_price, added_at, service_date) VALUES (1602, 1005, 2, 500, '2025-01-22 10:00:00', '2025-01-22');
INSERT INTO invoices (invoice_code, reservation_id, total, method, invoice_date, created_at) VALUES ('I-D994C9BC', 1602, 7700, 'transferencia', '2025-01-23', NOW());
INSERT INTO reservations (reservation_id, reservation_code, client_id, room_id, guest_name, guest_email, guest_phone, checkin_date, checkout_date, total, status, created_at) VALUES (1603, 'R-66A4B605', 1149, 1020, 'Pedro Gonzalez', 'pedro.gonzalez1596@gmail.com', '5561152960', '2024-02-26', '2024-03-02', 22500, 'checkout', NOW());
INSERT INTO reservation_services (reservation_id, service_id, quantity, unit_price, added_at, service_date) VALUES (1603, 1006, 3, 150, '2024-02-29 10:00:00', '2024-02-29');
INSERT INTO reservations (reservation_id, reservation_code, client_id, room_id, guest_name, guest_email, guest_phone, checkin_date, checkout_date, total, status, created_at) VALUES (1604, 'R-8EE77EA5', 1020, 1033, 'Carmen Reyes', 'carmen.reyes8719@yahoo.com', '5545490545', '2024-05-06', '2024-05-08', 9000, 'checkout', NOW());
INSERT INTO reservation_services (reservation_id, service_id, quantity, unit_price, added_at, service_date) VALUES (1604, 1002, 2, 250, '2024-05-07 10:00:00', '2024-05-07');
INSERT INTO reservations (reservation_id, reservation_code, client_id, room_id, guest_name, guest_email, guest_phone, checkin_date, checkout_date, total, status, created_at) VALUES (1605, 'R-406741F4', 1069, 1043, 'Ana Hernandez', 'ana.hernandez1491@gmail.com', '5567649904', '2024-05-13', '2024-05-16', 13500, 'facturada', NOW());
INSERT INTO reservation_services (reservation_id, service_id, quantity, unit_price, added_at, service_date) VALUES (1605, 1001, 3, 600, '2024-05-13 10:00:00', '2024-05-13');
INSERT INTO reservation_services (reservation_id, service_id, quantity, unit_price, added_at, service_date) VALUES (1605, 1006, 3, 150, '2024-05-14 10:00:00', '2024-05-14');
INSERT INTO invoices (invoice_code, reservation_id, total, method, invoice_date, created_at) VALUES ('I-BA7161D3', 1605, 15750, 'transferencia', '2024-05-16', NOW());
INSERT INTO reservations (reservation_id, reservation_code, client_id, room_id, guest_name, guest_email, guest_phone, checkin_date, checkout_date, total, status, created_at) VALUES (1606, 'R-C37CE50D', 1165, 1034, 'Fernando Ramirez', 'fernando.ramirez1308@gmail.com', '5526053149', '2025-01-30', '2025-02-04', 11000, 'checkout', NOW());
INSERT INTO reservation_services (reservation_id, service_id, quantity, unit_price, added_at, service_date) VALUES (1606, 1005, 2, 500, '2025-02-03 10:00:00', '2025-02-03');
INSERT INTO reservation_services (reservation_id, service_id, quantity, unit_price, added_at, service_date) VALUES (1606, 1004, 2, 400, '2025-01-30 10:00:00', '2025-01-30');
INSERT INTO reservation_services (reservation_id, service_id, quantity, unit_price, added_at, service_date) VALUES (1606, 1004, 3, 400, '2025-02-03 10:00:00', '2025-02-03');
INSERT INTO reservation_services (reservation_id, service_id, quantity, unit_price, added_at, service_date) VALUES (1606, 1000, 3, 800, '2025-01-30 10:00:00', '2025-01-30');
INSERT INTO reservations (reservation_id, reservation_code, client_id, room_id, guest_name, guest_email, guest_phone, checkin_date, checkout_date, total, status, created_at) VALUES (1607, 'R-8585CDF2', 1008, 1038, 'Maria Flores', 'carlos.perez49@hotmail.com', '5587291870', '2025-02-27', '2025-03-06', 31500, 'facturada', NOW());
INSERT INTO reservation_services (reservation_id, service_id, quantity, unit_price, added_at, service_date) VALUES (1607, 1005, 3, 500, '2025-03-02 10:00:00', '2025-03-02');
INSERT INTO reservation_services (reservation_id, service_id, quantity, unit_price, added_at, service_date) VALUES (1607, 1005, 3, 500, '2025-03-04 10:00:00', '2025-03-04');
INSERT INTO reservation_services (reservation_id, service_id, quantity, unit_price, added_at, service_date) VALUES (1607, 1000, 2, 800, '2025-02-28 10:00:00', '2025-02-28');
INSERT INTO reservation_services (reservation_id, service_id, quantity, unit_price, added_at, service_date) VALUES (1607, 1002, 1, 250, '2025-02-28 10:00:00', '2025-02-28');
INSERT INTO reservation_services (reservation_id, service_id, quantity, unit_price, added_at, service_date) VALUES (1607, 1003, 3, 1500, '2025-03-05 10:00:00', '2025-03-05');
INSERT INTO invoices (invoice_code, reservation_id, total, method, invoice_date, created_at) VALUES ('I-FDDF1E18', 1607, 40850, 'tarjeta', '2025-03-06', NOW());
INSERT INTO reservations (reservation_id, reservation_code, client_id, room_id, guest_name, guest_email, guest_phone, checkin_date, checkout_date, total, status, created_at) VALUES (1608, 'R-A12CBA90', 1136, 1021, 'Marta Reyes', 'marta.reyes1880@hotmail.com', '5511289588', '2025-04-13', '2025-04-17', 18000, 'facturada', NOW());
INSERT INTO reservation_services (reservation_id, service_id, quantity, unit_price, added_at, service_date) VALUES (1608, 1000, 3, 800, '2025-04-14 10:00:00', '2025-04-14');
INSERT INTO reservation_services (reservation_id, service_id, quantity, unit_price, added_at, service_date) VALUES (1608, 1003, 2, 1500, '2025-04-15 10:00:00', '2025-04-15');
INSERT INTO invoices (invoice_code, reservation_id, total, method, invoice_date, created_at) VALUES ('I-0574AA6C', 1608, 23400, 'transferencia', '2025-04-17', NOW());
INSERT INTO reservations (reservation_id, reservation_code, client_id, room_id, guest_name, guest_email, guest_phone, checkin_date, checkout_date, total, status, created_at) VALUES (1609, 'R-4E501084', 1027, 1032, 'David Lopez', 'david.lopez1361@hotel.com', '5588972938', '2024-02-29', '2024-03-07', 31500, 'facturada', NOW());
INSERT INTO reservation_services (reservation_id, service_id, quantity, unit_price, added_at, service_date) VALUES (1609, 1006, 1, 150, '2024-03-01 10:00:00', '2024-03-01');
INSERT INTO reservation_services (reservation_id, service_id, quantity, unit_price, added_at, service_date) VALUES (1609, 1000, 2, 800, '2024-03-05 10:00:00', '2024-03-05');
INSERT INTO reservation_services (reservation_id, service_id, quantity, unit_price, added_at, service_date) VALUES (1609, 1001, 3, 600, '2024-03-06 10:00:00', '2024-03-06');
INSERT INTO reservation_services (reservation_id, service_id, quantity, unit_price, added_at, service_date) VALUES (1609, 1003, 3, 1500, '2024-02-29 10:00:00', '2024-02-29');
INSERT INTO invoices (invoice_code, reservation_id, total, method, invoice_date, created_at) VALUES ('I-6C2C2D03', 1609, 39550, 'transferencia', '2024-03-07', NOW());
INSERT INTO reservations (reservation_id, reservation_code, client_id, room_id, guest_name, guest_email, guest_phone, checkin_date, checkout_date, total, status, created_at) VALUES (1610, 'R-326729D9', 1189, 1034, 'Isabel Lopez', 'isabel.lopez2618@gmail.com', '5552535356', '2024-07-16', '2024-07-18', 4400, 'facturada', NOW());
INSERT INTO reservation_services (reservation_id, service_id, quantity, unit_price, added_at, service_date) VALUES (1610, 1002, 3, 250, '2024-07-16 10:00:00', '2024-07-16');
INSERT INTO reservation_services (reservation_id, service_id, quantity, unit_price, added_at, service_date) VALUES (1610, 1003, 1, 1500, '2024-07-16 10:00:00', '2024-07-16');
INSERT INTO reservation_services (reservation_id, service_id, quantity, unit_price, added_at, service_date) VALUES (1610, 1005, 1, 500, '2024-07-16 10:00:00', '2024-07-16');
INSERT INTO reservation_services (reservation_id, service_id, quantity, unit_price, added_at, service_date) VALUES (1610, 1002, 3, 250, '2024-07-17 10:00:00', '2024-07-17');
INSERT INTO invoices (invoice_code, reservation_id, total, method, invoice_date, created_at) VALUES ('I-CC1BDAAE', 1610, 7900, 'transferencia', '2024-07-18', NOW());
INSERT INTO reservations (reservation_id, reservation_code, client_id, room_id, guest_name, guest_email, guest_phone, checkin_date, checkout_date, total, status, created_at) VALUES (1611, 'R-6F962EAF', 1170, 1024, 'David Torres', 'david.torres8388@yahoo.com', '5546096460', '2024-09-28', '2024-10-05', 15400, 'facturada', NOW());
INSERT INTO reservation_services (reservation_id, service_id, quantity, unit_price, added_at, service_date) VALUES (1611, 1002, 2, 250, '2024-10-04 10:00:00', '2024-10-04');
INSERT INTO invoices (invoice_code, reservation_id, total, method, invoice_date, created_at) VALUES ('I-B19CCAE1', 1611, 15900, 'transferencia', '2024-10-05', NOW());
INSERT INTO reservations (reservation_id, reservation_code, client_id, room_id, guest_name, guest_email, guest_phone, checkin_date, checkout_date, total, status, created_at) VALUES (1612, 'R-ACFEA9F0', 1003, 1041, 'Isabel Martinez', 'isabel.martinez1244@gmail.com', '5516660909', '2025-03-21', '2025-03-22', 2200, 'facturada', NOW());
INSERT INTO invoices (invoice_code, reservation_id, total, method, invoice_date, created_at) VALUES ('I-FF247A7A', 1612, 2200, 'efectivo', '2025-03-22', NOW());
INSERT INTO reservations (reservation_id, reservation_code, client_id, room_id, guest_name, guest_email, guest_phone, checkin_date, checkout_date, total, status, created_at) VALUES (1613, 'R-D92EDD67', 1196, 1030, 'Marta Ramirez', 'marta.ramirez7427@yahoo.com', '5554066872', '2024-08-20', '2024-08-22', 9000, 'facturada', NOW());
INSERT INTO reservation_services (reservation_id, service_id, quantity, unit_price, added_at, service_date) VALUES (1613, 1004, 1, 400, '2024-08-21 10:00:00', '2024-08-21');
INSERT INTO reservation_services (reservation_id, service_id, quantity, unit_price, added_at, service_date) VALUES (1613, 1005, 3, 500, '2024-08-20 10:00:00', '2024-08-20');
INSERT INTO invoices (invoice_code, reservation_id, total, method, invoice_date, created_at) VALUES ('I-6D3224A2', 1613, 10900, 'efectivo', '2024-08-22', NOW());
INSERT INTO reservations (reservation_id, reservation_code, client_id, room_id, guest_name, guest_email, guest_phone, checkin_date, checkout_date, total, status, created_at) VALUES (1614, 'R-6A2647E9', 1085, 1032, 'Lucia Rodriguez', 'lucia.rodriguez5755@outlook.com', '5510380113', '2024-10-26', '2024-11-02', 31500, 'facturada', NOW());
INSERT INTO reservation_services (reservation_id, service_id, quantity, unit_price, added_at, service_date) VALUES (1614, 1004, 1, 400, '2024-10-27 10:00:00', '2024-10-27');
INSERT INTO reservation_services (reservation_id, service_id, quantity, unit_price, added_at, service_date) VALUES (1614, 1001, 2, 600, '2024-11-01 10:00:00', '2024-11-01');
INSERT INTO reservation_services (reservation_id, service_id, quantity, unit_price, added_at, service_date) VALUES (1614, 1002, 2, 250, '2024-10-29 10:00:00', '2024-10-29');
INSERT INTO invoices (invoice_code, reservation_id, total, method, invoice_date, created_at) VALUES ('I-4F4EEAF0', 1614, 33600, 'efectivo', '2024-11-02', NOW());
INSERT INTO reservations (reservation_id, reservation_code, client_id, room_id, guest_name, guest_email, guest_phone, checkin_date, checkout_date, total, status, created_at) VALUES (1615, 'R-35303201', 1174, 1031, 'Roberto Perez', 'roberto.perez1093@hotmail.com', '5563911821', '2025-05-26', '2025-06-01', 27000, 'facturada', NOW());
INSERT INTO reservation_services (reservation_id, service_id, quantity, unit_price, added_at, service_date) VALUES (1615, 1004, 3, 400, '2025-05-31 10:00:00', '2025-05-31');
INSERT INTO reservation_services (reservation_id, service_id, quantity, unit_price, added_at, service_date) VALUES (1615, 1005, 1, 500, '2025-05-26 10:00:00', '2025-05-26');
INSERT INTO reservation_services (reservation_id, service_id, quantity, unit_price, added_at, service_date) VALUES (1615, 1004, 3, 400, '2025-05-26 10:00:00', '2025-05-26');
INSERT INTO reservation_services (reservation_id, service_id, quantity, unit_price, added_at, service_date) VALUES (1615, 1003, 1, 1500, '2025-05-29 10:00:00', '2025-05-29');
INSERT INTO reservation_services (reservation_id, service_id, quantity, unit_price, added_at, service_date) VALUES (1615, 1002, 1, 250, '2025-05-26 10:00:00', '2025-05-26');
INSERT INTO invoices (invoice_code, reservation_id, total, method, invoice_date, created_at) VALUES ('I-17341776', 1615, 31650, 'tarjeta', '2025-06-01', NOW());
INSERT INTO reservations (reservation_id, reservation_code, client_id, room_id, guest_name, guest_email, guest_phone, checkin_date, checkout_date, total, status, created_at) VALUES (1616, 'R-8D135331', 1181, 1018, 'Elena Rivera', 'elena.rivera2476@gmail.com', '5565249067', '2024-02-16', '2024-02-21', 11000, 'facturada', NOW());
INSERT INTO reservation_services (reservation_id, service_id, quantity, unit_price, added_at, service_date) VALUES (1616, 1002, 3, 250, '2024-02-17 10:00:00', '2024-02-17');
INSERT INTO reservation_services (reservation_id, service_id, quantity, unit_price, added_at, service_date) VALUES (1616, 1001, 3, 600, '2024-02-20 10:00:00', '2024-02-20');
INSERT INTO reservation_services (reservation_id, service_id, quantity, unit_price, added_at, service_date) VALUES (1616, 1005, 3, 500, '2024-02-17 10:00:00', '2024-02-17');
INSERT INTO reservation_services (reservation_id, service_id, quantity, unit_price, added_at, service_date) VALUES (1616, 1004, 2, 400, '2024-02-16 10:00:00', '2024-02-16');
INSERT INTO reservation_services (reservation_id, service_id, quantity, unit_price, added_at, service_date) VALUES (1616, 1005, 1, 500, '2024-02-18 10:00:00', '2024-02-18');
INSERT INTO invoices (invoice_code, reservation_id, total, method, invoice_date, created_at) VALUES ('I-51BB5D5E', 1616, 16350, 'efectivo', '2024-02-21', NOW());
INSERT INTO reservations (reservation_id, reservation_code, client_id, room_id, guest_name, guest_email, guest_phone, checkin_date, checkout_date, total, status, created_at) VALUES (1617, 'R-D532C97B', 1045, 1030, 'Laura Sanchez', 'laura.sanchez4752@yahoo.com', '5561339103', '2025-04-18', '2025-04-24', 27000, 'facturada', NOW());
INSERT INTO reservation_services (reservation_id, service_id, quantity, unit_price, added_at, service_date) VALUES (1617, 1006, 3, 150, '2025-04-20 10:00:00', '2025-04-20');
INSERT INTO invoices (invoice_code, reservation_id, total, method, invoice_date, created_at) VALUES ('I-77A10775', 1617, 27450, 'tarjeta', '2025-04-24', NOW());
INSERT INTO reservations (reservation_id, reservation_code, client_id, room_id, guest_name, guest_email, guest_phone, checkin_date, checkout_date, total, status, created_at) VALUES (1618, 'R-D85C9B50', 1029, 1003, 'Elena Hernandez', 'elena.hernandez1358@outlook.com', '5588117911', '2024-02-10', '2024-02-17', 15400, 'checkout', NOW());
INSERT INTO reservation_services (reservation_id, service_id, quantity, unit_price, added_at, service_date) VALUES (1618, 1004, 2, 400, '2024-02-14 10:00:00', '2024-02-14');
INSERT INTO reservation_services (reservation_id, service_id, quantity, unit_price, added_at, service_date) VALUES (1618, 1004, 1, 400, '2024-02-10 10:00:00', '2024-02-10');
INSERT INTO reservation_services (reservation_id, service_id, quantity, unit_price, added_at, service_date) VALUES (1618, 1002, 3, 250, '2024-02-10 10:00:00', '2024-02-10');
INSERT INTO reservation_services (reservation_id, service_id, quantity, unit_price, added_at, service_date) VALUES (1618, 1002, 2, 250, '2024-02-11 10:00:00', '2024-02-11');
INSERT INTO reservation_services (reservation_id, service_id, quantity, unit_price, added_at, service_date) VALUES (1618, 1002, 2, 250, '2024-02-12 10:00:00', '2024-02-12');
INSERT INTO reservations (reservation_id, reservation_code, client_id, room_id, guest_name, guest_email, guest_phone, checkin_date, checkout_date, total, status, created_at) VALUES (1619, 'R-9D387758', 1127, 1004, 'Pedro Ramirez', 'pedro.ramirez3576@hotel.com', '5571470692', '2024-02-18', '2024-02-19', 2200, 'checkout', NOW());
INSERT INTO reservation_services (reservation_id, service_id, quantity, unit_price, added_at, service_date) VALUES (1619, 1001, 1, 600, '2024-02-18 10:00:00', '2024-02-18');
INSERT INTO reservations (reservation_id, reservation_code, client_id, room_id, guest_name, guest_email, guest_phone, checkin_date, checkout_date, total, status, created_at) VALUES (1620, 'R-B085E2DA', 1159, 1049, 'Maria Garcia', 'maria.garcia8277@gmail.com', '5576526171', '2024-02-27', '2024-02-28', 4500, 'facturada', NOW());
INSERT INTO reservation_services (reservation_id, service_id, quantity, unit_price, added_at, service_date) VALUES (1620, 1001, 2, 600, '2024-02-27 10:00:00', '2024-02-27');
INSERT INTO reservation_services (reservation_id, service_id, quantity, unit_price, added_at, service_date) VALUES (1620, 1000, 1, 800, '2024-02-27 10:00:00', '2024-02-27');
INSERT INTO reservation_services (reservation_id, service_id, quantity, unit_price, added_at, service_date) VALUES (1620, 1004, 3, 400, '2024-02-27 10:00:00', '2024-02-27');
INSERT INTO invoices (invoice_code, reservation_id, total, method, invoice_date, created_at) VALUES ('I-76416AA7', 1620, 7700, 'transferencia', '2024-02-28', NOW());
INSERT INTO reservations (reservation_id, reservation_code, client_id, room_id, guest_name, guest_email, guest_phone, checkin_date, checkout_date, total, status, created_at) VALUES (1621, 'R-48A54B8E', 1096, 1039, 'Juan Martinez', 'juan.martinez4362@gmail.com', '5567415180', '2024-12-15', '2024-12-22', 8400, 'facturada', NOW());
INSERT INTO reservation_services (reservation_id, service_id, quantity, unit_price, added_at, service_date) VALUES (1621, 1006, 1, 150, '2024-12-19 10:00:00', '2024-12-19');
INSERT INTO reservation_services (reservation_id, service_id, quantity, unit_price, added_at, service_date) VALUES (1621, 1004, 3, 400, '2024-12-16 10:00:00', '2024-12-16');
INSERT INTO reservation_services (reservation_id, service_id, quantity, unit_price, added_at, service_date) VALUES (1621, 1000, 1, 800, '2024-12-15 10:00:00', '2024-12-15');
INSERT INTO reservation_services (reservation_id, service_id, quantity, unit_price, added_at, service_date) VALUES (1621, 1004, 2, 400, '2024-12-20 10:00:00', '2024-12-20');
INSERT INTO invoices (invoice_code, reservation_id, total, method, invoice_date, created_at) VALUES ('I-73913E83', 1621, 11350, 'tarjeta', '2024-12-22', NOW());
INSERT INTO reservations (reservation_id, reservation_code, client_id, room_id, guest_name, guest_email, guest_phone, checkin_date, checkout_date, total, status, created_at) VALUES (1622, 'R-F7A505DE', 1150, 1026, 'Paula Diaz', 'paula.diaz8916@hotel.com', '5559770593', '2025-03-18', '2025-03-23', 11000, 'checkout', NOW());
INSERT INTO reservation_services (reservation_id, service_id, quantity, unit_price, added_at, service_date) VALUES (1622, 1003, 1, 1500, '2025-03-18 10:00:00', '2025-03-18');
INSERT INTO reservation_services (reservation_id, service_id, quantity, unit_price, added_at, service_date) VALUES (1622, 1005, 3, 500, '2025-03-20 10:00:00', '2025-03-20');
INSERT INTO reservation_services (reservation_id, service_id, quantity, unit_price, added_at, service_date) VALUES (1622, 1002, 3, 250, '2025-03-21 10:00:00', '2025-03-21');
INSERT INTO reservation_services (reservation_id, service_id, quantity, unit_price, added_at, service_date) VALUES (1622, 1005, 3, 500, '2025-03-21 10:00:00', '2025-03-21');
INSERT INTO reservation_services (reservation_id, service_id, quantity, unit_price, added_at, service_date) VALUES (1622, 1000, 2, 800, '2025-03-18 10:00:00', '2025-03-18');
INSERT INTO reservations (reservation_id, reservation_code, client_id, room_id, guest_name, guest_email, guest_phone, checkin_date, checkout_date, total, status, created_at) VALUES (1623, 'R-A4998842', 1196, 1000, 'Marta Ramirez', 'marta.ramirez7427@yahoo.com', '5591692416', '2024-01-23', '2024-01-27', 18000, 'facturada', NOW());
INSERT INTO reservation_services (reservation_id, service_id, quantity, unit_price, added_at, service_date) VALUES (1623, 1005, 2, 500, '2024-01-25 10:00:00', '2024-01-25');
INSERT INTO reservation_services (reservation_id, service_id, quantity, unit_price, added_at, service_date) VALUES (1623, 1001, 2, 600, '2024-01-25 10:00:00', '2024-01-25');
INSERT INTO reservation_services (reservation_id, service_id, quantity, unit_price, added_at, service_date) VALUES (1623, 1003, 3, 1500, '2024-01-25 10:00:00', '2024-01-25');
INSERT INTO invoices (invoice_code, reservation_id, total, method, invoice_date, created_at) VALUES ('I-731D1CBA', 1623, 24700, 'efectivo', '2024-01-27', NOW());
INSERT INTO reservations (reservation_id, reservation_code, client_id, room_id, guest_name, guest_email, guest_phone, checkin_date, checkout_date, total, status, created_at) VALUES (1624, 'R-6142CBC0', 1038, 1004, 'Maria Flores', 'maria.flores2879@yahoo.com', '5517288405', '2024-01-15', '2024-01-21', 13200, 'facturada', NOW());
INSERT INTO invoices (invoice_code, reservation_id, total, method, invoice_date, created_at) VALUES ('I-7B573BDC', 1624, 13200, 'tarjeta', '2024-01-21', NOW());
INSERT INTO reservations (reservation_id, reservation_code, client_id, room_id, guest_name, guest_email, guest_phone, checkin_date, checkout_date, total, status, created_at) VALUES (1625, 'R-18BCE72E', 1045, 1018, 'Laura Sanchez', 'laura.sanchez4752@yahoo.com', '5538400292', '2024-07-18', '2024-07-23', 11000, 'facturada', NOW());
INSERT INTO reservation_services (reservation_id, service_id, quantity, unit_price, added_at, service_date) VALUES (1625, 1003, 3, 1500, '2024-07-22 10:00:00', '2024-07-22');
INSERT INTO reservation_services (reservation_id, service_id, quantity, unit_price, added_at, service_date) VALUES (1625, 1000, 2, 800, '2024-07-22 10:00:00', '2024-07-22');
INSERT INTO invoices (invoice_code, reservation_id, total, method, invoice_date, created_at) VALUES ('I-CDC124D5', 1625, 17100, 'tarjeta', '2024-07-23', NOW());
INSERT INTO reservations (reservation_id, reservation_code, client_id, room_id, guest_name, guest_email, guest_phone, checkin_date, checkout_date, total, status, created_at) VALUES (1626, 'R-1972CF94', 1199, 1044, 'Isabel Ramirez', 'isabel.ramirez9999@hotel.com', '5551816317', '2024-10-27', '2024-11-01', 6000, 'facturada', NOW());
INSERT INTO reservation_services (reservation_id, service_id, quantity, unit_price, added_at, service_date) VALUES (1626, 1004, 1, 400, '2024-10-29 10:00:00', '2024-10-29');
INSERT INTO reservation_services (reservation_id, service_id, quantity, unit_price, added_at, service_date) VALUES (1626, 1001, 1, 600, '2024-10-29 10:00:00', '2024-10-29');
INSERT INTO reservation_services (reservation_id, service_id, quantity, unit_price, added_at, service_date) VALUES (1626, 1006, 1, 150, '2024-10-28 10:00:00', '2024-10-28');
INSERT INTO reservation_services (reservation_id, service_id, quantity, unit_price, added_at, service_date) VALUES (1626, 1003, 1, 1500, '2024-10-27 10:00:00', '2024-10-27');
INSERT INTO invoices (invoice_code, reservation_id, total, method, invoice_date, created_at) VALUES ('I-A3EDFE19', 1626, 8650, 'transferencia', '2024-11-01', NOW());
INSERT INTO reservations (reservation_id, reservation_code, client_id, room_id, guest_name, guest_email, guest_phone, checkin_date, checkout_date, total, status, created_at) VALUES (1627, 'R-A19869EA', 1191, 1042, 'Jose Lopez', 'jose.lopez7262@yahoo.com', '5529108081', '2024-10-08', '2024-10-11', 13500, 'checkout', NOW());
INSERT INTO reservation_services (reservation_id, service_id, quantity, unit_price, added_at, service_date) VALUES (1627, 1003, 2, 1500, '2024-10-10 10:00:00', '2024-10-10');
INSERT INTO reservations (reservation_id, reservation_code, client_id, room_id, guest_name, guest_email, guest_phone, checkin_date, checkout_date, total, status, created_at) VALUES (1628, 'R-3A5DB567', 1121, 1003, 'Elena Sanchez', 'elena.sanchez6290@yahoo.com', '5571302576', '2025-05-26', '2025-06-01', 13200, 'facturada', NOW());
INSERT INTO reservation_services (reservation_id, service_id, quantity, unit_price, added_at, service_date) VALUES (1628, 1002, 1, 250, '2025-05-26 10:00:00', '2025-05-26');
INSERT INTO reservation_services (reservation_id, service_id, quantity, unit_price, added_at, service_date) VALUES (1628, 1000, 2, 800, '2025-05-31 10:00:00', '2025-05-31');
INSERT INTO reservation_services (reservation_id, service_id, quantity, unit_price, added_at, service_date) VALUES (1628, 1000, 1, 800, '2025-05-26 10:00:00', '2025-05-26');
INSERT INTO invoices (invoice_code, reservation_id, total, method, invoice_date, created_at) VALUES ('I-2DC796EC', 1628, 15850, 'efectivo', '2025-06-01', NOW());
INSERT INTO reservations (reservation_id, reservation_code, client_id, room_id, guest_name, guest_email, guest_phone, checkin_date, checkout_date, total, status, created_at) VALUES (1629, 'R-2B0ACBBD', 1159, 1022, 'Maria Garcia', 'maria.garcia8277@gmail.com', '5555053573', '2025-03-21', '2025-03-27', 13200, 'facturada', NOW());
INSERT INTO reservation_services (reservation_id, service_id, quantity, unit_price, added_at, service_date) VALUES (1629, 1005, 3, 500, '2025-03-26 10:00:00', '2025-03-26');
INSERT INTO reservation_services (reservation_id, service_id, quantity, unit_price, added_at, service_date) VALUES (1629, 1002, 2, 250, '2025-03-22 10:00:00', '2025-03-22');
INSERT INTO reservation_services (reservation_id, service_id, quantity, unit_price, added_at, service_date) VALUES (1629, 1000, 3, 800, '2025-03-26 10:00:00', '2025-03-26');
INSERT INTO reservation_services (reservation_id, service_id, quantity, unit_price, added_at, service_date) VALUES (1629, 1001, 2, 600, '2025-03-21 10:00:00', '2025-03-21');
INSERT INTO reservation_services (reservation_id, service_id, quantity, unit_price, added_at, service_date) VALUES (1629, 1003, 3, 1500, '2025-03-21 10:00:00', '2025-03-21');
INSERT INTO invoices (invoice_code, reservation_id, total, method, invoice_date, created_at) VALUES ('I-EA345131', 1629, 23300, 'tarjeta', '2025-03-27', NOW());
INSERT INTO reservations (reservation_id, reservation_code, client_id, room_id, guest_name, guest_email, guest_phone, checkin_date, checkout_date, total, status, created_at) VALUES (1630, 'R-8BE9FA6B', 1009, 1012, 'Juan Rodriguez', 'juan.rodriguez3535@hotmail.com', '5555129702', '2024-08-20', '2024-08-27', 8400, 'facturada', NOW());
INSERT INTO reservation_services (reservation_id, service_id, quantity, unit_price, added_at, service_date) VALUES (1630, 1003, 3, 1500, '2024-08-25 10:00:00', '2024-08-25');
INSERT INTO invoices (invoice_code, reservation_id, total, method, invoice_date, created_at) VALUES ('I-2B44C373', 1630, 12900, 'tarjeta', '2024-08-27', NOW());
INSERT INTO reservations (reservation_id, reservation_code, client_id, room_id, guest_name, guest_email, guest_phone, checkin_date, checkout_date, total, status, created_at) VALUES (1631, 'R-94DBD9D8', 1095, 1021, 'Pedro Gomez', 'pedro.gomez2761@hotmail.com', '5586385262', '2024-02-10', '2024-02-12', 9000, 'facturada', NOW());
INSERT INTO invoices (invoice_code, reservation_id, total, method, invoice_date, created_at) VALUES ('I-A6ECEF54', 1631, 9000, 'transferencia', '2024-02-12', NOW());
INSERT INTO reservations (reservation_id, reservation_code, client_id, room_id, guest_name, guest_email, guest_phone, checkin_date, checkout_date, total, status, created_at) VALUES (1632, 'R-0EB35E3E', 1198, 1002, 'Marta Rodriguez', 'marta.rodriguez3488@outlook.com', '5524628166', '2024-05-20', '2024-05-22', 4400, 'facturada', NOW());
INSERT INTO reservation_services (reservation_id, service_id, quantity, unit_price, added_at, service_date) VALUES (1632, 1002, 3, 250, '2024-05-20 10:00:00', '2024-05-20');
INSERT INTO invoices (invoice_code, reservation_id, total, method, invoice_date, created_at) VALUES ('I-BAF44AF5', 1632, 5150, 'tarjeta', '2024-05-22', NOW());
INSERT INTO reservations (reservation_id, reservation_code, client_id, room_id, guest_name, guest_email, guest_phone, checkin_date, checkout_date, total, status, created_at) VALUES (1633, 'R-2F4A8464', 1195, 1023, 'Maria Martinez', 'maria.martinez9198@hotmail.com', '5561207746', '2025-02-28', '2025-03-05', 22500, 'facturada', NOW());
INSERT INTO reservation_services (reservation_id, service_id, quantity, unit_price, added_at, service_date) VALUES (1633, 1003, 3, 1500, '2025-03-03 10:00:00', '2025-03-03');
INSERT INTO reservation_services (reservation_id, service_id, quantity, unit_price, added_at, service_date) VALUES (1633, 1002, 2, 250, '2025-03-04 10:00:00', '2025-03-04');
INSERT INTO reservation_services (reservation_id, service_id, quantity, unit_price, added_at, service_date) VALUES (1633, 1006, 2, 150, '2025-02-28 10:00:00', '2025-02-28');
INSERT INTO reservation_services (reservation_id, service_id, quantity, unit_price, added_at, service_date) VALUES (1633, 1005, 2, 500, '2025-03-02 10:00:00', '2025-03-02');
INSERT INTO reservation_services (reservation_id, service_id, quantity, unit_price, added_at, service_date) VALUES (1633, 1002, 1, 250, '2025-02-28 10:00:00', '2025-02-28');
INSERT INTO invoices (invoice_code, reservation_id, total, method, invoice_date, created_at) VALUES ('I-F38669C8', 1633, 29050, 'efectivo', '2025-03-05', NOW());
INSERT INTO reservations (reservation_id, reservation_code, client_id, room_id, guest_name, guest_email, guest_phone, checkin_date, checkout_date, total, status, created_at) VALUES (1634, 'R-B8454E88', 1059, 1031, 'Maria Reyes', 'maria.reyes2868@hotmail.com', '5539195828', '2024-02-08', '2024-02-13', 22500, 'checkout', NOW());
INSERT INTO reservations (reservation_id, reservation_code, client_id, room_id, guest_name, guest_email, guest_phone, checkin_date, checkout_date, total, status, created_at) VALUES (1635, 'R-169E084A', 1119, 1008, 'Lucia Hernandez', 'lucia.hernandez1432@gmail.com', '5592845491', '2025-04-07', '2025-04-12', 6000, 'facturada', NOW());
INSERT INTO reservation_services (reservation_id, service_id, quantity, unit_price, added_at, service_date) VALUES (1635, 1004, 1, 400, '2025-04-09 10:00:00', '2025-04-09');
INSERT INTO invoices (invoice_code, reservation_id, total, method, invoice_date, created_at) VALUES ('I-94E1B876', 1635, 6400, 'tarjeta', '2025-04-12', NOW());
INSERT INTO reservations (reservation_id, reservation_code, client_id, room_id, guest_name, guest_email, guest_phone, checkin_date, checkout_date, total, status, created_at) VALUES (1636, 'R-A685D28C', 1043, 1028, 'Maria Martinez', 'maria.martinez8237@hotel.com', '5589585661', '2025-02-19', '2025-02-21', 2400, 'facturada', NOW());
INSERT INTO reservation_services (reservation_id, service_id, quantity, unit_price, added_at, service_date) VALUES (1636, 1003, 2, 1500, '2025-02-20 10:00:00', '2025-02-20');
INSERT INTO reservation_services (reservation_id, service_id, quantity, unit_price, added_at, service_date) VALUES (1636, 1002, 2, 250, '2025-02-19 10:00:00', '2025-02-19');
INSERT INTO reservation_services (reservation_id, service_id, quantity, unit_price, added_at, service_date) VALUES (1636, 1004, 1, 400, '2025-02-19 10:00:00', '2025-02-19');
INSERT INTO invoices (invoice_code, reservation_id, total, method, invoice_date, created_at) VALUES ('I-10FDD0BF', 1636, 6300, 'tarjeta', '2025-02-21', NOW());
INSERT INTO reservations (reservation_id, reservation_code, client_id, room_id, guest_name, guest_email, guest_phone, checkin_date, checkout_date, total, status, created_at) VALUES (1637, 'R-2996BFA7', 1168, 1031, 'Sofia Reyes', 'sofia.reyes1846@gmail.com', '5557110948', '2024-09-18', '2024-09-22', 18000, 'facturada', NOW());
INSERT INTO reservation_services (reservation_id, service_id, quantity, unit_price, added_at, service_date) VALUES (1637, 1006, 3, 150, '2024-09-19 10:00:00', '2024-09-19');
INSERT INTO reservation_services (reservation_id, service_id, quantity, unit_price, added_at, service_date) VALUES (1637, 1006, 2, 150, '2024-09-20 10:00:00', '2024-09-20');
INSERT INTO invoices (invoice_code, reservation_id, total, method, invoice_date, created_at) VALUES ('I-3873E944', 1637, 18750, 'tarjeta', '2024-09-22', NOW());
INSERT INTO reservations (reservation_id, reservation_code, client_id, room_id, guest_name, guest_email, guest_phone, checkin_date, checkout_date, total, status, created_at) VALUES (1638, 'R-C19BB47A', 1147, 1042, 'Elena Perez', 'elena.perez4766@gmail.com', '5550823387', '2024-01-17', '2024-01-22', 22500, 'facturada', NOW());
INSERT INTO reservation_services (reservation_id, service_id, quantity, unit_price, added_at, service_date) VALUES (1638, 1000, 3, 800, '2024-01-17 10:00:00', '2024-01-17');
INSERT INTO invoices (invoice_code, reservation_id, total, method, invoice_date, created_at) VALUES ('I-8D907C12', 1638, 24900, 'efectivo', '2024-01-22', NOW());
INSERT INTO reservations (reservation_id, reservation_code, client_id, room_id, guest_name, guest_email, guest_phone, checkin_date, checkout_date, total, status, created_at) VALUES (1639, 'R-57B7A705', 1184, 1027, 'Sofia Flores', 'sofia.flores4156@hotmail.com', '5580365028', '2024-06-24', '2024-07-01', 8400, 'facturada', NOW());
INSERT INTO reservation_services (reservation_id, service_id, quantity, unit_price, added_at, service_date) VALUES (1639, 1003, 2, 1500, '2024-06-26 10:00:00', '2024-06-26');
INSERT INTO reservation_services (reservation_id, service_id, quantity, unit_price, added_at, service_date) VALUES (1639, 1002, 3, 250, '2024-06-26 10:00:00', '2024-06-26');
INSERT INTO reservation_services (reservation_id, service_id, quantity, unit_price, added_at, service_date) VALUES (1639, 1006, 3, 150, '2024-06-29 10:00:00', '2024-06-29');
INSERT INTO reservation_services (reservation_id, service_id, quantity, unit_price, added_at, service_date) VALUES (1639, 1006, 3, 150, '2024-06-24 10:00:00', '2024-06-24');
INSERT INTO invoices (invoice_code, reservation_id, total, method, invoice_date, created_at) VALUES ('I-7B6F59AA', 1639, 13050, 'transferencia', '2024-07-01', NOW());
INSERT INTO reservations (reservation_id, reservation_code, client_id, room_id, guest_name, guest_email, guest_phone, checkin_date, checkout_date, total, status, created_at) VALUES (1640, 'R-30BFD07C', 1055, 1023, 'Roberto Lopez', 'roberto.lopez4539@yahoo.com', '5524384899', '2024-04-12', '2024-04-18', 27000, 'facturada', NOW());
INSERT INTO reservation_services (reservation_id, service_id, quantity, unit_price, added_at, service_date) VALUES (1640, 1002, 2, 250, '2024-04-16 10:00:00', '2024-04-16');
INSERT INTO invoices (invoice_code, reservation_id, total, method, invoice_date, created_at) VALUES ('I-90D33AEB', 1640, 27500, 'transferencia', '2024-04-18', NOW());
INSERT INTO reservations (reservation_id, reservation_code, client_id, room_id, guest_name, guest_email, guest_phone, checkin_date, checkout_date, total, status, created_at) VALUES (1641, 'R-7E53A193', 1007, 1028, 'Jose Gomez', 'jose.gomez9460@outlook.com', '5540991217', '2024-09-25', '2024-09-29', 4800, 'checkout', NOW());
INSERT INTO reservation_services (reservation_id, service_id, quantity, unit_price, added_at, service_date) VALUES (1641, 1002, 3, 250, '2024-09-26 10:00:00', '2024-09-26');
INSERT INTO reservation_services (reservation_id, service_id, quantity, unit_price, added_at, service_date) VALUES (1641, 1003, 1, 1500, '2024-09-27 10:00:00', '2024-09-27');
INSERT INTO reservation_services (reservation_id, service_id, quantity, unit_price, added_at, service_date) VALUES (1641, 1000, 1, 800, '2024-09-27 10:00:00', '2024-09-27');
INSERT INTO reservation_services (reservation_id, service_id, quantity, unit_price, added_at, service_date) VALUES (1641, 1004, 2, 400, '2024-09-25 10:00:00', '2024-09-25');
INSERT INTO reservation_services (reservation_id, service_id, quantity, unit_price, added_at, service_date) VALUES (1641, 1004, 3, 400, '2024-09-25 10:00:00', '2024-09-25');
INSERT INTO reservations (reservation_id, reservation_code, client_id, room_id, guest_name, guest_email, guest_phone, checkin_date, checkout_date, total, status, created_at) VALUES (1642, 'R-C3951E1E', 1105, 1040, 'Ana Lopez', 'ana.lopez2487@outlook.com', '5564060405', '2024-06-19', '2024-06-24', 6000, 'facturada', NOW());
INSERT INTO reservation_services (reservation_id, service_id, quantity, unit_price, added_at, service_date) VALUES (1642, 1003, 1, 1500, '2024-06-23 10:00:00', '2024-06-23');
INSERT INTO reservation_services (reservation_id, service_id, quantity, unit_price, added_at, service_date) VALUES (1642, 1001, 3, 600, '2024-06-22 10:00:00', '2024-06-22');
INSERT INTO reservation_services (reservation_id, service_id, quantity, unit_price, added_at, service_date) VALUES (1642, 1006, 1, 150, '2024-06-19 10:00:00', '2024-06-19');
INSERT INTO invoices (invoice_code, reservation_id, total, method, invoice_date, created_at) VALUES ('I-65656014', 1642, 9450, 'transferencia', '2024-06-24', NOW());
INSERT INTO reservations (reservation_id, reservation_code, client_id, room_id, guest_name, guest_email, guest_phone, checkin_date, checkout_date, total, status, created_at) VALUES (1643, 'R-BCCB15EA', 1130, 1041, 'Miguel Flores', 'miguel.flores3810@hotmail.com', '5588402649', '2024-04-13', '2024-04-16', 6600, 'facturada', NOW());
INSERT INTO reservation_services (reservation_id, service_id, quantity, unit_price, added_at, service_date) VALUES (1643, 1000, 2, 800, '2024-04-15 10:00:00', '2024-04-15');
INSERT INTO reservation_services (reservation_id, service_id, quantity, unit_price, added_at, service_date) VALUES (1643, 1005, 1, 500, '2024-04-15 10:00:00', '2024-04-15');
INSERT INTO reservation_services (reservation_id, service_id, quantity, unit_price, added_at, service_date) VALUES (1643, 1003, 2, 1500, '2024-04-15 10:00:00', '2024-04-15');
INSERT INTO reservation_services (reservation_id, service_id, quantity, unit_price, added_at, service_date) VALUES (1643, 1000, 3, 800, '2024-04-14 10:00:00', '2024-04-14');
INSERT INTO invoices (invoice_code, reservation_id, total, method, invoice_date, created_at) VALUES ('I-3DF2024E', 1643, 14100, 'tarjeta', '2024-04-16', NOW());
INSERT INTO reservations (reservation_id, reservation_code, client_id, room_id, guest_name, guest_email, guest_phone, checkin_date, checkout_date, total, status, created_at) VALUES (1644, 'R-B1E4A96C', 1023, 1041, 'David Garcia', 'miguel.hernandez754@outlook.com', '5564434624', '2025-03-22', '2025-03-23', 2200, 'checkout', NOW());
INSERT INTO reservations (reservation_id, reservation_code, client_id, room_id, guest_name, guest_email, guest_phone, checkin_date, checkout_date, total, status, created_at) VALUES (1645, 'R-805D7A24', 1176, 1026, 'Fernando Torres', 'fernando.torres4450@outlook.com', '5535000931', '2025-01-02', '2025-01-08', 13200, 'checkout', NOW());
INSERT INTO reservation_services (reservation_id, service_id, quantity, unit_price, added_at, service_date) VALUES (1645, 1006, 2, 150, '2025-01-07 10:00:00', '2025-01-07');
INSERT INTO reservation_services (reservation_id, service_id, quantity, unit_price, added_at, service_date) VALUES (1645, 1001, 3, 600, '2025-01-02 10:00:00', '2025-01-02');
INSERT INTO reservation_services (reservation_id, service_id, quantity, unit_price, added_at, service_date) VALUES (1645, 1004, 3, 400, '2025-01-06 10:00:00', '2025-01-06');
INSERT INTO reservations (reservation_id, reservation_code, client_id, room_id, guest_name, guest_email, guest_phone, checkin_date, checkout_date, total, status, created_at) VALUES (1646, 'R-BF395C97', 1029, 1027, 'Elena Hernandez', 'elena.hernandez1358@outlook.com', '5579764299', '2024-05-26', '2024-05-30', 4800, 'checkout', NOW());
INSERT INTO reservation_services (reservation_id, service_id, quantity, unit_price, added_at, service_date) VALUES (1646, 1003, 2, 1500, '2024-05-28 10:00:00', '2024-05-28');
INSERT INTO reservations (reservation_id, reservation_code, client_id, room_id, guest_name, guest_email, guest_phone, checkin_date, checkout_date, total, status, created_at) VALUES (1647, 'R-68E5B933', 1126, 1018, 'Roberto Rodriguez', 'roberto.rodriguez5755@yahoo.com', '5578108231', '2024-11-14', '2024-11-21', 15400, 'cancelada', NOW());
INSERT INTO reservations (reservation_id, reservation_code, client_id, room_id, guest_name, guest_email, guest_phone, checkin_date, checkout_date, total, status, created_at) VALUES (1648, 'R-658956A3', 1161, 1018, 'Carmen Flores', 'carmen.flores8781@hotel.com', '5510247835', '2024-02-08', '2024-02-11', 6600, 'facturada', NOW());
INSERT INTO invoices (invoice_code, reservation_id, total, method, invoice_date, created_at) VALUES ('I-A6BC433F', 1648, 6600, 'efectivo', '2024-02-11', NOW());
INSERT INTO reservations (reservation_id, reservation_code, client_id, room_id, guest_name, guest_email, guest_phone, checkin_date, checkout_date, total, status, created_at) VALUES (1649, 'R-E518C26C', 1042, 1026, 'Fernando Diaz', 'juan.gomez35@gmail.com', '5576269589', '2024-06-02', '2024-06-08', 13200, 'checkout', NOW());
INSERT INTO reservation_services (reservation_id, service_id, quantity, unit_price, added_at, service_date) VALUES (1649, 1003, 2, 1500, '2024-06-05 10:00:00', '2024-06-05');
INSERT INTO reservation_services (reservation_id, service_id, quantity, unit_price, added_at, service_date) VALUES (1649, 1002, 3, 250, '2024-06-05 10:00:00', '2024-06-05');
INSERT INTO reservation_services (reservation_id, service_id, quantity, unit_price, added_at, service_date) VALUES (1649, 1005, 3, 500, '2024-06-05 10:00:00', '2024-06-05');
INSERT INTO reservation_services (reservation_id, service_id, quantity, unit_price, added_at, service_date) VALUES (1649, 1004, 2, 400, '2024-06-03 10:00:00', '2024-06-03');
INSERT INTO reservations (reservation_id, reservation_code, client_id, room_id, guest_name, guest_email, guest_phone, checkin_date, checkout_date, total, status, created_at) VALUES (1650, 'R-7DF54AB6', 1129, 1049, 'Pedro Ramirez', 'pedro.ramirez7258@gmail.com', '5569473165', '2025-04-05', '2025-04-08', 13500, 'facturada', NOW());
INSERT INTO reservation_services (reservation_id, service_id, quantity, unit_price, added_at, service_date) VALUES (1650, 1004, 3, 400, '2025-04-07 10:00:00', '2025-04-07');
INSERT INTO invoices (invoice_code, reservation_id, total, method, invoice_date, created_at) VALUES ('I-FED8CF77', 1650, 14700, 'tarjeta', '2025-04-08', NOW());
INSERT INTO reservations (reservation_id, reservation_code, client_id, room_id, guest_name, guest_email, guest_phone, checkin_date, checkout_date, total, status, created_at) VALUES (1651, 'R-CE704B15', 1193, 1012, 'Jorge Martinez', 'jorge.martinez1967@hotmail.com', '5580423136', '2024-06-24', '2024-06-26', 2400, 'facturada', NOW());
INSERT INTO reservation_services (reservation_id, service_id, quantity, unit_price, added_at, service_date) VALUES (1651, 1004, 3, 400, '2024-06-25 10:00:00', '2024-06-25');
INSERT INTO reservation_services (reservation_id, service_id, quantity, unit_price, added_at, service_date) VALUES (1651, 1003, 3, 1500, '2024-06-25 10:00:00', '2024-06-25');
INSERT INTO reservation_services (reservation_id, service_id, quantity, unit_price, added_at, service_date) VALUES (1651, 1001, 1, 600, '2024-06-24 10:00:00', '2024-06-24');
INSERT INTO invoices (invoice_code, reservation_id, total, method, invoice_date, created_at) VALUES ('I-5D73882F', 1651, 8700, 'transferencia', '2024-06-26', NOW());
INSERT INTO reservations (reservation_id, reservation_code, client_id, room_id, guest_name, guest_email, guest_phone, checkin_date, checkout_date, total, status, created_at) VALUES (1652, 'R-1C3BF055', 1003, 1007, 'Isabel Martinez', 'isabel.martinez1244@gmail.com', '5547699236', '2024-06-09', '2024-06-12', 6600, 'facturada', NOW());
INSERT INTO reservation_services (reservation_id, service_id, quantity, unit_price, added_at, service_date) VALUES (1652, 1000, 2, 800, '2024-06-10 10:00:00', '2024-06-10');
INSERT INTO invoices (invoice_code, reservation_id, total, method, invoice_date, created_at) VALUES ('I-517D3C54', 1652, 8200, 'transferencia', '2024-06-12', NOW());
INSERT INTO reservations (reservation_id, reservation_code, client_id, room_id, guest_name, guest_email, guest_phone, checkin_date, checkout_date, total, status, created_at) VALUES (1653, 'R-AF7C3B97', 1081, 1039, 'Fernando Martinez', 'fernando.martinez1145@gmail.com', '5555953217', '2025-05-07', '2025-05-10', 3600, 'facturada', NOW());
INSERT INTO reservation_services (reservation_id, service_id, quantity, unit_price, added_at, service_date) VALUES (1653, 1002, 1, 250, '2025-05-08 10:00:00', '2025-05-08');
INSERT INTO reservation_services (reservation_id, service_id, quantity, unit_price, added_at, service_date) VALUES (1653, 1000, 2, 800, '2025-05-08 10:00:00', '2025-05-08');
INSERT INTO invoices (invoice_code, reservation_id, total, method, invoice_date, created_at) VALUES ('I-8661E5B0', 1653, 5450, 'efectivo', '2025-05-10', NOW());
INSERT INTO reservations (reservation_id, reservation_code, client_id, room_id, guest_name, guest_email, guest_phone, checkin_date, checkout_date, total, status, created_at) VALUES (1654, 'R-D8B1EF4E', 1042, 1048, 'Fernando Diaz', 'juan.gomez35@gmail.com', '5580452735', '2025-04-27', '2025-04-30', 3600, 'facturada', NOW());
INSERT INTO reservation_services (reservation_id, service_id, quantity, unit_price, added_at, service_date) VALUES (1654, 1006, 3, 150, '2025-04-28 10:00:00', '2025-04-28');
INSERT INTO invoices (invoice_code, reservation_id, total, method, invoice_date, created_at) VALUES ('I-9F50AE23', 1654, 4050, 'efectivo', '2025-04-30', NOW());
INSERT INTO reservations (reservation_id, reservation_code, client_id, room_id, guest_name, guest_email, guest_phone, checkin_date, checkout_date, total, status, created_at) VALUES (1655, 'R-D9FB85EA', 1134, 1035, 'Isabel Martinez', 'isabel.martinez2046@outlook.com', '5523066283', '2024-08-11', '2024-08-13', 2400, 'checkout', NOW());
INSERT INTO reservation_services (reservation_id, service_id, quantity, unit_price, added_at, service_date) VALUES (1655, 1006, 1, 150, '2024-08-12 10:00:00', '2024-08-12');
INSERT INTO reservations (reservation_id, reservation_code, client_id, room_id, guest_name, guest_email, guest_phone, checkin_date, checkout_date, total, status, created_at) VALUES (1656, 'R-0FCF30D4', 1130, 1031, 'Miguel Flores', 'miguel.flores3810@hotmail.com', '5544297810', '2024-04-27', '2024-05-04', 31500, 'facturada', NOW());
INSERT INTO reservation_services (reservation_id, service_id, quantity, unit_price, added_at, service_date) VALUES (1656, 1000, 2, 800, '2024-05-03 10:00:00', '2024-05-03');
INSERT INTO reservation_services (reservation_id, service_id, quantity, unit_price, added_at, service_date) VALUES (1656, 1001, 1, 600, '2024-05-03 10:00:00', '2024-05-03');
INSERT INTO reservation_services (reservation_id, service_id, quantity, unit_price, added_at, service_date) VALUES (1656, 1004, 3, 400, '2024-04-28 10:00:00', '2024-04-28');
INSERT INTO reservation_services (reservation_id, service_id, quantity, unit_price, added_at, service_date) VALUES (1656, 1005, 3, 500, '2024-04-28 10:00:00', '2024-04-28');
INSERT INTO invoices (invoice_code, reservation_id, total, method, invoice_date, created_at) VALUES ('I-C79A1A55', 1656, 36400, 'transferencia', '2024-05-04', NOW());
INSERT INTO reservations (reservation_id, reservation_code, client_id, room_id, guest_name, guest_email, guest_phone, checkin_date, checkout_date, total, status, created_at) VALUES (1657, 'R-4A9EC7DD', 1152, 1017, 'Marta Rodriguez', 'marta.rodriguez5994@outlook.com', '5546324310', '2025-02-12', '2025-02-18', 27000, 'facturada', NOW());
INSERT INTO reservation_services (reservation_id, service_id, quantity, unit_price, added_at, service_date) VALUES (1657, 1001, 3, 600, '2025-02-17 10:00:00', '2025-02-17');
INSERT INTO invoices (invoice_code, reservation_id, total, method, invoice_date, created_at) VALUES ('I-69B34C82', 1657, 28800, 'transferencia', '2025-02-18', NOW());
INSERT INTO reservations (reservation_id, reservation_code, client_id, room_id, guest_name, guest_email, guest_phone, checkin_date, checkout_date, total, status, created_at) VALUES (1658, 'R-B136FE7B', 1063, 1003, 'David Reyes', 'david.reyes2620@hotel.com', '5571198819', '2024-11-13', '2024-11-14', 2200, 'facturada', NOW());
INSERT INTO reservation_services (reservation_id, service_id, quantity, unit_price, added_at, service_date) VALUES (1658, 1006, 1, 150, '2024-11-13 10:00:00', '2024-11-13');
INSERT INTO invoices (invoice_code, reservation_id, total, method, invoice_date, created_at) VALUES ('I-6BBB887B', 1658, 2350, 'transferencia', '2024-11-14', NOW());
INSERT INTO reservations (reservation_id, reservation_code, client_id, room_id, guest_name, guest_email, guest_phone, checkin_date, checkout_date, total, status, created_at) VALUES (1659, 'R-CB355399', 1168, 1024, 'Sofia Reyes', 'sofia.reyes1846@gmail.com', '5517231964', '2025-02-18', '2025-02-24', 13200, 'cancelada', NOW());
INSERT INTO reservations (reservation_id, reservation_code, client_id, room_id, guest_name, guest_email, guest_phone, checkin_date, checkout_date, total, status, created_at) VALUES (1660, 'R-86DDB9DD', 1118, 1032, 'Lucia Hernandez', 'lucia.hernandez1343@hotmail.com', '5589992125', '2024-12-13', '2024-12-19', 27000, 'checkout', NOW());
INSERT INTO reservation_services (reservation_id, service_id, quantity, unit_price, added_at, service_date) VALUES (1660, 1001, 3, 600, '2024-12-18 10:00:00', '2024-12-18');
INSERT INTO reservations (reservation_id, reservation_code, client_id, room_id, guest_name, guest_email, guest_phone, checkin_date, checkout_date, total, status, created_at) VALUES (1661, 'R-FD9177EC', 1143, 1032, 'Roberto Ramirez', 'roberto.ramirez5669@yahoo.com', '5538173518', '2024-08-01', '2024-08-03', 9000, 'facturada', NOW());
INSERT INTO reservation_services (reservation_id, service_id, quantity, unit_price, added_at, service_date) VALUES (1661, 1002, 2, 250, '2024-08-01 10:00:00', '2024-08-01');
INSERT INTO invoices (invoice_code, reservation_id, total, method, invoice_date, created_at) VALUES ('I-4F047343', 1661, 9500, 'transferencia', '2024-08-03', NOW());
INSERT INTO reservations (reservation_id, reservation_code, client_id, room_id, guest_name, guest_email, guest_phone, checkin_date, checkout_date, total, status, created_at) VALUES (1662, 'R-4FB4C07F', 1057, 1011, 'Jose Perez', 'jose.perez2701@hotel.com', '5540920262', '2024-05-12', '2024-05-18', 7200, 'checkout', NOW());
INSERT INTO reservation_services (reservation_id, service_id, quantity, unit_price, added_at, service_date) VALUES (1662, 1006, 1, 150, '2024-05-16 10:00:00', '2024-05-16');
INSERT INTO reservation_services (reservation_id, service_id, quantity, unit_price, added_at, service_date) VALUES (1662, 1001, 1, 600, '2024-05-17 10:00:00', '2024-05-17');
INSERT INTO reservations (reservation_id, reservation_code, client_id, room_id, guest_name, guest_email, guest_phone, checkin_date, checkout_date, total, status, created_at) VALUES (1663, 'R-7DC4E14E', 1108, 1043, 'Marta Martinez', 'marta.martinez8108@hotmail.com', '5538044719', '2024-01-24', '2024-01-25', 4500, 'checkout', NOW());
INSERT INTO reservation_services (reservation_id, service_id, quantity, unit_price, added_at, service_date) VALUES (1663, 1005, 3, 500, '2024-01-24 10:00:00', '2024-01-24');
INSERT INTO reservation_services (reservation_id, service_id, quantity, unit_price, added_at, service_date) VALUES (1663, 1006, 2, 150, '2024-01-24 10:00:00', '2024-01-24');
INSERT INTO reservation_services (reservation_id, service_id, quantity, unit_price, added_at, service_date) VALUES (1663, 1006, 2, 150, '2024-01-24 10:00:00', '2024-01-24');
INSERT INTO reservation_services (reservation_id, service_id, quantity, unit_price, added_at, service_date) VALUES (1663, 1002, 3, 250, '2024-01-24 10:00:00', '2024-01-24');
INSERT INTO reservations (reservation_id, reservation_code, client_id, room_id, guest_name, guest_email, guest_phone, checkin_date, checkout_date, total, status, created_at) VALUES (1664, 'R-BA249C38', 1006, 1027, 'Lucia Rodriguez', 'lucia.rodriguez3808@gmail.com', '5534979827', '2024-11-21', '2024-11-28', 8400, 'facturada', NOW());
INSERT INTO reservation_services (reservation_id, service_id, quantity, unit_price, added_at, service_date) VALUES (1664, 1001, 1, 600, '2024-11-27 10:00:00', '2024-11-27');
INSERT INTO invoices (invoice_code, reservation_id, total, method, invoice_date, created_at) VALUES ('I-05B7D3D4', 1664, 9000, 'tarjeta', '2024-11-28', NOW());
INSERT INTO reservations (reservation_id, reservation_code, client_id, room_id, guest_name, guest_email, guest_phone, checkin_date, checkout_date, total, status, created_at) VALUES (1665, 'R-A58FAD4D', 1104, 1026, 'Luis Perez', 'luis.perez1352@hotmail.com', '5549494540', '2025-01-25', '2025-01-29', 8800, 'facturada', NOW());
INSERT INTO reservation_services (reservation_id, service_id, quantity, unit_price, added_at, service_date) VALUES (1665, 1006, 2, 150, '2025-01-25 10:00:00', '2025-01-25');
INSERT INTO reservation_services (reservation_id, service_id, quantity, unit_price, added_at, service_date) VALUES (1665, 1001, 2, 600, '2025-01-28 10:00:00', '2025-01-28');
INSERT INTO reservation_services (reservation_id, service_id, quantity, unit_price, added_at, service_date) VALUES (1665, 1002, 2, 250, '2025-01-27 10:00:00', '2025-01-27');
INSERT INTO reservation_services (reservation_id, service_id, quantity, unit_price, added_at, service_date) VALUES (1665, 1001, 3, 600, '2025-01-28 10:00:00', '2025-01-28');
INSERT INTO reservation_services (reservation_id, service_id, quantity, unit_price, added_at, service_date) VALUES (1665, 1003, 2, 1500, '2025-01-28 10:00:00', '2025-01-28');
INSERT INTO invoices (invoice_code, reservation_id, total, method, invoice_date, created_at) VALUES ('I-BDDF618A', 1665, 15600, 'transferencia', '2025-01-29', NOW());
INSERT INTO reservations (reservation_id, reservation_code, client_id, room_id, guest_name, guest_email, guest_phone, checkin_date, checkout_date, total, status, created_at) VALUES (1666, 'R-C888EFD5', 1197, 1030, 'Carmen Gonzalez', 'carmen.gonzalez1671@yahoo.com', '5594600082', '2025-04-29', '2025-05-05', 27000, 'checkout', NOW());
INSERT INTO reservation_services (reservation_id, service_id, quantity, unit_price, added_at, service_date) VALUES (1666, 1005, 3, 500, '2025-05-02 10:00:00', '2025-05-02');
INSERT INTO reservation_services (reservation_id, service_id, quantity, unit_price, added_at, service_date) VALUES (1666, 1001, 3, 600, '2025-05-01 10:00:00', '2025-05-01');
INSERT INTO reservation_services (reservation_id, service_id, quantity, unit_price, added_at, service_date) VALUES (1666, 1004, 2, 400, '2025-05-03 10:00:00', '2025-05-03');
INSERT INTO reservations (reservation_id, reservation_code, client_id, room_id, guest_name, guest_email, guest_phone, checkin_date, checkout_date, total, status, created_at) VALUES (1667, 'R-942163F7', 1095, 1047, 'Pedro Gomez', 'pedro.gomez2761@hotmail.com', '5544947639', '2024-02-27', '2024-03-05', 15400, 'facturada', NOW());
INSERT INTO reservation_services (reservation_id, service_id, quantity, unit_price, added_at, service_date) VALUES (1667, 1006, 3, 150, '2024-02-29 10:00:00', '2024-02-29');
INSERT INTO reservation_services (reservation_id, service_id, quantity, unit_price, added_at, service_date) VALUES (1667, 1005, 3, 500, '2024-02-29 10:00:00', '2024-02-29');
INSERT INTO reservation_services (reservation_id, service_id, quantity, unit_price, added_at, service_date) VALUES (1667, 1004, 3, 400, '2024-03-01 10:00:00', '2024-03-01');
INSERT INTO reservation_services (reservation_id, service_id, quantity, unit_price, added_at, service_date) VALUES (1667, 1000, 1, 800, '2024-02-28 10:00:00', '2024-02-28');
INSERT INTO reservation_services (reservation_id, service_id, quantity, unit_price, added_at, service_date) VALUES (1667, 1000, 1, 800, '2024-02-27 10:00:00', '2024-02-27');
INSERT INTO invoices (invoice_code, reservation_id, total, method, invoice_date, created_at) VALUES ('I-2804DB21', 1667, 20150, 'tarjeta', '2024-03-05', NOW());
INSERT INTO reservations (reservation_id, reservation_code, client_id, room_id, guest_name, guest_email, guest_phone, checkin_date, checkout_date, total, status, created_at) VALUES (1668, 'R-E656BC4A', 1080, 1026, 'Lucia Hernandez', 'lucia.hernandez9843@yahoo.com', '5553005867', '2024-08-18', '2024-08-24', 13200, 'facturada', NOW());
INSERT INTO reservation_services (reservation_id, service_id, quantity, unit_price, added_at, service_date) VALUES (1668, 1006, 2, 150, '2024-08-21 10:00:00', '2024-08-21');
INSERT INTO reservation_services (reservation_id, service_id, quantity, unit_price, added_at, service_date) VALUES (1668, 1004, 1, 400, '2024-08-20 10:00:00', '2024-08-20');
INSERT INTO invoices (invoice_code, reservation_id, total, method, invoice_date, created_at) VALUES ('I-368DAB73', 1668, 13900, 'transferencia', '2024-08-24', NOW());
INSERT INTO reservations (reservation_id, reservation_code, client_id, room_id, guest_name, guest_email, guest_phone, checkin_date, checkout_date, total, status, created_at) VALUES (1669, 'R-F2EF7DA3', 1157, 1009, 'Isabel Perez', 'isabel.perez6330@hotmail.com', '5534564919', '2024-07-20', '2024-07-24', 4800, 'facturada', NOW());
INSERT INTO reservation_services (reservation_id, service_id, quantity, unit_price, added_at, service_date) VALUES (1669, 1006, 1, 150, '2024-07-22 10:00:00', '2024-07-22');
INSERT INTO reservation_services (reservation_id, service_id, quantity, unit_price, added_at, service_date) VALUES (1669, 1001, 3, 600, '2024-07-22 10:00:00', '2024-07-22');
INSERT INTO reservation_services (reservation_id, service_id, quantity, unit_price, added_at, service_date) VALUES (1669, 1000, 2, 800, '2024-07-23 10:00:00', '2024-07-23');
INSERT INTO reservation_services (reservation_id, service_id, quantity, unit_price, added_at, service_date) VALUES (1669, 1006, 2, 150, '2024-07-21 10:00:00', '2024-07-21');
INSERT INTO reservation_services (reservation_id, service_id, quantity, unit_price, added_at, service_date) VALUES (1669, 1006, 1, 150, '2024-07-20 10:00:00', '2024-07-20');
INSERT INTO invoices (invoice_code, reservation_id, total, method, invoice_date, created_at) VALUES ('I-4EA4108D', 1669, 8800, 'tarjeta', '2024-07-24', NOW());
INSERT INTO reservations (reservation_id, reservation_code, client_id, room_id, guest_name, guest_email, guest_phone, checkin_date, checkout_date, total, status, created_at) VALUES (1670, 'R-B4528286', 1042, 1044, 'Fernando Diaz', 'juan.gomez35@gmail.com', '5526049657', '2024-11-18', '2024-11-22', 4800, 'facturada', NOW());
INSERT INTO reservation_services (reservation_id, service_id, quantity, unit_price, added_at, service_date) VALUES (1670, 1003, 3, 1500, '2024-11-18 10:00:00', '2024-11-18');
INSERT INTO reservation_services (reservation_id, service_id, quantity, unit_price, added_at, service_date) VALUES (1670, 1002, 2, 250, '2024-11-20 10:00:00', '2024-11-20');
INSERT INTO reservation_services (reservation_id, service_id, quantity, unit_price, added_at, service_date) VALUES (1670, 1000, 3, 800, '2024-11-20 10:00:00', '2024-11-20');
INSERT INTO reservation_services (reservation_id, service_id, quantity, unit_price, added_at, service_date) VALUES (1670, 1006, 1, 150, '2024-11-21 10:00:00', '2024-11-21');
INSERT INTO reservation_services (reservation_id, service_id, quantity, unit_price, added_at, service_date) VALUES (1670, 1003, 2, 1500, '2024-11-18 10:00:00', '2024-11-18');
INSERT INTO invoices (invoice_code, reservation_id, total, method, invoice_date, created_at) VALUES ('I-0F6D6954', 1670, 15350, 'transferencia', '2024-11-22', NOW());
INSERT INTO reservations (reservation_id, reservation_code, client_id, room_id, guest_name, guest_email, guest_phone, checkin_date, checkout_date, total, status, created_at) VALUES (1671, 'R-F6FC005A', 1184, 1021, 'Sofia Flores', 'sofia.flores4156@hotmail.com', '5533705505', '2025-02-24', '2025-03-03', 31500, 'facturada', NOW());
INSERT INTO reservation_services (reservation_id, service_id, quantity, unit_price, added_at, service_date) VALUES (1671, 1001, 3, 600, '2025-02-26 10:00:00', '2025-02-26');
INSERT INTO reservation_services (reservation_id, service_id, quantity, unit_price, added_at, service_date) VALUES (1671, 1001, 1, 600, '2025-02-26 10:00:00', '2025-02-26');
INSERT INTO reservation_services (reservation_id, service_id, quantity, unit_price, added_at, service_date) VALUES (1671, 1001, 2, 600, '2025-02-26 10:00:00', '2025-02-26');
INSERT INTO reservation_services (reservation_id, service_id, quantity, unit_price, added_at, service_date) VALUES (1671, 1003, 2, 1500, '2025-02-27 10:00:00', '2025-02-27');
INSERT INTO invoices (invoice_code, reservation_id, total, method, invoice_date, created_at) VALUES ('I-D80EC1A3', 1671, 38100, 'transferencia', '2025-03-03', NOW());
INSERT INTO reservations (reservation_id, reservation_code, client_id, room_id, guest_name, guest_email, guest_phone, checkin_date, checkout_date, total, status, created_at) VALUES (1672, 'R-4BC5F16F', 1105, 1013, 'Ana Lopez', 'ana.lopez2487@outlook.com', '5572423414', '2025-05-07', '2025-05-13', 13200, 'facturada', NOW());
INSERT INTO reservation_services (reservation_id, service_id, quantity, unit_price, added_at, service_date) VALUES (1672, 1001, 3, 600, '2025-05-12 10:00:00', '2025-05-12');
INSERT INTO invoices (invoice_code, reservation_id, total, method, invoice_date, created_at) VALUES ('I-1B46185D', 1672, 15000, 'efectivo', '2025-05-13', NOW());
INSERT INTO reservations (reservation_id, reservation_code, client_id, room_id, guest_name, guest_email, guest_phone, checkin_date, checkout_date, total, status, created_at) VALUES (1673, 'R-CD38BB0A', 1087, 1000, 'Sofia Rodriguez', 'sofia.rodriguez6829@outlook.com', '5569334810', '2024-03-07', '2024-03-11', 18000, 'cancelada', NOW());
INSERT INTO reservations (reservation_id, reservation_code, client_id, room_id, guest_name, guest_email, guest_phone, checkin_date, checkout_date, total, status, created_at) VALUES (1674, 'R-BAAB2A22', 1167, 1022, 'Luis Rivera', 'luis.rivera9883@yahoo.com', '5541309278', '2025-04-08', '2025-04-12', 8800, 'facturada', NOW());
INSERT INTO reservation_services (reservation_id, service_id, quantity, unit_price, added_at, service_date) VALUES (1674, 1002, 2, 250, '2025-04-11 10:00:00', '2025-04-11');
INSERT INTO reservation_services (reservation_id, service_id, quantity, unit_price, added_at, service_date) VALUES (1674, 1001, 2, 600, '2025-04-11 10:00:00', '2025-04-11');
INSERT INTO reservation_services (reservation_id, service_id, quantity, unit_price, added_at, service_date) VALUES (1674, 1003, 3, 1500, '2025-04-08 10:00:00', '2025-04-08');
INSERT INTO reservation_services (reservation_id, service_id, quantity, unit_price, added_at, service_date) VALUES (1674, 1002, 2, 250, '2025-04-08 10:00:00', '2025-04-08');
INSERT INTO reservation_services (reservation_id, service_id, quantity, unit_price, added_at, service_date) VALUES (1674, 1003, 2, 1500, '2025-04-08 10:00:00', '2025-04-08');
INSERT INTO invoices (invoice_code, reservation_id, total, method, invoice_date, created_at) VALUES ('I-86104453', 1674, 18500, 'transferencia', '2025-04-12', NOW());
INSERT INTO reservations (reservation_id, reservation_code, client_id, room_id, guest_name, guest_email, guest_phone, checkin_date, checkout_date, total, status, created_at) VALUES (1675, 'R-96192EDB', 1174, 1013, 'Roberto Perez', 'roberto.perez1093@hotmail.com', '5594763925', '2025-04-22', '2025-04-26', 8800, 'facturada', NOW());
INSERT INTO reservation_services (reservation_id, service_id, quantity, unit_price, added_at, service_date) VALUES (1675, 1002, 1, 250, '2025-04-22 10:00:00', '2025-04-22');
INSERT INTO reservation_services (reservation_id, service_id, quantity, unit_price, added_at, service_date) VALUES (1675, 1001, 2, 600, '2025-04-23 10:00:00', '2025-04-23');
INSERT INTO invoices (invoice_code, reservation_id, total, method, invoice_date, created_at) VALUES ('I-4E903F47', 1675, 10250, 'transferencia', '2025-04-26', NOW());
INSERT INTO reservations (reservation_id, reservation_code, client_id, room_id, guest_name, guest_email, guest_phone, checkin_date, checkout_date, total, status, created_at) VALUES (1676, 'R-87D9FDD7', 1066, 1031, 'Lucia Reyes', 'lucia.reyes8438@hotel.com', '5526832946', '2025-01-07', '2025-01-09', 9000, 'facturada', NOW());
INSERT INTO reservation_services (reservation_id, service_id, quantity, unit_price, added_at, service_date) VALUES (1676, 1006, 3, 150, '2025-01-08 10:00:00', '2025-01-08');
INSERT INTO invoices (invoice_code, reservation_id, total, method, invoice_date, created_at) VALUES ('I-50753676', 1676, 9450, 'tarjeta', '2025-01-09', NOW());
INSERT INTO reservations (reservation_id, reservation_code, client_id, room_id, guest_name, guest_email, guest_phone, checkin_date, checkout_date, total, status, created_at) VALUES (1677, 'R-59734A91', 1016, 1044, 'Maria Sanchez', 'carmen.rivera366@yahoo.com', '5575797289', '2024-03-05', '2024-03-10', 6000, 'facturada', NOW());
INSERT INTO reservation_services (reservation_id, service_id, quantity, unit_price, added_at, service_date) VALUES (1677, 1002, 2, 250, '2024-03-06 10:00:00', '2024-03-06');
INSERT INTO reservation_services (reservation_id, service_id, quantity, unit_price, added_at, service_date) VALUES (1677, 1003, 3, 1500, '2024-03-09 10:00:00', '2024-03-09');
INSERT INTO reservation_services (reservation_id, service_id, quantity, unit_price, added_at, service_date) VALUES (1677, 1006, 1, 150, '2024-03-09 10:00:00', '2024-03-09');
INSERT INTO reservation_services (reservation_id, service_id, quantity, unit_price, added_at, service_date) VALUES (1677, 1004, 1, 400, '2024-03-05 10:00:00', '2024-03-05');
INSERT INTO invoices (invoice_code, reservation_id, total, method, invoice_date, created_at) VALUES ('I-DB11958D', 1677, 11550, 'efectivo', '2024-03-10', NOW());
INSERT INTO reservations (reservation_id, reservation_code, client_id, room_id, guest_name, guest_email, guest_phone, checkin_date, checkout_date, total, status, created_at) VALUES (1678, 'R-1DA8955F', 1017, 1001, 'Miguel Ramirez', 'miguel.ramirez3476@gmail.com', '5563002946', '2024-06-20', '2024-06-23', 13500, 'facturada', NOW());
INSERT INTO reservation_services (reservation_id, service_id, quantity, unit_price, added_at, service_date) VALUES (1678, 1005, 3, 500, '2024-06-22 10:00:00', '2024-06-22');
INSERT INTO reservation_services (reservation_id, service_id, quantity, unit_price, added_at, service_date) VALUES (1678, 1004, 3, 400, '2024-06-20 10:00:00', '2024-06-20');
INSERT INTO reservation_services (reservation_id, service_id, quantity, unit_price, added_at, service_date) VALUES (1678, 1003, 1, 1500, '2024-06-22 10:00:00', '2024-06-22');
INSERT INTO invoices (invoice_code, reservation_id, total, method, invoice_date, created_at) VALUES ('I-65FE1F7B', 1678, 17700, 'transferencia', '2024-06-23', NOW());
INSERT INTO reservations (reservation_id, reservation_code, client_id, room_id, guest_name, guest_email, guest_phone, checkin_date, checkout_date, total, status, created_at) VALUES (1679, 'R-487DE281', 1021, 1026, 'Paula Sanchez', 'paula.sanchez6826@yahoo.com', '5551218660', '2024-12-04', '2024-12-08', 8800, 'facturada', NOW());
INSERT INTO reservation_services (reservation_id, service_id, quantity, unit_price, added_at, service_date) VALUES (1679, 1004, 2, 400, '2024-12-05 10:00:00', '2024-12-05');
INSERT INTO reservation_services (reservation_id, service_id, quantity, unit_price, added_at, service_date) VALUES (1679, 1006, 2, 150, '2024-12-04 10:00:00', '2024-12-04');
INSERT INTO reservation_services (reservation_id, service_id, quantity, unit_price, added_at, service_date) VALUES (1679, 1005, 1, 500, '2024-12-06 10:00:00', '2024-12-06');
INSERT INTO reservation_services (reservation_id, service_id, quantity, unit_price, added_at, service_date) VALUES (1679, 1000, 3, 800, '2024-12-05 10:00:00', '2024-12-05');
INSERT INTO invoices (invoice_code, reservation_id, total, method, invoice_date, created_at) VALUES ('I-FEBAD0F2', 1679, 12800, 'efectivo', '2024-12-08', NOW());
INSERT INTO reservations (reservation_id, reservation_code, client_id, room_id, guest_name, guest_email, guest_phone, checkin_date, checkout_date, total, status, created_at) VALUES (1680, 'R-4F2607D8', 1086, 1016, 'Paula Sanchez', 'paula.sanchez4895@hotel.com', '5557405765', '2024-11-04', '2024-11-08', 8800, 'facturada', NOW());
INSERT INTO reservation_services (reservation_id, service_id, quantity, unit_price, added_at, service_date) VALUES (1680, 1006, 2, 150, '2024-11-06 10:00:00', '2024-11-06');
INSERT INTO reservation_services (reservation_id, service_id, quantity, unit_price, added_at, service_date) VALUES (1680, 1003, 1, 1500, '2024-11-06 10:00:00', '2024-11-06');
INSERT INTO reservation_services (reservation_id, service_id, quantity, unit_price, added_at, service_date) VALUES (1680, 1000, 3, 800, '2024-11-04 10:00:00', '2024-11-04');
INSERT INTO reservation_services (reservation_id, service_id, quantity, unit_price, added_at, service_date) VALUES (1680, 1005, 3, 500, '2024-11-07 10:00:00', '2024-11-07');
INSERT INTO invoices (invoice_code, reservation_id, total, method, invoice_date, created_at) VALUES ('I-3F2C767D', 1680, 14500, 'efectivo', '2024-11-08', NOW());
INSERT INTO reservations (reservation_id, reservation_code, client_id, room_id, guest_name, guest_email, guest_phone, checkin_date, checkout_date, total, status, created_at) VALUES (1681, 'R-E7CE0E4E', 1181, 1045, 'Elena Rivera', 'elena.rivera2476@gmail.com', '5529751644', '2025-04-06', '2025-04-08', 9000, 'checkout', NOW());
INSERT INTO reservations (reservation_id, reservation_code, client_id, room_id, guest_name, guest_email, guest_phone, checkin_date, checkout_date, total, status, created_at) VALUES (1682, 'R-8933D04D', 1118, 1034, 'Lucia Hernandez', 'lucia.hernandez1343@hotmail.com', '5570866095', '2024-03-27', '2024-04-01', 11000, 'facturada', NOW());
INSERT INTO reservation_services (reservation_id, service_id, quantity, unit_price, added_at, service_date) VALUES (1682, 1006, 1, 150, '2024-03-28 10:00:00', '2024-03-28');
INSERT INTO reservation_services (reservation_id, service_id, quantity, unit_price, added_at, service_date) VALUES (1682, 1000, 2, 800, '2024-03-28 10:00:00', '2024-03-28');
INSERT INTO reservation_services (reservation_id, service_id, quantity, unit_price, added_at, service_date) VALUES (1682, 1003, 1, 1500, '2024-03-27 10:00:00', '2024-03-27');
INSERT INTO reservation_services (reservation_id, service_id, quantity, unit_price, added_at, service_date) VALUES (1682, 1005, 2, 500, '2024-03-28 10:00:00', '2024-03-28');
INSERT INTO invoices (invoice_code, reservation_id, total, method, invoice_date, created_at) VALUES ('I-98BD0EF8', 1682, 15250, 'transferencia', '2024-04-01', NOW());
INSERT INTO reservations (reservation_id, reservation_code, client_id, room_id, guest_name, guest_email, guest_phone, checkin_date, checkout_date, total, status, created_at) VALUES (1683, 'R-6BA15017', 1164, 1037, 'Paula Gonzalez', 'paula.gonzalez8496@hotmail.com', '5531077741', '2024-04-27', '2024-04-29', 4400, 'facturada', NOW());
INSERT INTO invoices (invoice_code, reservation_id, total, method, invoice_date, created_at) VALUES ('I-14892114', 1683, 4400, 'efectivo', '2024-04-29', NOW());
INSERT INTO reservations (reservation_id, reservation_code, client_id, room_id, guest_name, guest_email, guest_phone, checkin_date, checkout_date, total, status, created_at) VALUES (1684, 'R-BB405A08', 1116, 1002, 'Roberto Reyes', 'roberto.reyes8599@hotmail.com', '5594041894', '2025-02-28', '2025-03-02', 4400, 'facturada', NOW());
INSERT INTO reservation_services (reservation_id, service_id, quantity, unit_price, added_at, service_date) VALUES (1684, 1005, 3, 500, '2025-02-28 10:00:00', '2025-02-28');
INSERT INTO reservation_services (reservation_id, service_id, quantity, unit_price, added_at, service_date) VALUES (1684, 1002, 3, 250, '2025-03-01 10:00:00', '2025-03-01');
INSERT INTO invoices (invoice_code, reservation_id, total, method, invoice_date, created_at) VALUES ('I-0DC473F4', 1684, 6650, 'tarjeta', '2025-03-02', NOW());
INSERT INTO reservations (reservation_id, reservation_code, client_id, room_id, guest_name, guest_email, guest_phone, checkin_date, checkout_date, total, status, created_at) VALUES (1685, 'R-26735506', 1057, 1011, 'Jose Perez', 'jose.perez2701@hotel.com', '5579071581', '2025-01-28', '2025-01-29', 1200, 'cancelada', NOW());
INSERT INTO reservations (reservation_id, reservation_code, client_id, room_id, guest_name, guest_email, guest_phone, checkin_date, checkout_date, total, status, created_at) VALUES (1686, 'R-85BD0267', 1020, 1039, 'Carmen Reyes', 'carmen.reyes8719@yahoo.com', '5576025818', '2024-03-09', '2024-03-14', 6000, 'facturada', NOW());
INSERT INTO reservation_services (reservation_id, service_id, quantity, unit_price, added_at, service_date) VALUES (1686, 1006, 3, 150, '2024-03-10 10:00:00', '2024-03-10');
INSERT INTO reservation_services (reservation_id, service_id, quantity, unit_price, added_at, service_date) VALUES (1686, 1003, 3, 1500, '2024-03-12 10:00:00', '2024-03-12');
INSERT INTO reservation_services (reservation_id, service_id, quantity, unit_price, added_at, service_date) VALUES (1686, 1006, 2, 150, '2024-03-13 10:00:00', '2024-03-13');
INSERT INTO invoices (invoice_code, reservation_id, total, method, invoice_date, created_at) VALUES ('I-6915DBBA', 1686, 11250, 'efectivo', '2024-03-14', NOW());
INSERT INTO reservations (reservation_id, reservation_code, client_id, room_id, guest_name, guest_email, guest_phone, checkin_date, checkout_date, total, status, created_at) VALUES (1687, 'R-2138DDB0', 1173, 1035, 'Carlos Gomez', 'carlos.gomez8272@gmail.com', '5592370497', '2025-03-23', '2025-03-30', 8400, 'checkout', NOW());
INSERT INTO reservation_services (reservation_id, service_id, quantity, unit_price, added_at, service_date) VALUES (1687, 1003, 3, 1500, '2025-03-28 10:00:00', '2025-03-28');
INSERT INTO reservation_services (reservation_id, service_id, quantity, unit_price, added_at, service_date) VALUES (1687, 1004, 1, 400, '2025-03-23 10:00:00', '2025-03-23');
INSERT INTO reservation_services (reservation_id, service_id, quantity, unit_price, added_at, service_date) VALUES (1687, 1004, 1, 400, '2025-03-29 10:00:00', '2025-03-29');
INSERT INTO reservation_services (reservation_id, service_id, quantity, unit_price, added_at, service_date) VALUES (1687, 1003, 2, 1500, '2025-03-25 10:00:00', '2025-03-25');
INSERT INTO reservations (reservation_id, reservation_code, client_id, room_id, guest_name, guest_email, guest_phone, checkin_date, checkout_date, total, status, created_at) VALUES (1688, 'R-56F2CA46', 1097, 1030, 'Roberto Flores', 'roberto.flores6806@gmail.com', '5582218531', '2025-01-31', '2025-02-03', 13500, 'cancelada', NOW());
INSERT INTO reservations (reservation_id, reservation_code, client_id, room_id, guest_name, guest_email, guest_phone, checkin_date, checkout_date, total, status, created_at) VALUES (1689, 'R-28A621EA', 1040, 1021, 'Jorge Ramirez', 'jorge.ramirez8642@yahoo.com', '5567685789', '2024-07-06', '2024-07-10', 18000, 'facturada', NOW());
INSERT INTO reservation_services (reservation_id, service_id, quantity, unit_price, added_at, service_date) VALUES (1689, 1003, 2, 1500, '2024-07-08 10:00:00', '2024-07-08');
INSERT INTO reservation_services (reservation_id, service_id, quantity, unit_price, added_at, service_date) VALUES (1689, 1003, 1, 1500, '2024-07-07 10:00:00', '2024-07-07');
INSERT INTO reservation_services (reservation_id, service_id, quantity, unit_price, added_at, service_date) VALUES (1689, 1002, 1, 250, '2024-07-07 10:00:00', '2024-07-07');
INSERT INTO invoices (invoice_code, reservation_id, total, method, invoice_date, created_at) VALUES ('I-2ADC54A7', 1689, 22750, 'transferencia', '2024-07-10', NOW());
INSERT INTO reservations (reservation_id, reservation_code, client_id, room_id, guest_name, guest_email, guest_phone, checkin_date, checkout_date, total, status, created_at) VALUES (1690, 'R-E620FB3F', 1071, 1033, 'Luis Reyes', 'luis.reyes5944@hotmail.com', '5569822900', '2024-08-02', '2024-08-08', 27000, 'checkout', NOW());
INSERT INTO reservation_services (reservation_id, service_id, quantity, unit_price, added_at, service_date) VALUES (1690, 1005, 2, 500, '2024-08-02 10:00:00', '2024-08-02');
INSERT INTO reservation_services (reservation_id, service_id, quantity, unit_price, added_at, service_date) VALUES (1690, 1003, 2, 1500, '2024-08-04 10:00:00', '2024-08-04');
INSERT INTO reservation_services (reservation_id, service_id, quantity, unit_price, added_at, service_date) VALUES (1690, 1006, 3, 150, '2024-08-04 10:00:00', '2024-08-04');
INSERT INTO reservation_services (reservation_id, service_id, quantity, unit_price, added_at, service_date) VALUES (1690, 1000, 3, 800, '2024-08-06 10:00:00', '2024-08-06');
INSERT INTO reservations (reservation_id, reservation_code, client_id, room_id, guest_name, guest_email, guest_phone, checkin_date, checkout_date, total, status, created_at) VALUES (1691, 'R-A0855E67', 1063, 1030, 'David Reyes', 'david.reyes2620@hotel.com', '5588305054', '2024-04-10', '2024-04-15', 22500, 'facturada', NOW());
INSERT INTO reservation_services (reservation_id, service_id, quantity, unit_price, added_at, service_date) VALUES (1691, 1004, 2, 400, '2024-04-10 10:00:00', '2024-04-10');
INSERT INTO reservation_services (reservation_id, service_id, quantity, unit_price, added_at, service_date) VALUES (1691, 1002, 2, 250, '2024-04-13 10:00:00', '2024-04-13');
INSERT INTO reservation_services (reservation_id, service_id, quantity, unit_price, added_at, service_date) VALUES (1691, 1006, 1, 150, '2024-04-13 10:00:00', '2024-04-13');
INSERT INTO reservation_services (reservation_id, service_id, quantity, unit_price, added_at, service_date) VALUES (1691, 1005, 1, 500, '2024-04-11 10:00:00', '2024-04-11');
INSERT INTO invoices (invoice_code, reservation_id, total, method, invoice_date, created_at) VALUES ('I-C67276B7', 1691, 24450, 'transferencia', '2024-04-15', NOW());
INSERT INTO reservations (reservation_id, reservation_code, client_id, room_id, guest_name, guest_email, guest_phone, checkin_date, checkout_date, total, status, created_at) VALUES (1692, 'R-5398C898', 1024, 1029, 'Pedro Sanchez', 'pedro.sanchez1577@hotmail.com', '5533510108', '2024-03-08', '2024-03-09', 2200, 'facturada', NOW());
INSERT INTO reservation_services (reservation_id, service_id, quantity, unit_price, added_at, service_date) VALUES (1692, 1001, 1, 600, '2024-03-08 10:00:00', '2024-03-08');
INSERT INTO reservation_services (reservation_id, service_id, quantity, unit_price, added_at, service_date) VALUES (1692, 1006, 2, 150, '2024-03-08 10:00:00', '2024-03-08');
INSERT INTO reservation_services (reservation_id, service_id, quantity, unit_price, added_at, service_date) VALUES (1692, 1000, 2, 800, '2024-03-08 10:00:00', '2024-03-08');
INSERT INTO reservation_services (reservation_id, service_id, quantity, unit_price, added_at, service_date) VALUES (1692, 1004, 3, 400, '2024-03-08 10:00:00', '2024-03-08');
INSERT INTO invoices (invoice_code, reservation_id, total, method, invoice_date, created_at) VALUES ('I-ACE609E0', 1692, 5900, 'tarjeta', '2024-03-09', NOW());
INSERT INTO reservations (reservation_id, reservation_code, client_id, room_id, guest_name, guest_email, guest_phone, checkin_date, checkout_date, total, status, created_at) VALUES (1693, 'R-BB5C0974', 1167, 1012, 'Luis Rivera', 'luis.rivera9883@yahoo.com', '5529848473', '2025-01-26', '2025-02-02', 8400, 'cancelada', NOW());
INSERT INTO reservations (reservation_id, reservation_code, client_id, room_id, guest_name, guest_email, guest_phone, checkin_date, checkout_date, total, status, created_at) VALUES (1694, 'R-CE33053F', 1076, 1014, 'Maria Torres', 'maria.torres6521@hotel.com', '5558390799', '2024-01-24', '2024-01-26', 4400, 'facturada', NOW());
INSERT INTO reservation_services (reservation_id, service_id, quantity, unit_price, added_at, service_date) VALUES (1694, 1000, 1, 800, '2024-01-25 10:00:00', '2024-01-25');
INSERT INTO reservation_services (reservation_id, service_id, quantity, unit_price, added_at, service_date) VALUES (1694, 1004, 1, 400, '2024-01-24 10:00:00', '2024-01-24');
INSERT INTO reservation_services (reservation_id, service_id, quantity, unit_price, added_at, service_date) VALUES (1694, 1001, 2, 600, '2024-01-25 10:00:00', '2024-01-25');
INSERT INTO invoices (invoice_code, reservation_id, total, method, invoice_date, created_at) VALUES ('I-08A99BCB', 1694, 6800, 'tarjeta', '2024-01-26', NOW());
INSERT INTO reservations (reservation_id, reservation_code, client_id, room_id, guest_name, guest_email, guest_phone, checkin_date, checkout_date, total, status, created_at) VALUES (1695, 'R-31F6B0C4', 1196, 1013, 'Marta Ramirez', 'marta.ramirez7427@yahoo.com', '5559198761', '2024-08-15', '2024-08-19', 8800, 'checkout', NOW());
INSERT INTO reservation_services (reservation_id, service_id, quantity, unit_price, added_at, service_date) VALUES (1695, 1005, 3, 500, '2024-08-18 10:00:00', '2024-08-18');
INSERT INTO reservation_services (reservation_id, service_id, quantity, unit_price, added_at, service_date) VALUES (1695, 1002, 1, 250, '2024-08-17 10:00:00', '2024-08-17');
INSERT INTO reservations (reservation_id, reservation_code, client_id, room_id, guest_name, guest_email, guest_phone, checkin_date, checkout_date, total, status, created_at) VALUES (1696, 'R-0D42F294', 1197, 1006, 'Carmen Gonzalez', 'carmen.gonzalez1671@yahoo.com', '5573934651', '2025-04-26', '2025-04-28', 2400, 'checkout', NOW());
INSERT INTO reservation_services (reservation_id, service_id, quantity, unit_price, added_at, service_date) VALUES (1696, 1002, 2, 250, '2025-04-27 10:00:00', '2025-04-27');
INSERT INTO reservations (reservation_id, reservation_code, client_id, room_id, guest_name, guest_email, guest_phone, checkin_date, checkout_date, total, status, created_at) VALUES (1697, 'R-000120A9', 1049, 1009, 'Roberto Gonzalez', 'roberto.gonzalez9093@yahoo.com', '5584512946', '2024-06-11', '2024-06-17', 7200, 'facturada', NOW());
INSERT INTO reservation_services (reservation_id, service_id, quantity, unit_price, added_at, service_date) VALUES (1697, 1004, 1, 400, '2024-06-11 10:00:00', '2024-06-11');
INSERT INTO reservation_services (reservation_id, service_id, quantity, unit_price, added_at, service_date) VALUES (1697, 1001, 1, 600, '2024-06-14 10:00:00', '2024-06-14');
INSERT INTO invoices (invoice_code, reservation_id, total, method, invoice_date, created_at) VALUES ('I-4532C202', 1697, 8200, 'transferencia', '2024-06-17', NOW());
INSERT INTO reservations (reservation_id, reservation_code, client_id, room_id, guest_name, guest_email, guest_phone, checkin_date, checkout_date, total, status, created_at) VALUES (1698, 'R-3A605977', 1116, 1023, 'Roberto Reyes', 'roberto.reyes8599@hotmail.com', '5534852443', '2025-04-18', '2025-04-25', 31500, 'facturada', NOW());
INSERT INTO reservation_services (reservation_id, service_id, quantity, unit_price, added_at, service_date) VALUES (1698, 1001, 2, 600, '2025-04-20 10:00:00', '2025-04-20');
INSERT INTO invoices (invoice_code, reservation_id, total, method, invoice_date, created_at) VALUES ('I-D2241DB2', 1698, 32700, 'tarjeta', '2025-04-25', NOW());
INSERT INTO reservations (reservation_id, reservation_code, client_id, room_id, guest_name, guest_email, guest_phone, checkin_date, checkout_date, total, status, created_at) VALUES (1699, 'R-362F9402', 1095, 1001, 'Pedro Gomez', 'pedro.gomez2761@hotmail.com', '5553282779', '2024-01-11', '2024-01-13', 9000, 'facturada', NOW());
INSERT INTO invoices (invoice_code, reservation_id, total, method, invoice_date, created_at) VALUES ('I-62C48F61', 1699, 9000, 'efectivo', '2024-01-13', NOW());
INSERT INTO reservations (reservation_id, reservation_code, client_id, room_id, guest_name, guest_email, guest_phone, checkin_date, checkout_date, total, status, created_at) VALUES (1700, 'R-29E15122', 1119, 1005, 'Lucia Hernandez', 'lucia.hernandez1432@gmail.com', '5567729036', '2025-03-15', '2025-03-21', 7200, 'facturada', NOW());
INSERT INTO reservation_services (reservation_id, service_id, quantity, unit_price, added_at, service_date) VALUES (1700, 1006, 2, 150, '2025-03-15 10:00:00', '2025-03-15');
INSERT INTO invoices (invoice_code, reservation_id, total, method, invoice_date, created_at) VALUES ('I-C7ECA6EE', 1700, 7500, 'tarjeta', '2025-03-21', NOW());
INSERT INTO reservations (reservation_id, reservation_code, client_id, room_id, guest_name, guest_email, guest_phone, checkin_date, checkout_date, total, status, created_at) VALUES (1701, 'R-41BA6674', 1112, 1044, 'Maria Perez', 'maria.perez3002@hotmail.com', '5528077544', '2024-02-06', '2024-02-09', 3600, 'facturada', NOW());
INSERT INTO reservation_services (reservation_id, service_id, quantity, unit_price, added_at, service_date) VALUES (1701, 1006, 3, 150, '2024-02-06 10:00:00', '2024-02-06');
INSERT INTO reservation_services (reservation_id, service_id, quantity, unit_price, added_at, service_date) VALUES (1701, 1001, 3, 600, '2024-02-08 10:00:00', '2024-02-08');
INSERT INTO reservation_services (reservation_id, service_id, quantity, unit_price, added_at, service_date) VALUES (1701, 1002, 1, 250, '2024-02-07 10:00:00', '2024-02-07');
INSERT INTO invoices (invoice_code, reservation_id, total, method, invoice_date, created_at) VALUES ('I-935A8FD7', 1701, 6100, 'efectivo', '2024-02-09', NOW());
INSERT INTO reservations (reservation_id, reservation_code, client_id, room_id, guest_name, guest_email, guest_phone, checkin_date, checkout_date, total, status, created_at) VALUES (1702, 'R-926FB045', 1025, 1031, 'Maria Rodriguez', 'maria.rodriguez9029@outlook.com', '5532163984', '2025-03-09', '2025-03-15', 27000, 'facturada', NOW());
INSERT INTO reservation_services (reservation_id, service_id, quantity, unit_price, added_at, service_date) VALUES (1702, 1006, 3, 150, '2025-03-10 10:00:00', '2025-03-10');
INSERT INTO reservation_services (reservation_id, service_id, quantity, unit_price, added_at, service_date) VALUES (1702, 1000, 1, 800, '2025-03-10 10:00:00', '2025-03-10');
INSERT INTO reservation_services (reservation_id, service_id, quantity, unit_price, added_at, service_date) VALUES (1702, 1004, 2, 400, '2025-03-09 10:00:00', '2025-03-09');
INSERT INTO reservation_services (reservation_id, service_id, quantity, unit_price, added_at, service_date) VALUES (1702, 1005, 2, 500, '2025-03-09 10:00:00', '2025-03-09');
INSERT INTO invoices (invoice_code, reservation_id, total, method, invoice_date, created_at) VALUES ('I-2060ECCF', 1702, 30050, 'tarjeta', '2025-03-15', NOW());
INSERT INTO reservations (reservation_id, reservation_code, client_id, room_id, guest_name, guest_email, guest_phone, checkin_date, checkout_date, total, status, created_at) VALUES (1703, 'R-550FAD15', 1094, 1021, 'Jorge Gomez', 'jorge.gomez3465@gmail.com', '5511692572', '2025-04-06', '2025-04-08', 9000, 'facturada', NOW());
INSERT INTO reservation_services (reservation_id, service_id, quantity, unit_price, added_at, service_date) VALUES (1703, 1005, 3, 500, '2025-04-06 10:00:00', '2025-04-06');
INSERT INTO reservation_services (reservation_id, service_id, quantity, unit_price, added_at, service_date) VALUES (1703, 1006, 3, 150, '2025-04-07 10:00:00', '2025-04-07');
INSERT INTO reservation_services (reservation_id, service_id, quantity, unit_price, added_at, service_date) VALUES (1703, 1004, 2, 400, '2025-04-07 10:00:00', '2025-04-07');
INSERT INTO reservation_services (reservation_id, service_id, quantity, unit_price, added_at, service_date) VALUES (1703, 1006, 2, 150, '2025-04-06 10:00:00', '2025-04-06');
INSERT INTO reservation_services (reservation_id, service_id, quantity, unit_price, added_at, service_date) VALUES (1703, 1002, 3, 250, '2025-04-07 10:00:00', '2025-04-07');
INSERT INTO invoices (invoice_code, reservation_id, total, method, invoice_date, created_at) VALUES ('I-643E3BCE', 1703, 12800, 'efectivo', '2025-04-08', NOW());
INSERT INTO reservations (reservation_id, reservation_code, client_id, room_id, guest_name, guest_email, guest_phone, checkin_date, checkout_date, total, status, created_at) VALUES (1704, 'R-3692AC9B', 1096, 1018, 'Juan Martinez', 'juan.martinez4362@gmail.com', '5592776143', '2024-06-04', '2024-06-11', 15400, 'facturada', NOW());
INSERT INTO invoices (invoice_code, reservation_id, total, method, invoice_date, created_at) VALUES ('I-0A45DA90', 1704, 15400, 'transferencia', '2024-06-11', NOW());
INSERT INTO reservations (reservation_id, reservation_code, client_id, room_id, guest_name, guest_email, guest_phone, checkin_date, checkout_date, total, status, created_at) VALUES (1705, 'R-B32BFE9A', 1191, 1032, 'Jose Lopez', 'jose.lopez7262@yahoo.com', '5544104992', '2024-01-20', '2024-01-26', 27000, 'facturada', NOW());
INSERT INTO reservation_services (reservation_id, service_id, quantity, unit_price, added_at, service_date) VALUES (1705, 1003, 3, 1500, '2024-01-21 10:00:00', '2024-01-21');
INSERT INTO invoices (invoice_code, reservation_id, total, method, invoice_date, created_at) VALUES ('I-5B7B33A1', 1705, 31500, 'efectivo', '2024-01-26', NOW());
INSERT INTO reservations (reservation_id, reservation_code, client_id, room_id, guest_name, guest_email, guest_phone, checkin_date, checkout_date, total, status, created_at) VALUES (1706, 'R-DCCF9E2E', 1043, 1003, 'Maria Martinez', 'maria.martinez8237@hotel.com', '5550897649', '2024-08-31', '2024-09-06', 13200, 'facturada', NOW());
INSERT INTO reservation_services (reservation_id, service_id, quantity, unit_price, added_at, service_date) VALUES (1706, 1002, 2, 250, '2024-09-04 10:00:00', '2024-09-04');
INSERT INTO invoices (invoice_code, reservation_id, total, method, invoice_date, created_at) VALUES ('I-6F5AD0A8', 1706, 13700, 'tarjeta', '2024-09-06', NOW());
INSERT INTO reservations (reservation_id, reservation_code, client_id, room_id, guest_name, guest_email, guest_phone, checkin_date, checkout_date, total, status, created_at) VALUES (1707, 'R-656A3DE0', 1088, 1019, 'Carmen Flores', 'carmen.flores9112@hotmail.com', '5551355469', '2024-04-21', '2024-04-24', 6600, 'facturada', NOW());
INSERT INTO reservation_services (reservation_id, service_id, quantity, unit_price, added_at, service_date) VALUES (1707, 1001, 2, 600, '2024-04-23 10:00:00', '2024-04-23');
INSERT INTO reservation_services (reservation_id, service_id, quantity, unit_price, added_at, service_date) VALUES (1707, 1003, 1, 1500, '2024-04-23 10:00:00', '2024-04-23');
INSERT INTO reservation_services (reservation_id, service_id, quantity, unit_price, added_at, service_date) VALUES (1707, 1003, 1, 1500, '2024-04-21 10:00:00', '2024-04-21');
INSERT INTO reservation_services (reservation_id, service_id, quantity, unit_price, added_at, service_date) VALUES (1707, 1003, 1, 1500, '2024-04-22 10:00:00', '2024-04-22');
INSERT INTO invoices (invoice_code, reservation_id, total, method, invoice_date, created_at) VALUES ('I-38849195', 1707, 12300, 'efectivo', '2024-04-24', NOW());
INSERT INTO reservations (reservation_id, reservation_code, client_id, room_id, guest_name, guest_email, guest_phone, checkin_date, checkout_date, total, status, created_at) VALUES (1708, 'R-A91684E9', 1198, 1012, 'Marta Rodriguez', 'marta.rodriguez3488@outlook.com', '5584394275', '2025-05-30', '2025-06-04', 6000, 'facturada', NOW());
INSERT INTO reservation_services (reservation_id, service_id, quantity, unit_price, added_at, service_date) VALUES (1708, 1003, 3, 1500, '2025-05-31 10:00:00', '2025-05-31');
INSERT INTO reservation_services (reservation_id, service_id, quantity, unit_price, added_at, service_date) VALUES (1708, 1005, 2, 500, '2025-06-01 10:00:00', '2025-06-01');
INSERT INTO reservation_services (reservation_id, service_id, quantity, unit_price, added_at, service_date) VALUES (1708, 1001, 3, 600, '2025-06-02 10:00:00', '2025-06-02');
INSERT INTO invoices (invoice_code, reservation_id, total, method, invoice_date, created_at) VALUES ('I-0AD2C3F7', 1708, 13300, 'tarjeta', '2025-06-04', NOW());
INSERT INTO reservations (reservation_id, reservation_code, client_id, room_id, guest_name, guest_email, guest_phone, checkin_date, checkout_date, total, status, created_at) VALUES (1709, 'R-64843352', 1108, 1028, 'Marta Martinez', 'marta.martinez8108@hotmail.com', '5536556437', '2024-11-21', '2024-11-22', 1200, 'checkout', NOW());
INSERT INTO reservation_services (reservation_id, service_id, quantity, unit_price, added_at, service_date) VALUES (1709, 1006, 2, 150, '2024-11-21 10:00:00', '2024-11-21');
INSERT INTO reservations (reservation_id, reservation_code, client_id, room_id, guest_name, guest_email, guest_phone, checkin_date, checkout_date, total, status, created_at) VALUES (1710, 'R-F27D7223', 1163, 1038, 'Luis Flores', 'luis.flores7000@gmail.com', '5565201455', '2024-10-21', '2024-10-28', 31500, 'facturada', NOW());
INSERT INTO reservation_services (reservation_id, service_id, quantity, unit_price, added_at, service_date) VALUES (1710, 1000, 3, 800, '2024-10-22 10:00:00', '2024-10-22');
INSERT INTO reservation_services (reservation_id, service_id, quantity, unit_price, added_at, service_date) VALUES (1710, 1001, 3, 600, '2024-10-27 10:00:00', '2024-10-27');
INSERT INTO reservation_services (reservation_id, service_id, quantity, unit_price, added_at, service_date) VALUES (1710, 1005, 1, 500, '2024-10-27 10:00:00', '2024-10-27');
INSERT INTO invoices (invoice_code, reservation_id, total, method, invoice_date, created_at) VALUES ('I-B61C6E99', 1710, 36200, 'tarjeta', '2024-10-28', NOW());
INSERT INTO reservations (reservation_id, reservation_code, client_id, room_id, guest_name, guest_email, guest_phone, checkin_date, checkout_date, total, status, created_at) VALUES (1711, 'R-55D66DAA', 1174, 1027, 'Roberto Perez', 'roberto.perez1093@hotmail.com', '5594290849', '2025-04-04', '2025-04-05', 1200, 'facturada', NOW());
INSERT INTO reservation_services (reservation_id, service_id, quantity, unit_price, added_at, service_date) VALUES (1711, 1003, 2, 1500, '2025-04-04 10:00:00', '2025-04-04');
INSERT INTO invoices (invoice_code, reservation_id, total, method, invoice_date, created_at) VALUES ('I-9B4CAA37', 1711, 4200, 'efectivo', '2025-04-05', NOW());
INSERT INTO reservations (reservation_id, reservation_code, client_id, room_id, guest_name, guest_email, guest_phone, checkin_date, checkout_date, total, status, created_at) VALUES (1712, 'R-F6656C92', 1034, 1017, 'Miguel Martinez', 'carlos.hernandez670@outlook.com', '5533378632', '2024-01-24', '2024-01-25', 4500, 'facturada', NOW());
INSERT INTO reservation_services (reservation_id, service_id, quantity, unit_price, added_at, service_date) VALUES (1712, 1005, 2, 500, '2024-01-24 10:00:00', '2024-01-24');
INSERT INTO invoices (invoice_code, reservation_id, total, method, invoice_date, created_at) VALUES ('I-3CB0BBBA', 1712, 5500, 'efectivo', '2024-01-25', NOW());
INSERT INTO reservations (reservation_id, reservation_code, client_id, room_id, guest_name, guest_email, guest_phone, checkin_date, checkout_date, total, status, created_at) VALUES (1713, 'R-E07B3ED5', 1192, 1021, 'Isabel Hernandez', 'isabel.hernandez1377@yahoo.com', '5573202732', '2025-03-26', '2025-03-27', 4500, 'facturada', NOW());
INSERT INTO reservation_services (reservation_id, service_id, quantity, unit_price, added_at, service_date) VALUES (1713, 1000, 2, 800, '2025-03-26 10:00:00', '2025-03-26');
INSERT INTO reservation_services (reservation_id, service_id, quantity, unit_price, added_at, service_date) VALUES (1713, 1001, 3, 600, '2025-03-26 10:00:00', '2025-03-26');
INSERT INTO reservation_services (reservation_id, service_id, quantity, unit_price, added_at, service_date) VALUES (1713, 1001, 2, 600, '2025-03-26 10:00:00', '2025-03-26');
INSERT INTO invoices (invoice_code, reservation_id, total, method, invoice_date, created_at) VALUES ('I-99B71C6A', 1713, 9100, 'tarjeta', '2025-03-27', NOW());
INSERT INTO reservations (reservation_id, reservation_code, client_id, room_id, guest_name, guest_email, guest_phone, checkin_date, checkout_date, total, status, created_at) VALUES (1714, 'R-3A438570', 1183, 1000, 'Elena Gonzalez', 'elena.gonzalez9149@gmail.com', '5578421165', '2025-03-28', '2025-04-03', 27000, 'cancelada', NOW());
INSERT INTO reservations (reservation_id, reservation_code, client_id, room_id, guest_name, guest_email, guest_phone, checkin_date, checkout_date, total, status, created_at) VALUES (1715, 'R-693AC4D9', 1125, 1044, 'Fernando Torres', 'fernando.torres9376@yahoo.com', '5514675959', '2024-07-07', '2024-07-09', 2400, 'facturada', NOW());
INSERT INTO invoices (invoice_code, reservation_id, total, method, invoice_date, created_at) VALUES ('I-68D057A8', 1715, 2400, 'tarjeta', '2024-07-09', NOW());
INSERT INTO reservations (reservation_id, reservation_code, client_id, room_id, guest_name, guest_email, guest_phone, checkin_date, checkout_date, total, status, created_at) VALUES (1716, 'R-352EDBF9', 1140, 1034, 'Marta Torres', 'marta.torres7710@outlook.com', '5517247249', '2025-03-28', '2025-04-02', 11000, 'facturada', NOW());
INSERT INTO reservation_services (reservation_id, service_id, quantity, unit_price, added_at, service_date) VALUES (1716, 1000, 3, 800, '2025-04-01 10:00:00', '2025-04-01');
INSERT INTO reservation_services (reservation_id, service_id, quantity, unit_price, added_at, service_date) VALUES (1716, 1005, 3, 500, '2025-03-30 10:00:00', '2025-03-30');
INSERT INTO reservation_services (reservation_id, service_id, quantity, unit_price, added_at, service_date) VALUES (1716, 1003, 1, 1500, '2025-03-28 10:00:00', '2025-03-28');
INSERT INTO reservation_services (reservation_id, service_id, quantity, unit_price, added_at, service_date) VALUES (1716, 1000, 3, 800, '2025-03-29 10:00:00', '2025-03-29');
INSERT INTO invoices (invoice_code, reservation_id, total, method, invoice_date, created_at) VALUES ('I-F20B11A0', 1716, 18800, 'efectivo', '2025-04-02', NOW());
INSERT INTO reservations (reservation_id, reservation_code, client_id, room_id, guest_name, guest_email, guest_phone, checkin_date, checkout_date, total, status, created_at) VALUES (1717, 'R-5C7C40E0', 1091, 1010, 'Laura Gomez', 'laura.gomez8942@hotmail.com', '5531015066', '2024-02-13', '2024-02-20', 8400, 'facturada', NOW());
INSERT INTO reservation_services (reservation_id, service_id, quantity, unit_price, added_at, service_date) VALUES (1717, 1003, 2, 1500, '2024-02-13 10:00:00', '2024-02-13');
INSERT INTO reservation_services (reservation_id, service_id, quantity, unit_price, added_at, service_date) VALUES (1717, 1002, 2, 250, '2024-02-15 10:00:00', '2024-02-15');
INSERT INTO reservation_services (reservation_id, service_id, quantity, unit_price, added_at, service_date) VALUES (1717, 1006, 3, 150, '2024-02-13 10:00:00', '2024-02-13');
INSERT INTO reservation_services (reservation_id, service_id, quantity, unit_price, added_at, service_date) VALUES (1717, 1000, 2, 800, '2024-02-19 10:00:00', '2024-02-19');
INSERT INTO reservation_services (reservation_id, service_id, quantity, unit_price, added_at, service_date) VALUES (1717, 1006, 2, 150, '2024-02-13 10:00:00', '2024-02-13');
INSERT INTO invoices (invoice_code, reservation_id, total, method, invoice_date, created_at) VALUES ('I-75EFF1F5', 1717, 14250, 'transferencia', '2024-02-20', NOW());
INSERT INTO reservations (reservation_id, reservation_code, client_id, room_id, guest_name, guest_email, guest_phone, checkin_date, checkout_date, total, status, created_at) VALUES (1718, 'R-241DE8DA', 1034, 1010, 'Miguel Martinez', 'carlos.hernandez670@outlook.com', '5543266930', '2024-07-05', '2024-07-10', 6000, 'facturada', NOW());
INSERT INTO reservation_services (reservation_id, service_id, quantity, unit_price, added_at, service_date) VALUES (1718, 1001, 2, 600, '2024-07-08 10:00:00', '2024-07-08');
INSERT INTO invoices (invoice_code, reservation_id, total, method, invoice_date, created_at) VALUES ('I-8357ACF5', 1718, 7200, 'efectivo', '2024-07-10', NOW());
INSERT INTO reservations (reservation_id, reservation_code, client_id, room_id, guest_name, guest_email, guest_phone, checkin_date, checkout_date, total, status, created_at) VALUES (1719, 'R-0E617F33', 1088, 1028, 'Carmen Flores', 'carmen.flores9112@hotmail.com', '5595271037', '2025-01-15', '2025-01-17', 2400, 'checkout', NOW());
INSERT INTO reservations (reservation_id, reservation_code, client_id, room_id, guest_name, guest_email, guest_phone, checkin_date, checkout_date, total, status, created_at) VALUES (1720, 'R-61616F1B', 1000, 1037, 'Maria Rodriguez', 'maria.rodriguez5126@yahoo.com', '5555012598', '2024-01-23', '2024-01-25', 4400, 'facturada', NOW());
INSERT INTO invoices (invoice_code, reservation_id, total, method, invoice_date, created_at) VALUES ('I-FFD63B6F', 1720, 4400, 'efectivo', '2024-01-25', NOW());
INSERT INTO reservations (reservation_id, reservation_code, client_id, room_id, guest_name, guest_email, guest_phone, checkin_date, checkout_date, total, status, created_at) VALUES (1721, 'R-61AF0CC9', 1153, 1043, 'Fernando Hernandez', 'fernando.hernandez3798@hotmail.com', '5530308214', '2025-04-16', '2025-04-17', 4500, 'facturada', NOW());
INSERT INTO reservation_services (reservation_id, service_id, quantity, unit_price, added_at, service_date) VALUES (1721, 1001, 1, 600, '2025-04-16 10:00:00', '2025-04-16');
INSERT INTO reservation_services (reservation_id, service_id, quantity, unit_price, added_at, service_date) VALUES (1721, 1003, 2, 1500, '2025-04-16 10:00:00', '2025-04-16');
INSERT INTO invoices (invoice_code, reservation_id, total, method, invoice_date, created_at) VALUES ('I-8D99475F', 1721, 8100, 'efectivo', '2025-04-17', NOW());
INSERT INTO reservations (reservation_id, reservation_code, client_id, room_id, guest_name, guest_email, guest_phone, checkin_date, checkout_date, total, status, created_at) VALUES (1722, 'R-3D697522', 1187, 1023, 'David Ramirez', 'david.ramirez9015@gmail.com', '5532328316', '2025-02-22', '2025-02-26', 18000, 'facturada', NOW());
INSERT INTO reservation_services (reservation_id, service_id, quantity, unit_price, added_at, service_date) VALUES (1722, 1003, 1, 1500, '2025-02-23 10:00:00', '2025-02-23');
INSERT INTO reservation_services (reservation_id, service_id, quantity, unit_price, added_at, service_date) VALUES (1722, 1000, 3, 800, '2025-02-23 10:00:00', '2025-02-23');
INSERT INTO reservation_services (reservation_id, service_id, quantity, unit_price, added_at, service_date) VALUES (1722, 1000, 2, 800, '2025-02-25 10:00:00', '2025-02-25');
INSERT INTO reservation_services (reservation_id, service_id, quantity, unit_price, added_at, service_date) VALUES (1722, 1005, 3, 500, '2025-02-24 10:00:00', '2025-02-24');
INSERT INTO invoices (invoice_code, reservation_id, total, method, invoice_date, created_at) VALUES ('I-0FA972E5', 1722, 25000, 'efectivo', '2025-02-26', NOW());
INSERT INTO reservations (reservation_id, reservation_code, client_id, room_id, guest_name, guest_email, guest_phone, checkin_date, checkout_date, total, status, created_at) VALUES (1723, 'R-556DCB4C', 1155, 1014, 'Carlos Reyes', 'carlos.reyes8837@outlook.com', '5580572870', '2024-10-07', '2024-10-14', 15400, 'checkout', NOW());
INSERT INTO reservation_services (reservation_id, service_id, quantity, unit_price, added_at, service_date) VALUES (1723, 1006, 3, 150, '2024-10-07 10:00:00', '2024-10-07');
INSERT INTO reservation_services (reservation_id, service_id, quantity, unit_price, added_at, service_date) VALUES (1723, 1005, 1, 500, '2024-10-10 10:00:00', '2024-10-10');
INSERT INTO reservation_services (reservation_id, service_id, quantity, unit_price, added_at, service_date) VALUES (1723, 1001, 3, 600, '2024-10-08 10:00:00', '2024-10-08');
INSERT INTO reservation_services (reservation_id, service_id, quantity, unit_price, added_at, service_date) VALUES (1723, 1005, 3, 500, '2024-10-09 10:00:00', '2024-10-09');
INSERT INTO reservation_services (reservation_id, service_id, quantity, unit_price, added_at, service_date) VALUES (1723, 1002, 1, 250, '2024-10-11 10:00:00', '2024-10-11');
INSERT INTO reservations (reservation_id, reservation_code, client_id, room_id, guest_name, guest_email, guest_phone, checkin_date, checkout_date, total, status, created_at) VALUES (1724, 'R-61A6A477', 1194, 1003, 'Roberto Hernandez', 'roberto.hernandez3860@gmail.com', '5562243853', '2024-10-08', '2024-10-11', 6600, 'facturada', NOW());
INSERT INTO reservation_services (reservation_id, service_id, quantity, unit_price, added_at, service_date) VALUES (1724, 1006, 2, 150, '2024-10-08 10:00:00', '2024-10-08');
INSERT INTO reservation_services (reservation_id, service_id, quantity, unit_price, added_at, service_date) VALUES (1724, 1000, 3, 800, '2024-10-08 10:00:00', '2024-10-08');
INSERT INTO reservation_services (reservation_id, service_id, quantity, unit_price, added_at, service_date) VALUES (1724, 1001, 2, 600, '2024-10-10 10:00:00', '2024-10-10');
INSERT INTO reservation_services (reservation_id, service_id, quantity, unit_price, added_at, service_date) VALUES (1724, 1006, 1, 150, '2024-10-08 10:00:00', '2024-10-08');
INSERT INTO invoices (invoice_code, reservation_id, total, method, invoice_date, created_at) VALUES ('I-F3496F5A', 1724, 10650, 'tarjeta', '2024-10-11', NOW());
INSERT INTO reservations (reservation_id, reservation_code, client_id, room_id, guest_name, guest_email, guest_phone, checkin_date, checkout_date, total, status, created_at) VALUES (1725, 'R-7685154C', 1021, 1047, 'Paula Sanchez', 'paula.sanchez6826@yahoo.com', '5566545269', '2024-10-07', '2024-10-09', 4400, 'facturada', NOW());
INSERT INTO reservation_services (reservation_id, service_id, quantity, unit_price, added_at, service_date) VALUES (1725, 1002, 3, 250, '2024-10-08 10:00:00', '2024-10-08');
INSERT INTO reservation_services (reservation_id, service_id, quantity, unit_price, added_at, service_date) VALUES (1725, 1002, 1, 250, '2024-10-07 10:00:00', '2024-10-07');
INSERT INTO reservation_services (reservation_id, service_id, quantity, unit_price, added_at, service_date) VALUES (1725, 1005, 1, 500, '2024-10-08 10:00:00', '2024-10-08');
INSERT INTO invoices (invoice_code, reservation_id, total, method, invoice_date, created_at) VALUES ('I-933D0217', 1725, 5900, 'transferencia', '2024-10-09', NOW());
INSERT INTO reservations (reservation_id, reservation_code, client_id, room_id, guest_name, guest_email, guest_phone, checkin_date, checkout_date, total, status, created_at) VALUES (1726, 'R-E8E75920', 1049, 1011, 'Roberto Gonzalez', 'roberto.gonzalez9093@yahoo.com', '5582918471', '2024-04-02', '2024-04-03', 1200, 'facturada', NOW());
INSERT INTO reservation_services (reservation_id, service_id, quantity, unit_price, added_at, service_date) VALUES (1726, 1005, 3, 500, '2024-04-02 10:00:00', '2024-04-02');
INSERT INTO invoices (invoice_code, reservation_id, total, method, invoice_date, created_at) VALUES ('I-756C45C5', 1726, 2700, 'tarjeta', '2024-04-03', NOW());
INSERT INTO reservations (reservation_id, reservation_code, client_id, room_id, guest_name, guest_email, guest_phone, checkin_date, checkout_date, total, status, created_at) VALUES (1727, 'R-80C503E7', 1169, 1009, 'Juan Gomez', 'juan.gomez7189@yahoo.com', '5543142432', '2024-09-24', '2024-09-25', 1200, 'facturada', NOW());
INSERT INTO reservation_services (reservation_id, service_id, quantity, unit_price, added_at, service_date) VALUES (1727, 1000, 3, 800, '2024-09-24 10:00:00', '2024-09-24');
INSERT INTO reservation_services (reservation_id, service_id, quantity, unit_price, added_at, service_date) VALUES (1727, 1003, 2, 1500, '2024-09-24 10:00:00', '2024-09-24');
INSERT INTO reservation_services (reservation_id, service_id, quantity, unit_price, added_at, service_date) VALUES (1727, 1002, 2, 250, '2024-09-24 10:00:00', '2024-09-24');
INSERT INTO invoices (invoice_code, reservation_id, total, method, invoice_date, created_at) VALUES ('I-AFEABDD0', 1727, 7100, 'tarjeta', '2024-09-25', NOW());
INSERT INTO reservations (reservation_id, reservation_code, client_id, room_id, guest_name, guest_email, guest_phone, checkin_date, checkout_date, total, status, created_at) VALUES (1728, 'R-380D6B2B', 1077, 1009, 'Carlos Sanchez', 'carlos.sanchez7023@gmail.com', '5523182644', '2024-05-30', '2024-05-31', 1200, 'facturada', NOW());
INSERT INTO reservation_services (reservation_id, service_id, quantity, unit_price, added_at, service_date) VALUES (1728, 1000, 3, 800, '2024-05-30 10:00:00', '2024-05-30');
INSERT INTO reservation_services (reservation_id, service_id, quantity, unit_price, added_at, service_date) VALUES (1728, 1005, 2, 500, '2024-05-30 10:00:00', '2024-05-30');
INSERT INTO reservation_services (reservation_id, service_id, quantity, unit_price, added_at, service_date) VALUES (1728, 1002, 2, 250, '2024-05-30 10:00:00', '2024-05-30');
INSERT INTO invoices (invoice_code, reservation_id, total, method, invoice_date, created_at) VALUES ('I-636B8871', 1728, 5100, 'transferencia', '2024-05-31', NOW());
INSERT INTO reservations (reservation_id, reservation_code, client_id, room_id, guest_name, guest_email, guest_phone, checkin_date, checkout_date, total, status, created_at) VALUES (1729, 'R-BAB5F17D', 1176, 1033, 'Fernando Torres', 'fernando.torres4450@outlook.com', '5594774730', '2025-02-24', '2025-03-03', 31500, 'checkout', NOW());
INSERT INTO reservation_services (reservation_id, service_id, quantity, unit_price, added_at, service_date) VALUES (1729, 1002, 2, 250, '2025-03-01 10:00:00', '2025-03-01');
INSERT INTO reservation_services (reservation_id, service_id, quantity, unit_price, added_at, service_date) VALUES (1729, 1006, 3, 150, '2025-02-28 10:00:00', '2025-02-28');
INSERT INTO reservation_services (reservation_id, service_id, quantity, unit_price, added_at, service_date) VALUES (1729, 1004, 2, 400, '2025-02-26 10:00:00', '2025-02-26');
INSERT INTO reservation_services (reservation_id, service_id, quantity, unit_price, added_at, service_date) VALUES (1729, 1000, 1, 800, '2025-02-27 10:00:00', '2025-02-27');
INSERT INTO reservation_services (reservation_id, service_id, quantity, unit_price, added_at, service_date) VALUES (1729, 1002, 1, 250, '2025-03-02 10:00:00', '2025-03-02');
INSERT INTO reservations (reservation_id, reservation_code, client_id, room_id, guest_name, guest_email, guest_phone, checkin_date, checkout_date, total, status, created_at) VALUES (1730, 'R-6FF70F9E', 1015, 1046, 'Jorge Gonzalez', 'jorge.gonzalez1124@hotmail.com', '5537524081', '2024-12-05', '2024-12-10', 11000, 'checkout', NOW());
INSERT INTO reservation_services (reservation_id, service_id, quantity, unit_price, added_at, service_date) VALUES (1730, 1005, 3, 500, '2024-12-06 10:00:00', '2024-12-06');
INSERT INTO reservation_services (reservation_id, service_id, quantity, unit_price, added_at, service_date) VALUES (1730, 1005, 1, 500, '2024-12-09 10:00:00', '2024-12-09');
INSERT INTO reservation_services (reservation_id, service_id, quantity, unit_price, added_at, service_date) VALUES (1730, 1002, 3, 250, '2024-12-08 10:00:00', '2024-12-08');
INSERT INTO reservations (reservation_id, reservation_code, client_id, room_id, guest_name, guest_email, guest_phone, checkin_date, checkout_date, total, status, created_at) VALUES (1731, 'R-7D241F57', 1157, 1021, 'Isabel Perez', 'isabel.perez6330@hotmail.com', '5533007494', '2024-05-14', '2024-05-21', 31500, 'facturada', NOW());
INSERT INTO invoices (invoice_code, reservation_id, total, method, invoice_date, created_at) VALUES ('I-7D7E1073', 1731, 31500, 'tarjeta', '2024-05-21', NOW());
INSERT INTO reservations (reservation_id, reservation_code, client_id, room_id, guest_name, guest_email, guest_phone, checkin_date, checkout_date, total, status, created_at) VALUES (1732, 'R-9DB210D3', 1196, 1005, 'Marta Ramirez', 'marta.ramirez7427@yahoo.com', '5537192103', '2024-11-10', '2024-11-13', 3600, 'facturada', NOW());
INSERT INTO reservation_services (reservation_id, service_id, quantity, unit_price, added_at, service_date) VALUES (1732, 1006, 1, 150, '2024-11-11 10:00:00', '2024-11-11');
INSERT INTO reservation_services (reservation_id, service_id, quantity, unit_price, added_at, service_date) VALUES (1732, 1006, 2, 150, '2024-11-12 10:00:00', '2024-11-12');
INSERT INTO reservation_services (reservation_id, service_id, quantity, unit_price, added_at, service_date) VALUES (1732, 1005, 3, 500, '2024-11-10 10:00:00', '2024-11-10');
INSERT INTO reservation_services (reservation_id, service_id, quantity, unit_price, added_at, service_date) VALUES (1732, 1005, 2, 500, '2024-11-11 10:00:00', '2024-11-11');
INSERT INTO reservation_services (reservation_id, service_id, quantity, unit_price, added_at, service_date) VALUES (1732, 1004, 2, 400, '2024-11-11 10:00:00', '2024-11-11');
INSERT INTO invoices (invoice_code, reservation_id, total, method, invoice_date, created_at) VALUES ('I-9447FDBE', 1732, 7350, 'efectivo', '2024-11-13', NOW());
INSERT INTO reservations (reservation_id, reservation_code, client_id, room_id, guest_name, guest_email, guest_phone, checkin_date, checkout_date, total, status, created_at) VALUES (1733, 'R-E710310F', 1068, 1006, 'Paula Rodriguez', 'paula.rodriguez2379@hotmail.com', '5580381421', '2025-03-17', '2025-03-24', 8400, 'facturada', NOW());
INSERT INTO reservation_services (reservation_id, service_id, quantity, unit_price, added_at, service_date) VALUES (1733, 1002, 1, 250, '2025-03-22 10:00:00', '2025-03-22');
INSERT INTO reservation_services (reservation_id, service_id, quantity, unit_price, added_at, service_date) VALUES (1733, 1003, 2, 1500, '2025-03-22 10:00:00', '2025-03-22');
INSERT INTO reservation_services (reservation_id, service_id, quantity, unit_price, added_at, service_date) VALUES (1733, 1003, 1, 1500, '2025-03-18 10:00:00', '2025-03-18');
INSERT INTO invoices (invoice_code, reservation_id, total, method, invoice_date, created_at) VALUES ('I-D1FE4711', 1733, 13150, 'tarjeta', '2025-03-24', NOW());
INSERT INTO reservations (reservation_id, reservation_code, client_id, room_id, guest_name, guest_email, guest_phone, checkin_date, checkout_date, total, status, created_at) VALUES (1734, 'R-A4C3696A', 1185, 1035, 'Laura Gonzalez', 'laura.gonzalez5066@hotel.com', '5550372847', '2024-12-07', '2024-12-09', 2400, 'facturada', NOW());
INSERT INTO reservation_services (reservation_id, service_id, quantity, unit_price, added_at, service_date) VALUES (1734, 1002, 2, 250, '2024-12-08 10:00:00', '2024-12-08');
INSERT INTO invoices (invoice_code, reservation_id, total, method, invoice_date, created_at) VALUES ('I-52279AF7', 1734, 2900, 'tarjeta', '2024-12-09', NOW());
INSERT INTO reservations (reservation_id, reservation_code, client_id, room_id, guest_name, guest_email, guest_phone, checkin_date, checkout_date, total, status, created_at) VALUES (1735, 'R-3CB4FBF4', 1169, 1012, 'Juan Gomez', 'juan.gomez7189@yahoo.com', '5566775329', '2024-10-05', '2024-10-06', 1200, 'facturada', NOW());
INSERT INTO reservation_services (reservation_id, service_id, quantity, unit_price, added_at, service_date) VALUES (1735, 1004, 3, 400, '2024-10-05 10:00:00', '2024-10-05');
INSERT INTO reservation_services (reservation_id, service_id, quantity, unit_price, added_at, service_date) VALUES (1735, 1006, 3, 150, '2024-10-05 10:00:00', '2024-10-05');
INSERT INTO reservation_services (reservation_id, service_id, quantity, unit_price, added_at, service_date) VALUES (1735, 1005, 3, 500, '2024-10-05 10:00:00', '2024-10-05');
INSERT INTO invoices (invoice_code, reservation_id, total, method, invoice_date, created_at) VALUES ('I-27F41B5F', 1735, 4350, 'transferencia', '2024-10-06', NOW());
INSERT INTO reservations (reservation_id, reservation_code, client_id, room_id, guest_name, guest_email, guest_phone, checkin_date, checkout_date, total, status, created_at) VALUES (1736, 'R-A5EE65CD', 1135, 1037, 'Pedro Gomez', 'pedro.gomez4465@gmail.com', '5531022636', '2025-05-01', '2025-05-07', 13200, 'facturada', NOW());
INSERT INTO reservation_services (reservation_id, service_id, quantity, unit_price, added_at, service_date) VALUES (1736, 1004, 1, 400, '2025-05-06 10:00:00', '2025-05-06');
INSERT INTO reservation_services (reservation_id, service_id, quantity, unit_price, added_at, service_date) VALUES (1736, 1004, 3, 400, '2025-05-01 10:00:00', '2025-05-01');
INSERT INTO reservation_services (reservation_id, service_id, quantity, unit_price, added_at, service_date) VALUES (1736, 1002, 3, 250, '2025-05-05 10:00:00', '2025-05-05');
INSERT INTO reservation_services (reservation_id, service_id, quantity, unit_price, added_at, service_date) VALUES (1736, 1005, 3, 500, '2025-05-03 10:00:00', '2025-05-03');
INSERT INTO invoices (invoice_code, reservation_id, total, method, invoice_date, created_at) VALUES ('I-44674064', 1736, 17050, 'transferencia', '2025-05-07', NOW());
INSERT INTO reservations (reservation_id, reservation_code, client_id, room_id, guest_name, guest_email, guest_phone, checkin_date, checkout_date, total, status, created_at) VALUES (1737, 'R-C7E8D802', 1076, 1030, 'Maria Torres', 'maria.torres6521@hotel.com', '5576168156', '2024-01-06', '2024-01-10', 18000, 'checkout', NOW());
INSERT INTO reservation_services (reservation_id, service_id, quantity, unit_price, added_at, service_date) VALUES (1737, 1005, 3, 500, '2024-01-06 10:00:00', '2024-01-06');
INSERT INTO reservations (reservation_id, reservation_code, client_id, room_id, guest_name, guest_email, guest_phone, checkin_date, checkout_date, total, status, created_at) VALUES (1738, 'R-3FD2E664', 1195, 1009, 'Maria Martinez', 'maria.martinez9198@hotmail.com', '5523602704', '2024-01-03', '2024-01-04', 1200, 'checkout', NOW());
INSERT INTO reservation_services (reservation_id, service_id, quantity, unit_price, added_at, service_date) VALUES (1738, 1005, 3, 500, '2024-01-03 10:00:00', '2024-01-03');
INSERT INTO reservation_services (reservation_id, service_id, quantity, unit_price, added_at, service_date) VALUES (1738, 1000, 2, 800, '2024-01-03 10:00:00', '2024-01-03');
INSERT INTO reservation_services (reservation_id, service_id, quantity, unit_price, added_at, service_date) VALUES (1738, 1000, 2, 800, '2024-01-03 10:00:00', '2024-01-03');
INSERT INTO reservation_services (reservation_id, service_id, quantity, unit_price, added_at, service_date) VALUES (1738, 1002, 2, 250, '2024-01-03 10:00:00', '2024-01-03');
INSERT INTO reservation_services (reservation_id, service_id, quantity, unit_price, added_at, service_date) VALUES (1738, 1001, 1, 600, '2024-01-03 10:00:00', '2024-01-03');
INSERT INTO reservations (reservation_id, reservation_code, client_id, room_id, guest_name, guest_email, guest_phone, checkin_date, checkout_date, total, status, created_at) VALUES (1739, 'R-1BF92FB5', 1049, 1008, 'Roberto Gonzalez', 'roberto.gonzalez9093@yahoo.com', '5532657458', '2024-03-04', '2024-03-10', 7200, 'facturada', NOW());
INSERT INTO reservation_services (reservation_id, service_id, quantity, unit_price, added_at, service_date) VALUES (1739, 1005, 2, 500, '2024-03-08 10:00:00', '2024-03-08');
INSERT INTO reservation_services (reservation_id, service_id, quantity, unit_price, added_at, service_date) VALUES (1739, 1005, 1, 500, '2024-03-05 10:00:00', '2024-03-05');
INSERT INTO reservation_services (reservation_id, service_id, quantity, unit_price, added_at, service_date) VALUES (1739, 1006, 3, 150, '2024-03-04 10:00:00', '2024-03-04');
INSERT INTO reservation_services (reservation_id, service_id, quantity, unit_price, added_at, service_date) VALUES (1739, 1006, 1, 150, '2024-03-06 10:00:00', '2024-03-06');
INSERT INTO reservation_services (reservation_id, service_id, quantity, unit_price, added_at, service_date) VALUES (1739, 1000, 3, 800, '2024-03-06 10:00:00', '2024-03-06');
INSERT INTO invoices (invoice_code, reservation_id, total, method, invoice_date, created_at) VALUES ('I-0B7A1D6F', 1739, 11700, 'transferencia', '2024-03-10', NOW());
INSERT INTO reservations (reservation_id, reservation_code, client_id, room_id, guest_name, guest_email, guest_phone, checkin_date, checkout_date, total, status, created_at) VALUES (1740, 'R-C381DF42', 1029, 1007, 'Elena Hernandez', 'elena.hernandez1358@outlook.com', '5540033458', '2024-09-05', '2024-09-12', 15400, 'facturada', NOW());
INSERT INTO reservation_services (reservation_id, service_id, quantity, unit_price, added_at, service_date) VALUES (1740, 1002, 3, 250, '2024-09-09 10:00:00', '2024-09-09');
INSERT INTO reservation_services (reservation_id, service_id, quantity, unit_price, added_at, service_date) VALUES (1740, 1001, 3, 600, '2024-09-08 10:00:00', '2024-09-08');
INSERT INTO reservation_services (reservation_id, service_id, quantity, unit_price, added_at, service_date) VALUES (1740, 1005, 1, 500, '2024-09-11 10:00:00', '2024-09-11');
INSERT INTO reservation_services (reservation_id, service_id, quantity, unit_price, added_at, service_date) VALUES (1740, 1003, 2, 1500, '2024-09-06 10:00:00', '2024-09-06');
INSERT INTO reservation_services (reservation_id, service_id, quantity, unit_price, added_at, service_date) VALUES (1740, 1001, 3, 600, '2024-09-07 10:00:00', '2024-09-07');
INSERT INTO invoices (invoice_code, reservation_id, total, method, invoice_date, created_at) VALUES ('I-14DAE5A6', 1740, 23250, 'transferencia', '2024-09-12', NOW());
INSERT INTO reservations (reservation_id, reservation_code, client_id, room_id, guest_name, guest_email, guest_phone, checkin_date, checkout_date, total, status, created_at) VALUES (1741, 'R-1A581230', 1179, 1017, 'Fernando Hernandez', 'fernando.hernandez7325@outlook.com', '5530984033', '2024-08-27', '2024-08-31', 18000, 'facturada', NOW());
INSERT INTO invoices (invoice_code, reservation_id, total, method, invoice_date, created_at) VALUES ('I-3B589C9E', 1741, 18000, 'transferencia', '2024-08-31', NOW());
INSERT INTO reservations (reservation_id, reservation_code, client_id, room_id, guest_name, guest_email, guest_phone, checkin_date, checkout_date, total, status, created_at) VALUES (1742, 'R-E06475D8', 1114, 1004, 'Carmen Diaz', 'carmen.diaz8999@hotel.com', '5555977387', '2024-06-23', '2024-06-30', 15400, 'facturada', NOW());
INSERT INTO invoices (invoice_code, reservation_id, total, method, invoice_date, created_at) VALUES ('I-F848E49E', 1742, 15400, 'tarjeta', '2024-06-30', NOW());
INSERT INTO reservations (reservation_id, reservation_code, client_id, room_id, guest_name, guest_email, guest_phone, checkin_date, checkout_date, total, status, created_at) VALUES (1743, 'R-C2EAFC30', 1115, 1040, 'David Hernandez', 'david.hernandez6292@yahoo.com', '5592990048', '2025-04-01', '2025-04-08', 8400, 'facturada', NOW());
INSERT INTO reservation_services (reservation_id, service_id, quantity, unit_price, added_at, service_date) VALUES (1743, 1003, 3, 1500, '2025-04-01 10:00:00', '2025-04-01');
INSERT INTO reservation_services (reservation_id, service_id, quantity, unit_price, added_at, service_date) VALUES (1743, 1006, 2, 150, '2025-04-05 10:00:00', '2025-04-05');
INSERT INTO reservation_services (reservation_id, service_id, quantity, unit_price, added_at, service_date) VALUES (1743, 1000, 2, 800, '2025-04-02 10:00:00', '2025-04-02');
INSERT INTO reservation_services (reservation_id, service_id, quantity, unit_price, added_at, service_date) VALUES (1743, 1004, 2, 400, '2025-04-07 10:00:00', '2025-04-07');
INSERT INTO reservation_services (reservation_id, service_id, quantity, unit_price, added_at, service_date) VALUES (1743, 1001, 3, 600, '2025-04-04 10:00:00', '2025-04-04');
INSERT INTO invoices (invoice_code, reservation_id, total, method, invoice_date, created_at) VALUES ('I-4264B4C6', 1743, 17400, 'efectivo', '2025-04-08', NOW());
INSERT INTO reservations (reservation_id, reservation_code, client_id, room_id, guest_name, guest_email, guest_phone, checkin_date, checkout_date, total, status, created_at) VALUES (1744, 'R-5EE594C1', 1067, 1045, 'Paula Reyes', 'paula.reyes2356@yahoo.com', '5514594622', '2024-09-15', '2024-09-18', 13500, 'facturada', NOW());
INSERT INTO reservation_services (reservation_id, service_id, quantity, unit_price, added_at, service_date) VALUES (1744, 1003, 3, 1500, '2024-09-17 10:00:00', '2024-09-17');
INSERT INTO invoices (invoice_code, reservation_id, total, method, invoice_date, created_at) VALUES ('I-A0374BD8', 1744, 18000, 'transferencia', '2024-09-18', NOW());
INSERT INTO reservations (reservation_id, reservation_code, client_id, room_id, guest_name, guest_email, guest_phone, checkin_date, checkout_date, total, status, created_at) VALUES (1745, 'R-2C37278D', 1178, 1028, 'Jose Gomez', 'jose.gomez1411@gmail.com', '5528011087', '2024-11-14', '2024-11-15', 1200, 'facturada', NOW());
INSERT INTO reservation_services (reservation_id, service_id, quantity, unit_price, added_at, service_date) VALUES (1745, 1004, 2, 400, '2024-11-14 10:00:00', '2024-11-14');
INSERT INTO reservation_services (reservation_id, service_id, quantity, unit_price, added_at, service_date) VALUES (1745, 1000, 1, 800, '2024-11-14 10:00:00', '2024-11-14');
INSERT INTO invoices (invoice_code, reservation_id, total, method, invoice_date, created_at) VALUES ('I-337B91FA', 1745, 2800, 'efectivo', '2024-11-15', NOW());
INSERT INTO reservations (reservation_id, reservation_code, client_id, room_id, guest_name, guest_email, guest_phone, checkin_date, checkout_date, total, status, created_at) VALUES (1746, 'R-2379D445', 1180, 1027, 'Pedro Reyes', 'pedro.reyes7695@outlook.com', '5524353110', '2024-12-31', '2025-01-06', 7200, 'facturada', NOW());
INSERT INTO reservation_services (reservation_id, service_id, quantity, unit_price, added_at, service_date) VALUES (1746, 1000, 3, 800, '2025-01-01 10:00:00', '2025-01-01');
INSERT INTO invoices (invoice_code, reservation_id, total, method, invoice_date, created_at) VALUES ('I-DCDE1E06', 1746, 9600, 'transferencia', '2025-01-06', NOW());
INSERT INTO reservations (reservation_id, reservation_code, client_id, room_id, guest_name, guest_email, guest_phone, checkin_date, checkout_date, total, status, created_at) VALUES (1747, 'R-A0290D3D', 1038, 1005, 'Maria Flores', 'maria.flores2879@yahoo.com', '5595549029', '2024-08-01', '2024-08-06', 6000, 'facturada', NOW());
INSERT INTO reservation_services (reservation_id, service_id, quantity, unit_price, added_at, service_date) VALUES (1747, 1005, 3, 500, '2024-08-01 10:00:00', '2024-08-01');
INSERT INTO reservation_services (reservation_id, service_id, quantity, unit_price, added_at, service_date) VALUES (1747, 1003, 1, 1500, '2024-08-01 10:00:00', '2024-08-01');
INSERT INTO reservation_services (reservation_id, service_id, quantity, unit_price, added_at, service_date) VALUES (1747, 1001, 3, 600, '2024-08-02 10:00:00', '2024-08-02');
INSERT INTO reservation_services (reservation_id, service_id, quantity, unit_price, added_at, service_date) VALUES (1747, 1003, 3, 1500, '2024-08-01 10:00:00', '2024-08-01');
INSERT INTO reservation_services (reservation_id, service_id, quantity, unit_price, added_at, service_date) VALUES (1747, 1003, 1, 1500, '2024-08-05 10:00:00', '2024-08-05');
INSERT INTO invoices (invoice_code, reservation_id, total, method, invoice_date, created_at) VALUES ('I-9CB62CCB', 1747, 16800, 'tarjeta', '2024-08-06', NOW());
INSERT INTO reservations (reservation_id, reservation_code, client_id, room_id, guest_name, guest_email, guest_phone, checkin_date, checkout_date, total, status, created_at) VALUES (1748, 'R-43A04505', 1028, 1026, 'Carmen Rodriguez', 'carmen.rodriguez5978@hotmail.com', '5515430637', '2025-03-26', '2025-03-31', 11000, 'facturada', NOW());
INSERT INTO reservation_services (reservation_id, service_id, quantity, unit_price, added_at, service_date) VALUES (1748, 1002, 2, 250, '2025-03-26 10:00:00', '2025-03-26');
INSERT INTO reservation_services (reservation_id, service_id, quantity, unit_price, added_at, service_date) VALUES (1748, 1002, 2, 250, '2025-03-29 10:00:00', '2025-03-29');
INSERT INTO invoices (invoice_code, reservation_id, total, method, invoice_date, created_at) VALUES ('I-0499AE07', 1748, 12000, 'transferencia', '2025-03-31', NOW());
INSERT INTO reservations (reservation_id, reservation_code, client_id, room_id, guest_name, guest_email, guest_phone, checkin_date, checkout_date, total, status, created_at) VALUES (1749, 'R-46E7D3CF', 1172, 1009, 'Elena Lopez', 'elena.lopez6074@gmail.com', '5546866543', '2024-12-28', '2025-01-01', 4800, 'facturada', NOW());
INSERT INTO invoices (invoice_code, reservation_id, total, method, invoice_date, created_at) VALUES ('I-98567A82', 1749, 4800, 'efectivo', '2025-01-01', NOW());
INSERT INTO reservations (reservation_id, reservation_code, client_id, room_id, guest_name, guest_email, guest_phone, checkin_date, checkout_date, total, status, created_at) VALUES (1750, 'R-F9ADC2DC', 1035, 1003, 'Ana Rivera', 'ana.rivera4886@hotmail.com', '5536525854', '2024-06-09', '2024-06-14', 11000, 'facturada', NOW());
INSERT INTO reservation_services (reservation_id, service_id, quantity, unit_price, added_at, service_date) VALUES (1750, 1002, 3, 250, '2024-06-09 10:00:00', '2024-06-09');
INSERT INTO reservation_services (reservation_id, service_id, quantity, unit_price, added_at, service_date) VALUES (1750, 1006, 3, 150, '2024-06-11 10:00:00', '2024-06-11');
INSERT INTO reservation_services (reservation_id, service_id, quantity, unit_price, added_at, service_date) VALUES (1750, 1000, 2, 800, '2024-06-12 10:00:00', '2024-06-12');
INSERT INTO reservation_services (reservation_id, service_id, quantity, unit_price, added_at, service_date) VALUES (1750, 1002, 2, 250, '2024-06-11 10:00:00', '2024-06-11');
INSERT INTO invoices (invoice_code, reservation_id, total, method, invoice_date, created_at) VALUES ('I-8C9E3F51', 1750, 14300, 'tarjeta', '2024-06-14', NOW());
INSERT INTO reservations (reservation_id, reservation_code, client_id, room_id, guest_name, guest_email, guest_phone, checkin_date, checkout_date, total, status, created_at) VALUES (1751, 'R-554E0C88', 1084, 1043, 'Juan Garcia', 'juan.garcia6947@gmail.com', '5579991235', '2024-06-23', '2024-06-24', 4500, 'cancelada', NOW());
INSERT INTO reservations (reservation_id, reservation_code, client_id, room_id, guest_name, guest_email, guest_phone, checkin_date, checkout_date, total, status, created_at) VALUES (1752, 'R-2DB099E6', 1195, 1019, 'Maria Martinez', 'maria.martinez9198@hotmail.com', '5525662504', '2025-05-14', '2025-05-20', 13200, 'facturada', NOW());
INSERT INTO invoices (invoice_code, reservation_id, total, method, invoice_date, created_at) VALUES ('I-0BB5D1FC', 1752, 13200, 'efectivo', '2025-05-20', NOW());
INSERT INTO reservations (reservation_id, reservation_code, client_id, room_id, guest_name, guest_email, guest_phone, checkin_date, checkout_date, total, status, created_at) VALUES (1753, 'R-3524E549', 1107, 1046, 'Maria Gomez', 'maria.gomez7977@outlook.com', '5589222368', '2024-01-12', '2024-01-15', 6600, 'facturada', NOW());
INSERT INTO invoices (invoice_code, reservation_id, total, method, invoice_date, created_at) VALUES ('I-21049D33', 1753, 6600, 'efectivo', '2024-01-15', NOW());
INSERT INTO reservations (reservation_id, reservation_code, client_id, room_id, guest_name, guest_email, guest_phone, checkin_date, checkout_date, total, status, created_at) VALUES (1754, 'R-9923B262', 1119, 1036, 'Lucia Hernandez', 'lucia.hernandez1432@gmail.com', '5513167509', '2024-05-24', '2024-05-26', 9000, 'checkout', NOW());
INSERT INTO reservation_services (reservation_id, service_id, quantity, unit_price, added_at, service_date) VALUES (1754, 1004, 3, 400, '2024-05-25 10:00:00', '2024-05-25');
INSERT INTO reservation_services (reservation_id, service_id, quantity, unit_price, added_at, service_date) VALUES (1754, 1003, 2, 1500, '2024-05-25 10:00:00', '2024-05-25');
INSERT INTO reservations (reservation_id, reservation_code, client_id, room_id, guest_name, guest_email, guest_phone, checkin_date, checkout_date, total, status, created_at) VALUES (1755, 'R-400E5CCA', 1162, 1024, 'Roberto Rivera', 'roberto.rivera1638@gmail.com', '5539520327', '2024-03-25', '2024-03-30', 11000, 'facturada', NOW());
INSERT INTO reservation_services (reservation_id, service_id, quantity, unit_price, added_at, service_date) VALUES (1755, 1004, 2, 400, '2024-03-26 10:00:00', '2024-03-26');
INSERT INTO reservation_services (reservation_id, service_id, quantity, unit_price, added_at, service_date) VALUES (1755, 1003, 3, 1500, '2024-03-27 10:00:00', '2024-03-27');
INSERT INTO invoices (invoice_code, reservation_id, total, method, invoice_date, created_at) VALUES ('I-6E51F3C8', 1755, 16300, 'tarjeta', '2024-03-30', NOW());
INSERT INTO reservations (reservation_id, reservation_code, client_id, room_id, guest_name, guest_email, guest_phone, checkin_date, checkout_date, total, status, created_at) VALUES (1756, 'R-FD5917D5', 1178, 1047, 'Jose Gomez', 'jose.gomez1411@gmail.com', '5593940682', '2024-06-23', '2024-06-29', 13200, 'facturada', NOW());
INSERT INTO reservation_services (reservation_id, service_id, quantity, unit_price, added_at, service_date) VALUES (1756, 1002, 2, 250, '2024-06-25 10:00:00', '2024-06-25');
INSERT INTO invoices (invoice_code, reservation_id, total, method, invoice_date, created_at) VALUES ('I-1D66DAB2', 1756, 13700, 'tarjeta', '2024-06-29', NOW());
INSERT INTO reservations (reservation_id, reservation_code, client_id, room_id, guest_name, guest_email, guest_phone, checkin_date, checkout_date, total, status, created_at) VALUES (1757, 'R-846D629F', 1075, 1047, 'Ana Lopez', 'ana.lopez1903@outlook.com', '5577688854', '2025-05-16', '2025-05-21', 11000, 'cancelada', NOW());
INSERT INTO reservations (reservation_id, reservation_code, client_id, room_id, guest_name, guest_email, guest_phone, checkin_date, checkout_date, total, status, created_at) VALUES (1758, 'R-D4AF2F0C', 1074, 1048, 'Pedro Rivera', 'pedro.rivera4165@yahoo.com', '5551707927', '2024-04-18', '2024-04-24', 7200, 'facturada', NOW());
INSERT INTO reservation_services (reservation_id, service_id, quantity, unit_price, added_at, service_date) VALUES (1758, 1001, 1, 600, '2024-04-22 10:00:00', '2024-04-22');
INSERT INTO invoices (invoice_code, reservation_id, total, method, invoice_date, created_at) VALUES ('I-693BD4D8', 1758, 7800, 'transferencia', '2024-04-24', NOW());
INSERT INTO reservations (reservation_id, reservation_code, client_id, room_id, guest_name, guest_email, guest_phone, checkin_date, checkout_date, total, status, created_at) VALUES (1759, 'R-C4C34DE5', 1179, 1045, 'Fernando Hernandez', 'fernando.hernandez7325@outlook.com', '5564722230', '2024-08-29', '2024-09-01', 13500, 'facturada', NOW());
INSERT INTO reservation_services (reservation_id, service_id, quantity, unit_price, added_at, service_date) VALUES (1759, 1005, 3, 500, '2024-08-30 10:00:00', '2024-08-30');
INSERT INTO reservation_services (reservation_id, service_id, quantity, unit_price, added_at, service_date) VALUES (1759, 1003, 3, 1500, '2024-08-29 10:00:00', '2024-08-29');
INSERT INTO reservation_services (reservation_id, service_id, quantity, unit_price, added_at, service_date) VALUES (1759, 1000, 1, 800, '2024-08-30 10:00:00', '2024-08-30');
INSERT INTO invoices (invoice_code, reservation_id, total, method, invoice_date, created_at) VALUES ('I-8109CFC3', 1759, 20300, 'efectivo', '2024-09-01', NOW());
INSERT INTO reservations (reservation_id, reservation_code, client_id, room_id, guest_name, guest_email, guest_phone, checkin_date, checkout_date, total, status, created_at) VALUES (1760, 'R-C5F87EC8', 1179, 1035, 'Fernando Hernandez', 'fernando.hernandez7325@outlook.com', '5580782172', '2024-08-06', '2024-08-09', 3600, 'checkout', NOW());
INSERT INTO reservation_services (reservation_id, service_id, quantity, unit_price, added_at, service_date) VALUES (1760, 1004, 1, 400, '2024-08-07 10:00:00', '2024-08-07');
INSERT INTO reservations (reservation_id, reservation_code, client_id, room_id, guest_name, guest_email, guest_phone, checkin_date, checkout_date, total, status, created_at) VALUES (1761, 'R-5FB3E9AB', 1172, 1008, 'Elena Lopez', 'elena.lopez6074@gmail.com', '5539350045', '2025-01-21', '2025-01-22', 1200, 'facturada', NOW());
INSERT INTO reservation_services (reservation_id, service_id, quantity, unit_price, added_at, service_date) VALUES (1761, 1003, 3, 1500, '2025-01-21 10:00:00', '2025-01-21');
INSERT INTO invoices (invoice_code, reservation_id, total, method, invoice_date, created_at) VALUES ('I-F5A8234D', 1761, 5700, 'tarjeta', '2025-01-22', NOW());
INSERT INTO reservations (reservation_id, reservation_code, client_id, room_id, guest_name, guest_email, guest_phone, checkin_date, checkout_date, total, status, created_at) VALUES (1762, 'R-294520E8', 1042, 1028, 'Fernando Diaz', 'juan.gomez35@gmail.com', '5519438844', '2024-01-03', '2024-01-09', 7200, 'facturada', NOW());
INSERT INTO reservation_services (reservation_id, service_id, quantity, unit_price, added_at, service_date) VALUES (1762, 1003, 1, 1500, '2024-01-07 10:00:00', '2024-01-07');
INSERT INTO reservation_services (reservation_id, service_id, quantity, unit_price, added_at, service_date) VALUES (1762, 1005, 1, 500, '2024-01-07 10:00:00', '2024-01-07');
INSERT INTO reservation_services (reservation_id, service_id, quantity, unit_price, added_at, service_date) VALUES (1762, 1000, 2, 800, '2024-01-08 10:00:00', '2024-01-08');
INSERT INTO reservation_services (reservation_id, service_id, quantity, unit_price, added_at, service_date) VALUES (1762, 1003, 1, 1500, '2024-01-05 10:00:00', '2024-01-05');
INSERT INTO invoices (invoice_code, reservation_id, total, method, invoice_date, created_at) VALUES ('I-7F7DA223', 1762, 12300, 'efectivo', '2024-01-09', NOW());
INSERT INTO reservations (reservation_id, reservation_code, client_id, room_id, guest_name, guest_email, guest_phone, checkin_date, checkout_date, total, status, created_at) VALUES (1763, 'R-FCC2F722', 1090, 1049, 'Sofia Hernandez', 'sofia.hernandez2447@hotel.com', '5563687153', '2025-03-31', '2025-04-04', 18000, 'facturada', NOW());
INSERT INTO reservation_services (reservation_id, service_id, quantity, unit_price, added_at, service_date) VALUES (1763, 1002, 1, 250, '2025-03-31 10:00:00', '2025-03-31');
INSERT INTO reservation_services (reservation_id, service_id, quantity, unit_price, added_at, service_date) VALUES (1763, 1004, 1, 400, '2025-04-03 10:00:00', '2025-04-03');
INSERT INTO reservation_services (reservation_id, service_id, quantity, unit_price, added_at, service_date) VALUES (1763, 1006, 3, 150, '2025-04-01 10:00:00', '2025-04-01');
INSERT INTO invoices (invoice_code, reservation_id, total, method, invoice_date, created_at) VALUES ('I-33A7877D', 1763, 19100, 'transferencia', '2025-04-04', NOW());
INSERT INTO reservations (reservation_id, reservation_code, client_id, room_id, guest_name, guest_email, guest_phone, checkin_date, checkout_date, total, status, created_at) VALUES (1764, 'R-1EEA7478', 1141, 1019, 'Ana Flores', 'ana.flores5032@outlook.com', '5551781426', '2025-04-02', '2025-04-09', 15400, 'facturada', NOW());
INSERT INTO reservation_services (reservation_id, service_id, quantity, unit_price, added_at, service_date) VALUES (1764, 1001, 3, 600, '2025-04-02 10:00:00', '2025-04-02');
INSERT INTO reservation_services (reservation_id, service_id, quantity, unit_price, added_at, service_date) VALUES (1764, 1005, 3, 500, '2025-04-04 10:00:00', '2025-04-04');
INSERT INTO reservation_services (reservation_id, service_id, quantity, unit_price, added_at, service_date) VALUES (1764, 1004, 2, 400, '2025-04-07 10:00:00', '2025-04-07');
INSERT INTO reservation_services (reservation_id, service_id, quantity, unit_price, added_at, service_date) VALUES (1764, 1000, 2, 800, '2025-04-02 10:00:00', '2025-04-02');
INSERT INTO reservation_services (reservation_id, service_id, quantity, unit_price, added_at, service_date) VALUES (1764, 1004, 2, 400, '2025-04-04 10:00:00', '2025-04-04');
INSERT INTO invoices (invoice_code, reservation_id, total, method, invoice_date, created_at) VALUES ('I-2DD9B780', 1764, 21900, 'efectivo', '2025-04-09', NOW());
INSERT INTO reservations (reservation_id, reservation_code, client_id, room_id, guest_name, guest_email, guest_phone, checkin_date, checkout_date, total, status, created_at) VALUES (1765, 'R-ED39C138', 1046, 1023, 'Miguel Garcia', 'miguel.garcia7471@hotel.com', '5511076289', '2025-03-20', '2025-03-27', 31500, 'facturada', NOW());
INSERT INTO reservation_services (reservation_id, service_id, quantity, unit_price, added_at, service_date) VALUES (1765, 1006, 2, 150, '2025-03-24 10:00:00', '2025-03-24');
INSERT INTO invoices (invoice_code, reservation_id, total, method, invoice_date, created_at) VALUES ('I-D15E3CAE', 1765, 31800, 'tarjeta', '2025-03-27', NOW());
INSERT INTO reservations (reservation_id, reservation_code, client_id, room_id, guest_name, guest_email, guest_phone, checkin_date, checkout_date, total, status, created_at) VALUES (1766, 'R-F3C5E977', 1158, 1009, 'Carlos Sanchez', 'carlos.sanchez8061@yahoo.com', '5518322338', '2024-09-01', '2024-09-02', 1200, 'facturada', NOW());
INSERT INTO invoices (invoice_code, reservation_id, total, method, invoice_date, created_at) VALUES ('I-AF57549F', 1766, 1200, 'transferencia', '2024-09-02', NOW());
INSERT INTO reservations (reservation_id, reservation_code, client_id, room_id, guest_name, guest_email, guest_phone, checkin_date, checkout_date, total, status, created_at) VALUES (1767, 'R-3EC78165', 1080, 1015, 'Lucia Hernandez', 'lucia.hernandez9843@yahoo.com', '5517045612', '2024-05-01', '2024-05-04', 13500, 'checkout', NOW());
INSERT INTO reservation_services (reservation_id, service_id, quantity, unit_price, added_at, service_date) VALUES (1767, 1001, 2, 600, '2024-05-01 10:00:00', '2024-05-01');
INSERT INTO reservation_services (reservation_id, service_id, quantity, unit_price, added_at, service_date) VALUES (1767, 1004, 3, 400, '2024-05-03 10:00:00', '2024-05-03');
INSERT INTO reservation_services (reservation_id, service_id, quantity, unit_price, added_at, service_date) VALUES (1767, 1005, 1, 500, '2024-05-03 10:00:00', '2024-05-03');
INSERT INTO reservation_services (reservation_id, service_id, quantity, unit_price, added_at, service_date) VALUES (1767, 1006, 3, 150, '2024-05-01 10:00:00', '2024-05-01');
INSERT INTO reservations (reservation_id, reservation_code, client_id, room_id, guest_name, guest_email, guest_phone, checkin_date, checkout_date, total, status, created_at) VALUES (1768, 'R-A7EADFA2', 1188, 1041, 'Elena Diaz', 'elena.diaz3033@yahoo.com', '5585317253', '2024-02-21', '2024-02-26', 11000, 'checkout', NOW());
INSERT INTO reservation_services (reservation_id, service_id, quantity, unit_price, added_at, service_date) VALUES (1768, 1000, 2, 800, '2024-02-24 10:00:00', '2024-02-24');
INSERT INTO reservation_services (reservation_id, service_id, quantity, unit_price, added_at, service_date) VALUES (1768, 1002, 2, 250, '2024-02-25 10:00:00', '2024-02-25');
INSERT INTO reservation_services (reservation_id, service_id, quantity, unit_price, added_at, service_date) VALUES (1768, 1003, 2, 1500, '2024-02-24 10:00:00', '2024-02-24');
INSERT INTO reservation_services (reservation_id, service_id, quantity, unit_price, added_at, service_date) VALUES (1768, 1003, 3, 1500, '2024-02-25 10:00:00', '2024-02-25');
INSERT INTO reservations (reservation_id, reservation_code, client_id, room_id, guest_name, guest_email, guest_phone, checkin_date, checkout_date, total, status, created_at) VALUES (1769, 'R-70CE49FB', 1091, 1012, 'Laura Gomez', 'laura.gomez8942@hotmail.com', '5530583838', '2024-07-06', '2024-07-09', 3600, 'facturada', NOW());
INSERT INTO reservation_services (reservation_id, service_id, quantity, unit_price, added_at, service_date) VALUES (1769, 1002, 3, 250, '2024-07-07 10:00:00', '2024-07-07');
INSERT INTO invoices (invoice_code, reservation_id, total, method, invoice_date, created_at) VALUES ('I-3FE4BE4C', 1769, 4350, 'tarjeta', '2024-07-09', NOW());
INSERT INTO reservations (reservation_id, reservation_code, client_id, room_id, guest_name, guest_email, guest_phone, checkin_date, checkout_date, total, status, created_at) VALUES (1770, 'R-8F46C4EF', 1112, 1023, 'Maria Perez', 'maria.perez3002@hotmail.com', '5567684308', '2024-01-07', '2024-01-13', 27000, 'checkout', NOW());
INSERT INTO reservation_services (reservation_id, service_id, quantity, unit_price, added_at, service_date) VALUES (1770, 1001, 2, 600, '2024-01-10 10:00:00', '2024-01-10');
INSERT INTO reservation_services (reservation_id, service_id, quantity, unit_price, added_at, service_date) VALUES (1770, 1005, 1, 500, '2024-01-07 10:00:00', '2024-01-07');
INSERT INTO reservations (reservation_id, reservation_code, client_id, room_id, guest_name, guest_email, guest_phone, checkin_date, checkout_date, total, status, created_at) VALUES (1771, 'R-4F60700F', 1132, 1011, 'Roberto Perez', 'roberto.perez3153@gmail.com', '5576689282', '2025-03-19', '2025-03-26', 8400, 'facturada', NOW());
INSERT INTO reservation_services (reservation_id, service_id, quantity, unit_price, added_at, service_date) VALUES (1771, 1002, 3, 250, '2025-03-21 10:00:00', '2025-03-21');
INSERT INTO reservation_services (reservation_id, service_id, quantity, unit_price, added_at, service_date) VALUES (1771, 1002, 3, 250, '2025-03-20 10:00:00', '2025-03-20');
INSERT INTO invoices (invoice_code, reservation_id, total, method, invoice_date, created_at) VALUES ('I-7703BEF0', 1771, 9900, 'efectivo', '2025-03-26', NOW());
INSERT INTO reservations (reservation_id, reservation_code, client_id, room_id, guest_name, guest_email, guest_phone, checkin_date, checkout_date, total, status, created_at) VALUES (1772, 'R-62F568E2', 1177, 1031, 'Fernando Lopez', 'fernando.lopez8026@outlook.com', '5555544083', '2024-04-11', '2024-04-13', 9000, 'facturada', NOW());
INSERT INTO reservation_services (reservation_id, service_id, quantity, unit_price, added_at, service_date) VALUES (1772, 1004, 1, 400, '2024-04-12 10:00:00', '2024-04-12');
INSERT INTO reservation_services (reservation_id, service_id, quantity, unit_price, added_at, service_date) VALUES (1772, 1003, 1, 1500, '2024-04-11 10:00:00', '2024-04-11');
INSERT INTO reservation_services (reservation_id, service_id, quantity, unit_price, added_at, service_date) VALUES (1772, 1004, 2, 400, '2024-04-11 10:00:00', '2024-04-11');
INSERT INTO invoices (invoice_code, reservation_id, total, method, invoice_date, created_at) VALUES ('I-3B88F6A4', 1772, 11700, 'transferencia', '2024-04-13', NOW());
INSERT INTO reservations (reservation_id, reservation_code, client_id, room_id, guest_name, guest_email, guest_phone, checkin_date, checkout_date, total, status, created_at) VALUES (1773, 'R-48512429', 1043, 1017, 'Maria Martinez', 'maria.martinez8237@hotel.com', '5553312949', '2025-05-16', '2025-05-17', 4500, 'facturada', NOW());
INSERT INTO reservation_services (reservation_id, service_id, quantity, unit_price, added_at, service_date) VALUES (1773, 1004, 1, 400, '2025-05-16 10:00:00', '2025-05-16');
INSERT INTO reservation_services (reservation_id, service_id, quantity, unit_price, added_at, service_date) VALUES (1773, 1003, 3, 1500, '2025-05-16 10:00:00', '2025-05-16');
INSERT INTO invoices (invoice_code, reservation_id, total, method, invoice_date, created_at) VALUES ('I-7FFEAA1F', 1773, 9400, 'tarjeta', '2025-05-17', NOW());
INSERT INTO reservations (reservation_id, reservation_code, client_id, room_id, guest_name, guest_email, guest_phone, checkin_date, checkout_date, total, status, created_at) VALUES (1774, 'R-9A9DBF9C', 1096, 1001, 'Juan Martinez', 'juan.martinez4362@gmail.com', '5585479332', '2024-05-16', '2024-05-19', 13500, 'facturada', NOW());
INSERT INTO reservation_services (reservation_id, service_id, quantity, unit_price, added_at, service_date) VALUES (1774, 1003, 1, 1500, '2024-05-16 10:00:00', '2024-05-16');
INSERT INTO reservation_services (reservation_id, service_id, quantity, unit_price, added_at, service_date) VALUES (1774, 1004, 3, 400, '2024-05-16 10:00:00', '2024-05-16');
INSERT INTO reservation_services (reservation_id, service_id, quantity, unit_price, added_at, service_date) VALUES (1774, 1004, 3, 400, '2024-05-18 10:00:00', '2024-05-18');
INSERT INTO reservation_services (reservation_id, service_id, quantity, unit_price, added_at, service_date) VALUES (1774, 1001, 2, 600, '2024-05-16 10:00:00', '2024-05-16');
INSERT INTO reservation_services (reservation_id, service_id, quantity, unit_price, added_at, service_date) VALUES (1774, 1004, 1, 400, '2024-05-18 10:00:00', '2024-05-18');
INSERT INTO invoices (invoice_code, reservation_id, total, method, invoice_date, created_at) VALUES ('I-43D3B128', 1774, 19000, 'transferencia', '2024-05-19', NOW());
INSERT INTO reservations (reservation_id, reservation_code, client_id, room_id, guest_name, guest_email, guest_phone, checkin_date, checkout_date, total, status, created_at) VALUES (1775, 'R-1D38D80E', 1142, 1011, 'David Torres', 'david.torres2878@yahoo.com', '5535830705', '2024-12-13', '2024-12-15', 2400, 'facturada', NOW());
INSERT INTO reservation_services (reservation_id, service_id, quantity, unit_price, added_at, service_date) VALUES (1775, 1001, 1, 600, '2024-12-14 10:00:00', '2024-12-14');
INSERT INTO invoices (invoice_code, reservation_id, total, method, invoice_date, created_at) VALUES ('I-3C6EA247', 1775, 3000, 'tarjeta', '2024-12-15', NOW());
INSERT INTO reservations (reservation_id, reservation_code, client_id, room_id, guest_name, guest_email, guest_phone, checkin_date, checkout_date, total, status, created_at) VALUES (1776, 'R-69B85180', 1006, 1021, 'Lucia Rodriguez', 'lucia.rodriguez3808@gmail.com', '5522415989', '2025-01-02', '2025-01-04', 9000, 'facturada', NOW());
INSERT INTO reservation_services (reservation_id, service_id, quantity, unit_price, added_at, service_date) VALUES (1776, 1001, 1, 600, '2025-01-03 10:00:00', '2025-01-03');
INSERT INTO reservation_services (reservation_id, service_id, quantity, unit_price, added_at, service_date) VALUES (1776, 1005, 1, 500, '2025-01-03 10:00:00', '2025-01-03');
INSERT INTO reservation_services (reservation_id, service_id, quantity, unit_price, added_at, service_date) VALUES (1776, 1001, 3, 600, '2025-01-03 10:00:00', '2025-01-03');
INSERT INTO reservation_services (reservation_id, service_id, quantity, unit_price, added_at, service_date) VALUES (1776, 1003, 1, 1500, '2025-01-02 10:00:00', '2025-01-02');
INSERT INTO invoices (invoice_code, reservation_id, total, method, invoice_date, created_at) VALUES ('I-1A341B6E', 1776, 13400, 'transferencia', '2025-01-04', NOW());
INSERT INTO reservations (reservation_id, reservation_code, client_id, room_id, guest_name, guest_email, guest_phone, checkin_date, checkout_date, total, status, created_at) VALUES (1777, 'R-BED608A4', 1179, 1006, 'Fernando Hernandez', 'fernando.hernandez7325@outlook.com', '5547085426', '2024-02-05', '2024-02-08', 3600, 'facturada', NOW());
INSERT INTO reservation_services (reservation_id, service_id, quantity, unit_price, added_at, service_date) VALUES (1777, 1001, 1, 600, '2024-02-06 10:00:00', '2024-02-06');
INSERT INTO reservation_services (reservation_id, service_id, quantity, unit_price, added_at, service_date) VALUES (1777, 1003, 2, 1500, '2024-02-05 10:00:00', '2024-02-05');
INSERT INTO reservation_services (reservation_id, service_id, quantity, unit_price, added_at, service_date) VALUES (1777, 1005, 2, 500, '2024-02-06 10:00:00', '2024-02-06');
INSERT INTO reservation_services (reservation_id, service_id, quantity, unit_price, added_at, service_date) VALUES (1777, 1004, 2, 400, '2024-02-06 10:00:00', '2024-02-06');
INSERT INTO reservation_services (reservation_id, service_id, quantity, unit_price, added_at, service_date) VALUES (1777, 1003, 1, 1500, '2024-02-07 10:00:00', '2024-02-07');
INSERT INTO invoices (invoice_code, reservation_id, total, method, invoice_date, created_at) VALUES ('I-4EA87575', 1777, 10500, 'tarjeta', '2024-02-08', NOW());
INSERT INTO reservations (reservation_id, reservation_code, client_id, room_id, guest_name, guest_email, guest_phone, checkin_date, checkout_date, total, status, created_at) VALUES (1778, 'R-0D2E07A7', 1094, 1047, 'Jorge Gomez', 'jorge.gomez3465@gmail.com', '5517815657', '2024-11-07', '2024-11-10', 6600, 'facturada', NOW());
INSERT INTO invoices (invoice_code, reservation_id, total, method, invoice_date, created_at) VALUES ('I-9991E591', 1778, 6600, 'efectivo', '2024-11-10', NOW());
INSERT INTO reservations (reservation_id, reservation_code, client_id, room_id, guest_name, guest_email, guest_phone, checkin_date, checkout_date, total, status, created_at) VALUES (1779, 'R-70AFB5FA', 1013, 1033, 'Maria Martinez', 'maria.martinez8836@hotmail.com', '5525359623', '2025-03-18', '2025-03-22', 18000, 'facturada', NOW());
INSERT INTO invoices (invoice_code, reservation_id, total, method, invoice_date, created_at) VALUES ('I-C530C3DF', 1779, 18000, 'tarjeta', '2025-03-22', NOW());
INSERT INTO reservations (reservation_id, reservation_code, client_id, room_id, guest_name, guest_email, guest_phone, checkin_date, checkout_date, total, status, created_at) VALUES (1780, 'R-5B9C88A2', 1085, 1048, 'Lucia Rodriguez', 'lucia.rodriguez5755@outlook.com', '5550941190', '2024-02-10', '2024-02-13', 3600, 'facturada', NOW());
INSERT INTO reservation_services (reservation_id, service_id, quantity, unit_price, added_at, service_date) VALUES (1780, 1001, 2, 600, '2024-02-12 10:00:00', '2024-02-12');
INSERT INTO reservation_services (reservation_id, service_id, quantity, unit_price, added_at, service_date) VALUES (1780, 1005, 2, 500, '2024-02-10 10:00:00', '2024-02-10');
INSERT INTO reservation_services (reservation_id, service_id, quantity, unit_price, added_at, service_date) VALUES (1780, 1005, 2, 500, '2024-02-12 10:00:00', '2024-02-12');
INSERT INTO invoices (invoice_code, reservation_id, total, method, invoice_date, created_at) VALUES ('I-E90FB446', 1780, 6800, 'tarjeta', '2024-02-13', NOW());
INSERT INTO reservations (reservation_id, reservation_code, client_id, room_id, guest_name, guest_email, guest_phone, checkin_date, checkout_date, total, status, created_at) VALUES (1781, 'R-5731E28E', 1050, 1024, 'Laura Hernandez', 'laura.hernandez6444@hotmail.com', '5558649994', '2024-04-27', '2024-05-02', 11000, 'facturada', NOW());
INSERT INTO reservation_services (reservation_id, service_id, quantity, unit_price, added_at, service_date) VALUES (1781, 1001, 1, 600, '2024-04-28 10:00:00', '2024-04-28');
INSERT INTO reservation_services (reservation_id, service_id, quantity, unit_price, added_at, service_date) VALUES (1781, 1001, 3, 600, '2024-04-29 10:00:00', '2024-04-29');
INSERT INTO invoices (invoice_code, reservation_id, total, method, invoice_date, created_at) VALUES ('I-999C34DF', 1781, 13400, 'efectivo', '2024-05-02', NOW());
INSERT INTO reservations (reservation_id, reservation_code, client_id, room_id, guest_name, guest_email, guest_phone, checkin_date, checkout_date, total, status, created_at) VALUES (1782, 'R-055C4D3F', 1129, 1040, 'Pedro Ramirez', 'pedro.ramirez7258@gmail.com', '5535394295', '2024-11-28', '2024-12-02', 4800, 'checkout', NOW());
INSERT INTO reservations (reservation_id, reservation_code, client_id, room_id, guest_name, guest_email, guest_phone, checkin_date, checkout_date, total, status, created_at) VALUES (1783, 'R-4FB719C0', 1077, 1012, 'Carlos Sanchez', 'carlos.sanchez7023@gmail.com', '5557244777', '2024-11-18', '2024-11-25', 8400, 'facturada', NOW());
INSERT INTO reservation_services (reservation_id, service_id, quantity, unit_price, added_at, service_date) VALUES (1783, 1004, 1, 400, '2024-11-24 10:00:00', '2024-11-24');
INSERT INTO reservation_services (reservation_id, service_id, quantity, unit_price, added_at, service_date) VALUES (1783, 1002, 1, 250, '2024-11-21 10:00:00', '2024-11-21');
INSERT INTO invoices (invoice_code, reservation_id, total, method, invoice_date, created_at) VALUES ('I-EF742068', 1783, 9050, 'efectivo', '2024-11-25', NOW());
INSERT INTO reservations (reservation_id, reservation_code, client_id, room_id, guest_name, guest_email, guest_phone, checkin_date, checkout_date, total, status, created_at) VALUES (1784, 'R-3B0C09CA', 1186, 1045, 'Paula Rodriguez', 'paula.rodriguez7053@gmail.com', '5544372376', '2024-06-26', '2024-06-29', 13500, 'facturada', NOW());
INSERT INTO reservation_services (reservation_id, service_id, quantity, unit_price, added_at, service_date) VALUES (1784, 1004, 3, 400, '2024-06-27 10:00:00', '2024-06-27');
INSERT INTO reservation_services (reservation_id, service_id, quantity, unit_price, added_at, service_date) VALUES (1784, 1004, 3, 400, '2024-06-26 10:00:00', '2024-06-26');
INSERT INTO reservation_services (reservation_id, service_id, quantity, unit_price, added_at, service_date) VALUES (1784, 1000, 1, 800, '2024-06-27 10:00:00', '2024-06-27');
INSERT INTO invoices (invoice_code, reservation_id, total, method, invoice_date, created_at) VALUES ('I-9B533E74', 1784, 16700, 'efectivo', '2024-06-29', NOW());
INSERT INTO reservations (reservation_id, reservation_code, client_id, room_id, guest_name, guest_email, guest_phone, checkin_date, checkout_date, total, status, created_at) VALUES (1785, 'R-8E775577', 1039, 1019, 'David Gonzalez', 'david.gonzalez6512@outlook.com', '5563623992', '2024-12-17', '2024-12-18', 2200, 'cancelada', NOW());
INSERT INTO reservations (reservation_id, reservation_code, client_id, room_id, guest_name, guest_email, guest_phone, checkin_date, checkout_date, total, status, created_at) VALUES (1786, 'R-F3178A99', 1176, 1008, 'Fernando Torres', 'fernando.torres4450@outlook.com', '5580393830', '2024-11-21', '2024-11-28', 8400, 'facturada', NOW());
INSERT INTO reservation_services (reservation_id, service_id, quantity, unit_price, added_at, service_date) VALUES (1786, 1000, 3, 800, '2024-11-22 10:00:00', '2024-11-22');
INSERT INTO reservation_services (reservation_id, service_id, quantity, unit_price, added_at, service_date) VALUES (1786, 1004, 2, 400, '2024-11-25 10:00:00', '2024-11-25');
INSERT INTO reservation_services (reservation_id, service_id, quantity, unit_price, added_at, service_date) VALUES (1786, 1005, 3, 500, '2024-11-23 10:00:00', '2024-11-23');
INSERT INTO reservation_services (reservation_id, service_id, quantity, unit_price, added_at, service_date) VALUES (1786, 1000, 1, 800, '2024-11-25 10:00:00', '2024-11-25');
INSERT INTO reservation_services (reservation_id, service_id, quantity, unit_price, added_at, service_date) VALUES (1786, 1005, 2, 500, '2024-11-23 10:00:00', '2024-11-23');
INSERT INTO invoices (invoice_code, reservation_id, total, method, invoice_date, created_at) VALUES ('I-A03C094D', 1786, 14900, 'tarjeta', '2024-11-28', NOW());
INSERT INTO reservations (reservation_id, reservation_code, client_id, room_id, guest_name, guest_email, guest_phone, checkin_date, checkout_date, total, status, created_at) VALUES (1787, 'R-FAEA0646', 1161, 1012, 'Carmen Flores', 'carmen.flores8781@hotel.com', '5571469538', '2025-04-17', '2025-04-19', 2400, 'cancelada', NOW());
INSERT INTO reservations (reservation_id, reservation_code, client_id, room_id, guest_name, guest_email, guest_phone, checkin_date, checkout_date, total, status, created_at) VALUES (1788, 'R-17FA5440', 1125, 1024, 'Fernando Torres', 'fernando.torres9376@yahoo.com', '5531985313', '2025-05-06', '2025-05-08', 4400, 'facturada', NOW());
INSERT INTO reservation_services (reservation_id, service_id, quantity, unit_price, added_at, service_date) VALUES (1788, 1004, 1, 400, '2025-05-06 10:00:00', '2025-05-06');
INSERT INTO reservation_services (reservation_id, service_id, quantity, unit_price, added_at, service_date) VALUES (1788, 1006, 1, 150, '2025-05-07 10:00:00', '2025-05-07');
INSERT INTO invoices (invoice_code, reservation_id, total, method, invoice_date, created_at) VALUES ('I-B4EB8D80', 1788, 4950, 'efectivo', '2025-05-08', NOW());
INSERT INTO reservations (reservation_id, reservation_code, client_id, room_id, guest_name, guest_email, guest_phone, checkin_date, checkout_date, total, status, created_at) VALUES (1789, 'R-1A1788FE', 1133, 1022, 'Juan Flores', 'juan.flores6586@hotel.com', '5589921681', '2025-04-01', '2025-04-06', 11000, 'checkout', NOW());
INSERT INTO reservation_services (reservation_id, service_id, quantity, unit_price, added_at, service_date) VALUES (1789, 1000, 3, 800, '2025-04-02 10:00:00', '2025-04-02');
INSERT INTO reservations (reservation_id, reservation_code, client_id, room_id, guest_name, guest_email, guest_phone, checkin_date, checkout_date, total, status, created_at) VALUES (1790, 'R-B8F76A8E', 1071, 1025, 'Luis Reyes', 'luis.reyes5944@hotmail.com', '5515080506', '2025-01-17', '2025-01-18', 1200, 'facturada', NOW());
INSERT INTO reservation_services (reservation_id, service_id, quantity, unit_price, added_at, service_date) VALUES (1790, 1006, 3, 150, '2025-01-17 10:00:00', '2025-01-17');
INSERT INTO reservation_services (reservation_id, service_id, quantity, unit_price, added_at, service_date) VALUES (1790, 1002, 2, 250, '2025-01-17 10:00:00', '2025-01-17');
INSERT INTO reservation_services (reservation_id, service_id, quantity, unit_price, added_at, service_date) VALUES (1790, 1002, 3, 250, '2025-01-17 10:00:00', '2025-01-17');
INSERT INTO reservation_services (reservation_id, service_id, quantity, unit_price, added_at, service_date) VALUES (1790, 1005, 3, 500, '2025-01-17 10:00:00', '2025-01-17');
INSERT INTO reservation_services (reservation_id, service_id, quantity, unit_price, added_at, service_date) VALUES (1790, 1006, 3, 150, '2025-01-17 10:00:00', '2025-01-17');
INSERT INTO invoices (invoice_code, reservation_id, total, method, invoice_date, created_at) VALUES ('I-4DCA99B8', 1790, 4850, 'tarjeta', '2025-01-18', NOW());
INSERT INTO reservations (reservation_id, reservation_code, client_id, room_id, guest_name, guest_email, guest_phone, checkin_date, checkout_date, total, status, created_at) VALUES (1791, 'R-ACC962E3', 1135, 1010, 'Pedro Gomez', 'pedro.gomez4465@gmail.com', '5537160880', '2025-05-10', '2025-05-12', 2400, 'facturada', NOW());
INSERT INTO invoices (invoice_code, reservation_id, total, method, invoice_date, created_at) VALUES ('I-B94E1FA6', 1791, 2400, 'tarjeta', '2025-05-12', NOW());
INSERT INTO reservations (reservation_id, reservation_code, client_id, room_id, guest_name, guest_email, guest_phone, checkin_date, checkout_date, total, status, created_at) VALUES (1792, 'R-D0E9CA27', 1135, 1016, 'Pedro Gomez', 'pedro.gomez4465@gmail.com', '5593024016', '2024-02-12', '2024-02-14', 4400, 'facturada', NOW());
INSERT INTO invoices (invoice_code, reservation_id, total, method, invoice_date, created_at) VALUES ('I-2F070001', 1792, 4400, 'efectivo', '2024-02-14', NOW());
INSERT INTO reservations (reservation_id, reservation_code, client_id, room_id, guest_name, guest_email, guest_phone, checkin_date, checkout_date, total, status, created_at) VALUES (1793, 'R-6588D404', 1073, 1020, 'Maria Gonzalez', 'maria.gonzalez2836@gmail.com', '5573725411', '2024-08-19', '2024-08-20', 4500, 'facturada', NOW());
INSERT INTO reservation_services (reservation_id, service_id, quantity, unit_price, added_at, service_date) VALUES (1793, 1002, 1, 250, '2024-08-19 10:00:00', '2024-08-19');
INSERT INTO reservation_services (reservation_id, service_id, quantity, unit_price, added_at, service_date) VALUES (1793, 1002, 1, 250, '2024-08-19 10:00:00', '2024-08-19');
INSERT INTO reservation_services (reservation_id, service_id, quantity, unit_price, added_at, service_date) VALUES (1793, 1004, 2, 400, '2024-08-19 10:00:00', '2024-08-19');
INSERT INTO reservation_services (reservation_id, service_id, quantity, unit_price, added_at, service_date) VALUES (1793, 1003, 1, 1500, '2024-08-19 10:00:00', '2024-08-19');
INSERT INTO invoices (invoice_code, reservation_id, total, method, invoice_date, created_at) VALUES ('I-0A1CF562', 1793, 7300, 'transferencia', '2024-08-20', NOW());
INSERT INTO reservations (reservation_id, reservation_code, client_id, room_id, guest_name, guest_email, guest_phone, checkin_date, checkout_date, total, status, created_at) VALUES (1794, 'R-0A528591', 1196, 1004, 'Marta Ramirez', 'marta.ramirez7427@yahoo.com', '5518046013', '2024-09-02', '2024-09-05', 6600, 'facturada', NOW());
INSERT INTO reservation_services (reservation_id, service_id, quantity, unit_price, added_at, service_date) VALUES (1794, 1001, 3, 600, '2024-09-02 10:00:00', '2024-09-02');
INSERT INTO reservation_services (reservation_id, service_id, quantity, unit_price, added_at, service_date) VALUES (1794, 1001, 1, 600, '2024-09-03 10:00:00', '2024-09-03');
INSERT INTO reservation_services (reservation_id, service_id, quantity, unit_price, added_at, service_date) VALUES (1794, 1005, 3, 500, '2024-09-02 10:00:00', '2024-09-02');
INSERT INTO reservation_services (reservation_id, service_id, quantity, unit_price, added_at, service_date) VALUES (1794, 1001, 1, 600, '2024-09-03 10:00:00', '2024-09-03');
INSERT INTO invoices (invoice_code, reservation_id, total, method, invoice_date, created_at) VALUES ('I-F1939870', 1794, 11100, 'tarjeta', '2024-09-05', NOW());
INSERT INTO reservations (reservation_id, reservation_code, client_id, room_id, guest_name, guest_email, guest_phone, checkin_date, checkout_date, total, status, created_at) VALUES (1795, 'R-1A395E71', 1004, 1003, 'Luis Sanchez', 'luis.sanchez8712@outlook.com', '5594144676', '2024-12-05', '2024-12-10', 11000, 'facturada', NOW());
INSERT INTO reservation_services (reservation_id, service_id, quantity, unit_price, added_at, service_date) VALUES (1795, 1005, 1, 500, '2024-12-08 10:00:00', '2024-12-08');
INSERT INTO reservation_services (reservation_id, service_id, quantity, unit_price, added_at, service_date) VALUES (1795, 1002, 2, 250, '2024-12-07 10:00:00', '2024-12-07');
INSERT INTO invoices (invoice_code, reservation_id, total, method, invoice_date, created_at) VALUES ('I-86068797', 1795, 12000, 'tarjeta', '2024-12-10', NOW());
INSERT INTO reservations (reservation_id, reservation_code, client_id, room_id, guest_name, guest_email, guest_phone, checkin_date, checkout_date, total, status, created_at) VALUES (1796, 'R-86449A34', 1087, 1026, 'Sofia Rodriguez', 'sofia.rodriguez6829@outlook.com', '5544322674', '2024-08-31', '2024-09-05', 11000, 'facturada', NOW());
INSERT INTO reservation_services (reservation_id, service_id, quantity, unit_price, added_at, service_date) VALUES (1796, 1004, 3, 400, '2024-08-31 10:00:00', '2024-08-31');
INSERT INTO invoices (invoice_code, reservation_id, total, method, invoice_date, created_at) VALUES ('I-82084CC0', 1796, 12200, 'efectivo', '2024-09-05', NOW());
INSERT INTO reservations (reservation_id, reservation_code, client_id, room_id, guest_name, guest_email, guest_phone, checkin_date, checkout_date, total, status, created_at) VALUES (1797, 'R-91BA8BC5', 1111, 1005, 'Pedro Sanchez', 'pedro.sanchez6500@gmail.com', '5563603715', '2024-03-02', '2024-03-04', 2400, 'checkout', NOW());
INSERT INTO reservation_services (reservation_id, service_id, quantity, unit_price, added_at, service_date) VALUES (1797, 1004, 3, 400, '2024-03-03 10:00:00', '2024-03-03');
INSERT INTO reservation_services (reservation_id, service_id, quantity, unit_price, added_at, service_date) VALUES (1797, 1006, 1, 150, '2024-03-02 10:00:00', '2024-03-02');
INSERT INTO reservation_services (reservation_id, service_id, quantity, unit_price, added_at, service_date) VALUES (1797, 1002, 1, 250, '2024-03-02 10:00:00', '2024-03-02');
INSERT INTO reservation_services (reservation_id, service_id, quantity, unit_price, added_at, service_date) VALUES (1797, 1000, 2, 800, '2024-03-03 10:00:00', '2024-03-03');
INSERT INTO reservation_services (reservation_id, service_id, quantity, unit_price, added_at, service_date) VALUES (1797, 1004, 3, 400, '2024-03-02 10:00:00', '2024-03-02');
INSERT INTO reservations (reservation_id, reservation_code, client_id, room_id, guest_name, guest_email, guest_phone, checkin_date, checkout_date, total, status, created_at) VALUES (1798, 'R-90D74427', 1162, 1044, 'Roberto Rivera', 'roberto.rivera1638@gmail.com', '5532066974', '2024-04-03', '2024-04-06', 3600, 'facturada', NOW());
INSERT INTO reservation_services (reservation_id, service_id, quantity, unit_price, added_at, service_date) VALUES (1798, 1001, 2, 600, '2024-04-05 10:00:00', '2024-04-05');
INSERT INTO reservation_services (reservation_id, service_id, quantity, unit_price, added_at, service_date) VALUES (1798, 1002, 1, 250, '2024-04-04 10:00:00', '2024-04-04');
INSERT INTO reservation_services (reservation_id, service_id, quantity, unit_price, added_at, service_date) VALUES (1798, 1005, 3, 500, '2024-04-05 10:00:00', '2024-04-05');
INSERT INTO invoices (invoice_code, reservation_id, total, method, invoice_date, created_at) VALUES ('I-6BDE42AE', 1798, 6550, 'efectivo', '2024-04-06', NOW());
INSERT INTO reservations (reservation_id, reservation_code, client_id, room_id, guest_name, guest_email, guest_phone, checkin_date, checkout_date, total, status, created_at) VALUES (1799, 'R-3FFC446C', 1039, 1009, 'David Gonzalez', 'david.gonzalez6512@outlook.com', '5561042616', '2025-05-11', '2025-05-17', 7200, 'facturada', NOW());
INSERT INTO reservation_services (reservation_id, service_id, quantity, unit_price, added_at, service_date) VALUES (1799, 1003, 2, 1500, '2025-05-13 10:00:00', '2025-05-13');
INSERT INTO invoices (invoice_code, reservation_id, total, method, invoice_date, created_at) VALUES ('I-7F6CC241', 1799, 10200, 'transferencia', '2025-05-17', NOW());
SET FOREIGN_KEY_CHECKS = 1;